160 2	580	0	-11234883200.20513 0.18217 0.16775 0.15793 0.18229 0.16243 0.16464 0.15737 0.20223 0.20513 0.15636 0.14009 0.14643 0.20513 0.15931 0.13312 0.14078 0.19838 0.20513 0.15631 0.13916 0.14205 0.18655 0.12035 0.11048 0.11903 0.20200 0.20513 0.14790 0.13361 0.14589 0.20513 0.14059 0.12522 0.14164 0.20513 0.00000 0.00000 0.00000 0.00000 0.00000 0.00000 0.00000 0.00000 0.00000 0.00000 0.00000 0.00000 0.00000 0.00000 0.00000 0.00000 0.00000 0.00000 0.00000 0.00000 0.00000 0.00000 
1	0	100.21829 0.21444 0.21106 0.17344 0.21829 0.15154 0.16810 0.18210 0.19264 0.21829 0.21829 0.21829 0.21829 0.21829 0.18159 0.20020 0.20926 0.21829 0.07250 0.06334 0.06804 0.09231 0.21829 0.10293 0.07673 0.07000 0.06685 0.12108 0.09807 0.09312 0.10520 0.18449 0.16522 0.16308 0.12886 0.11486 0.00000 0.00000 0.00000 0.00000 0.00000 0.00000 0.00000 0.00000 0.00000 0.00000 0.00000 0.00000 0.00000 0.00000 0.00000 0.00000 0.00000 0.00000 0.00000 0.00000 0.00000 0.00000 
2	0	100.09959 0.10049 0.11621 0.16322 0.23444 0.16674 0.11707 0.09115 0.09600 0.21527 0.21582 0.22291 0.24136 0.24136 0.24136 0.24136 0.21887 0.21160 0.05156 0.05741 0.06725 0.08872 0.16723 0.08312 0.05601 0.04343 0.04623 0.12970 0.12998 0.13026 0.20399 0.24136 0.24136 0.20501 0.16027 0.13497 0.00000 0.00000 0.00000 0.00000 0.00000 0.00000 0.00000 0.00000 0.00000 0.00000 0.00000 0.00000 0.00000 0.00000 0.00000 0.00000 0.00000 0.00000 0.00000 0.00000 0.00000 0.00000 
3	0	100.09067 0.09810 0.13962 0.23624 0.23624 0.23624 0.13807 0.10269 0.09916 0.12307 0.12493 0.16091 0.20827 0.23624 0.23624 0.19437 0.14818 0.14633 0.08626 0.08229 0.12808 0.21537 0.23624 0.20796 0.11486 0.08493 0.08757 0.11580 0.11072 0.14087 0.17924 0.23624 0.23166 0.18385 0.13736 0.12935 0.00000 0.00000 0.00000 0.00000 0.00000 0.00000 0.00000 0.00000 0.00000 0.00000 0.00000 0.00000 0.00000 0.00000 0.00000 0.00000 0.00000 0.00000 0.00000 0.00000 0.00000 0.00000 
4	0	100.19758 0.17635 0.16587 0.17552 0.21330 0.21330 0.21330 0.21330 0.21330 0.09849 0.10740 0.11484 0.12349 0.17587 0.16896 0.13843 0.11632 0.10647 0.17738 0.15588 0.16176 0.17204 0.21330 0.21330 0.18530 0.17897 0.19837 0.10622 0.11524 0.12995 0.14284 0.19424 0.18185 0.14403 0.12091 0.11179 0.00000 0.00000 0.00000 0.00000 0.00000 0.00000 0.00000 0.00000 0.00000 0.00000 0.00000 0.00000 0.00000 0.00000 0.00000 0.00000 0.00000 0.00000 0.00000 0.00000 0.00000 0.00000 
5	0	100.21167 0.21167 0.14499 0.10168 0.11951 0.12118 0.13737 0.14380 0.20230 0.20554 0.15830 0.13579 0.14709 0.19182 0.20978 0.21167 0.21167 0.21167 0.19025 0.14063 0.10818 0.09700 0.12852 0.12522 0.15250 0.17933 0.20564 0.16263 0.16370 0.14336 0.15644 0.17985 0.15047 0.15923 0.17234 0.17196 0.00000 0.00000 0.00000 0.00000 0.00000 0.00000 0.00000 0.00000 0.00000 0.00000 0.00000 0.00000 0.00000 0.00000 0.00000 0.00000 0.00000 0.00000 0.00000 0.00000 0.00000 0.00000 
6	0	100.14853 0.09557 0.10876 0.24113 0.25476 0.23632 0.10036 0.08985 0.13656 0.09498 0.07850 0.09894 0.20287 0.25476 0.17154 0.08456 0.07319 0.08651 0.25476 0.12357 0.13601 0.22664 0.25476 0.22559 0.12759 0.11948 0.23181 0.13800 0.09654 0.13114 0.19891 0.25476 0.16213 0.09559 0.08624 0.12363 0.00000 0.00000 0.00000 0.00000 0.00000 0.00000 0.00000 0.00000 0.00000 0.00000 0.00000 0.00000 0.00000 0.00000 0.00000 0.00000 0.00000 0.00000 0.00000 0.00000 0.00000 0.00000 
7	0	100.14674 0.11968 0.11533 0.13860 0.20525 0.16998 0.14755 0.13616 0.14629 0.18481 0.15502 0.16261 0.21409 0.22029 0.22029 0.19230 0.17356 0.17699 0.06396 0.06647 0.07388 0.09224 0.15960 0.11660 0.09107 0.06556 0.06275 0.19927 0.20030 0.21168 0.22029 0.22029 0.22029 0.22029 0.19119 0.19334 0.00000 0.00000 0.00000 0.00000 0.00000 0.00000 0.00000 0.00000 0.00000 0.00000 0.00000 0.00000 0.00000 0.00000 0.00000 0.00000 0.00000 0.00000 0.00000 0.00000 0.00000 0.00000 
8	0	100.08795 0.10387 0.14700 0.21360 0.22069 0.15245 0.12637 0.09749 0.08403 0.11124 0.12796 0.16720 0.22069 0.22069 0.17435 0.15846 0.12757 0.10829 0.13668 0.17530 0.22069 0.22069 0.22069 0.19419 0.16621 0.13101 0.12102 0.13660 0.15919 0.20481 0.22069 0.22069 0.18364 0.16000 0.13351 0.12950 0.00000 0.00000 0.00000 0.00000 0.00000 0.00000 0.00000 0.00000 0.00000 0.00000 0.00000 0.00000 0.00000 0.00000 0.00000 0.00000 0.00000 0.00000 0.00000 0.00000 0.00000 0.00000 
9	0	100.12035 0.11058 0.11754 0.15271 0.20779 0.16032 0.11786 0.11134 0.11916 0.18282 0.15644 0.16959 0.18835 0.20779 0.16616 0.15434 0.15521 0.16806 0.12497 0.11249 0.11846 0.16485 0.20779 0.16326 0.12770 0.12366 0.13267 0.20488 0.17087 0.19209 0.20779 0.20779 0.20779 0.20779 0.20779 0.20779 0.00000 0.00000 0.00000 0.00000 0.00000 0.00000 0.00000 0.00000 0.00000 0.00000 0.00000 0.00000 0.00000 0.00000 0.00000 0.00000 0.00000 0.00000 0.00000 0.00000 0.00000 0.00000 
10	0	100.16528 0.18103 0.19977 0.20998 0.20998 0.19505 0.14857 0.14886 0.16296 0.13249 0.11896 0.13744 0.18041 0.20800 0.12886 0.10868 0.11556 0.13236 0.17872 0.18369 0.20176 0.20998 0.20998 0.20019 0.15997 0.15474 0.16739 0.13998 0.12658 0.14410 0.18659 0.20998 0.13876 0.11855 0.12309 0.13873 0.00000 0.00000 0.00000 0.00000 0.00000 0.00000 0.00000 0.00000 0.00000 0.00000 0.00000 0.00000 0.00000 0.00000 0.00000 0.00000 0.00000 0.00000 0.00000 0.00000 0.00000 0.00000 
11	0	100.20586 0.20586 0.20586 0.19105 0.16942 0.15000 0.15813 0.17296 0.20586 0.12332 0.10220 0.08794 0.06454 0.07486 0.04876 0.05236 0.06733 0.10829 0.20586 0.20444 0.20586 0.18810 0.19321 0.20586 0.20586 0.19947 0.20586 0.20586 0.20586 0.19001 0.13999 0.14344 0.12655 0.12863 0.14697 0.19974 0.00000 0.00000 0.00000 0.00000 0.00000 0.00000 0.00000 0.00000 0.00000 0.00000 0.00000 0.00000 0.00000 0.00000 0.00000 0.00000 0.00000 0.00000 0.00000 0.00000 0.00000 0.00000 
12	0	100.16951 0.14355 0.13077 0.15653 0.20331 0.16120 0.15054 0.13178 0.16941 0.20092 0.15638 0.14452 0.16697 0.20559 0.16322 0.14556 0.15089 0.19727 0.16114 0.15246 0.12048 0.15524 0.19943 0.14281 0.11724 0.12038 0.17349 0.20507 0.14977 0.17652 0.19424 0.20646 0.15895 0.16796 0.19261 0.20539 0.00000 0.00000 0.00000 0.00000 0.00000 0.00000 0.00000 0.00000 0.00000 0.00000 0.00000 0.00000 0.00000 0.00000 0.00000 0.00000 0.00000 0.00000 0.00000 0.00000 0.00000 0.00000 
13	0	100.17225 0.18117 0.17952 0.16305 0.19315 0.16693 0.16149 0.15317 0.19399 0.14346 0.11932 0.13884 0.17269 0.20696 0.15258 0.11184 0.11922 0.16156 0.18745 0.15930 0.16691 0.17981 0.19278 0.19278 0.11290 0.15281 0.17557 0.15080 0.14710 0.14260 0.17438 0.20931 0.13925 0.12477 0.12381 0.19695 0.00000 0.00000 0.00000 0.00000 0.00000 0.00000 0.00000 0.00000 0.00000 0.00000 0.00000 0.00000 0.00000 0.00000 0.00000 0.00000 0.00000 0.00000 0.00000 0.00000 0.00000 0.00000 
14	0	100.20812 0.20092 0.15734 0.13994 0.15927 0.14077 0.15698 0.15072 0.20228 0.20531 0.15657 0.13946 0.14672 0.19563 0.16094 0.15055 0.20868 0.20023 0.19217 0.15542 0.11426 0.13349 0.17120 0.12479 0.11320 0.16354 0.20537 0.16313 0.15039 0.14049 0.15376 0.18959 0.14396 0.13213 0.17033 0.18165 0.00000 0.00000 0.00000 0.00000 0.00000 0.00000 0.00000 0.00000 0.00000 0.00000 0.00000 0.00000 0.00000 0.00000 0.00000 0.00000 0.00000 0.00000 0.00000 0.00000 0.00000 0.00000 
15	0	100.21575 0.21041 0.20337 0.16091 0.20150 0.15568 0.16553 0.17779 0.19368 0.20568 0.19525 0.17391 0.17439 0.20939 0.17774 0.15277 0.16169 0.20216 0.07582 0.12570 0.10977 0.10297 0.19597 0.10584 0.09676 0.07002 0.15600 0.12421 0.09984 0.09632 0.12429 0.18921 0.16020 0.13859 0.12932 0.17536 0.00000 0.00000 0.00000 0.00000 0.00000 0.00000 0.00000 0.00000 0.00000 0.00000 0.00000 0.00000 0.00000 0.00000 0.00000 0.00000 0.00000 0.00000 0.00000 0.00000 0.00000 0.00000 
16	0	100.19009 0.19302 0.17440 0.17201 0.21487 0.15252 0.16670 0.18021 0.15104 0.21145 0.16907 0.21194 0.21448 0.21854 0.18185 0.19400 0.20282 0.19374 0.06848 0.06415 0.07302 0.09226 0.18575 0.11406 0.07937 0.06804 0.06367 0.14331 0.13558 0.18486 0.15853 0.21173 0.22028 0.21150 0.17885 0.13543 0.00000 0.00000 0.00000 0.00000 0.00000 0.00000 0.00000 0.00000 0.00000 0.00000 0.00000 0.00000 0.00000 0.00000 0.00000 0.00000 0.00000 0.00000 0.00000 0.00000 0.00000 0.00000 
17	0	100.21701 0.13133 0.12444 0.16555 0.23006 0.16309 0.13882 0.09195 0.12894 0.21695 0.21756 0.22040 0.23025 0.22695 0.20356 0.22083 0.21486 0.21638 0.06689 0.05759 0.06741 0.09050 0.18678 0.09970 0.06665 0.04824 0.05979 0.12670 0.11284 0.10419 0.11524 0.21143 0.16730 0.16370 0.13657 0.13007 0.00000 0.00000 0.00000 0.00000 0.00000 0.00000 0.00000 0.00000 0.00000 0.00000 0.00000 0.00000 0.00000 0.00000 0.00000 0.00000 0.00000 0.00000 0.00000 0.00000 0.00000 0.00000 
18	0	100.09184 0.10014 0.12314 0.18821 0.23475 0.18835 0.12941 0.10186 0.09627 0.17773 0.15440 0.19074 0.21917 0.23769 0.23927 0.22010 0.20931 0.16811 0.07709 0.06077 0.07998 0.12502 0.17444 0.15182 0.07619 0.07211 0.04848 0.11739 0.12812 0.13982 0.20201 0.23642 0.24092 0.19705 0.15323 0.13375 0.00000 0.00000 0.00000 0.00000 0.00000 0.00000 0.00000 0.00000 0.00000 0.00000 0.00000 0.00000 0.00000 0.00000 0.00000 0.00000 0.00000 0.00000 0.00000 0.00000 0.00000 0.00000 
19	0	100.18285 0.10979 0.18793 0.17003 0.23239 0.16473 0.16677 0.12247 0.17520 0.21789 0.21703 0.22017 0.23740 0.23418 0.18854 0.23541 0.21070 0.21551 0.06350 0.06052 0.06800 0.09134 0.18427 0.09355 0.05972 0.05001 0.05969 0.12134 0.10278 0.09932 0.14020 0.20987 0.17171 0.18816 0.15335 0.13413 0.00000 0.00000 0.00000 0.00000 0.00000 0.00000 0.00000 0.00000 0.00000 0.00000 0.00000 0.00000 0.00000 0.00000 0.00000 0.00000 0.00000 0.00000 0.00000 0.00000 0.00000 0.00000 
20	0	100.12198 0.11103 0.11595 0.14164 0.21198 0.16782 0.12959 0.13452 0.13217 0.19198 0.21419 0.18701 0.22198 0.23585 0.22487 0.21487 0.18983 0.18321 0.06338 0.06276 0.06978 0.08984 0.16516 0.09241 0.06331 0.04631 0.05318 0.18196 0.19745 0.16412 0.20607 0.23221 0.22103 0.21140 0.16988 0.17784 0.00000 0.00000 0.00000 0.00000 0.00000 0.00000 0.00000 0.00000 0.00000 0.00000 0.00000 0.00000 0.00000 0.00000 0.00000 0.00000 0.00000 0.00000 0.00000 0.00000 0.00000 0.00000 
21	0	100.10784 0.10016 0.13753 0.23517 0.23254 0.19727 0.13153 0.11017 0.10445 0.12579 0.14266 0.16729 0.19767 0.22806 0.18008 0.16519 0.15011 0.16046 0.10430 0.10952 0.12501 0.20747 0.23283 0.19141 0.11697 0.10850 0.11909 0.14973 0.12441 0.16382 0.18918 0.21331 0.21703 0.19446 0.19503 0.18764 0.00000 0.00000 0.00000 0.00000 0.00000 0.00000 0.00000 0.00000 0.00000 0.00000 0.00000 0.00000 0.00000 0.00000 0.00000 0.00000 0.00000 0.00000 0.00000 0.00000 0.00000 0.00000 
22	0	100.13874 0.10691 0.13441 0.17761 0.22495 0.21258 0.14004 0.12228 0.12485 0.14644 0.14123 0.16136 0.21314 0.23147 0.22485 0.19319 0.16613 0.16562 0.08175 0.07542 0.09012 0.09767 0.19547 0.12242 0.10730 0.07857 0.07384 0.19154 0.16201 0.17755 0.19168 0.22938 0.22113 0.20271 0.13900 0.14793 0.00000 0.00000 0.00000 0.00000 0.00000 0.00000 0.00000 0.00000 0.00000 0.00000 0.00000 0.00000 0.00000 0.00000 0.00000 0.00000 0.00000 0.00000 0.00000 0.00000 0.00000 0.00000 
23	0	100.08874 0.10226 0.14451 0.23112 0.22455 0.15644 0.13689 0.09754 0.08663 0.11691 0.12677 0.16245 0.21083 0.23529 0.17669 0.17263 0.14647 0.13164 0.11821 0.11087 0.15075 0.21730 0.22866 0.19921 0.11626 0.13034 0.09942 0.12090 0.12968 0.18216 0.21991 0.23469 0.21403 0.16851 0.13611 0.12937 0.00000 0.00000 0.00000 0.00000 0.00000 0.00000 0.00000 0.00000 0.00000 0.00000 0.00000 0.00000 0.00000 0.00000 0.00000 0.00000 0.00000 0.00000 0.00000 0.00000 0.00000 0.00000 
24	0	100.19782 0.18158 0.16589 0.17321 0.20508 0.18010 0.19105 0.19184 0.21055 0.19279 0.13153 0.13182 0.14258 0.18199 0.16566 0.13319 0.14045 0.19591 0.19807 0.15624 0.13937 0.16789 0.21291 0.18974 0.11841 0.13884 0.19892 0.17316 0.12537 0.13143 0.14499 0.19796 0.16941 0.13060 0.13072 0.16467 0.00000 0.00000 0.00000 0.00000 0.00000 0.00000 0.00000 0.00000 0.00000 0.00000 0.00000 0.00000 0.00000 0.00000 0.00000 0.00000 0.00000 0.00000 0.00000 0.00000 0.00000 0.00000 
25	0	100.20155 0.18821 0.19756 0.18828 0.18243 0.18122 0.19704 0.20241 0.20680 0.10408 0.10626 0.10169 0.12114 0.10889 0.07561 0.07933 0.10087 0.10721 0.18648 0.20221 0.16213 0.18325 0.20446 0.20882 0.18972 0.19824 0.20173 0.16857 0.12521 0.15678 0.14081 0.16427 0.13492 0.13624 0.13163 0.16034 0.00000 0.00000 0.00000 0.00000 0.00000 0.00000 0.00000 0.00000 0.00000 0.00000 0.00000 0.00000 0.00000 0.00000 0.00000 0.00000 0.00000 0.00000 0.00000 0.00000 0.00000 0.00000 
26	0	100.18257 0.17665 0.17365 0.17740 0.21027 0.19988 0.18312 0.18342 0.17564 0.10435 0.11070 0.12918 0.12940 0.18640 0.16857 0.13620 0.11629 0.11066 0.17836 0.15737 0.19054 0.19898 0.21321 0.20955 0.17553 0.16825 0.18432 0.11553 0.12428 0.13094 0.17748 0.19836 0.17612 0.14349 0.12160 0.11299 0.00000 0.00000 0.00000 0.00000 0.00000 0.00000 0.00000 0.00000 0.00000 0.00000 0.00000 0.00000 0.00000 0.00000 0.00000 0.00000 0.00000 0.00000 0.00000 0.00000 0.00000 0.00000 
27	0	100.20495 0.18203 0.14562 0.15622 0.21070 0.12593 0.14157 0.14498 0.21119 0.11580 0.13156 0.12923 0.12836 0.18672 0.19133 0.14921 0.16956 0.14848 0.17755 0.14973 0.15700 0.16108 0.19678 0.20811 0.16664 0.17931 0.20377 0.14043 0.12876 0.14301 0.14784 0.18269 0.17762 0.14916 0.12418 0.12156 0.00000 0.00000 0.00000 0.00000 0.00000 0.00000 0.00000 0.00000 0.00000 0.00000 0.00000 0.00000 0.00000 0.00000 0.00000 0.00000 0.00000 0.00000 0.00000 0.00000 0.00000 0.00000 
28	0	100.18374 0.20938 0.12374 0.12738 0.19790 0.13826 0.12879 0.12025 0.18982 0.19573 0.15722 0.15851 0.15788 0.20716 0.18766 0.16092 0.17441 0.17705 0.16664 0.11809 0.11519 0.15299 0.17124 0.14349 0.14896 0.17477 0.18959 0.20027 0.16848 0.15392 0.15813 0.20702 0.16419 0.19841 0.18922 0.17652 0.00000 0.00000 0.00000 0.00000 0.00000 0.00000 0.00000 0.00000 0.00000 0.00000 0.00000 0.00000 0.00000 0.00000 0.00000 0.00000 0.00000 0.00000 0.00000 0.00000 0.00000 0.00000 
29	0	100.20678 0.20829 0.14963 0.13289 0.15659 0.13484 0.15913 0.15068 0.20229 0.20546 0.15664 0.13844 0.14692 0.19799 0.20924 0.14655 0.14373 0.21082 0.19316 0.15340 0.13663 0.10795 0.15731 0.12370 0.12010 0.16002 0.20278 0.18469 0.16314 0.13431 0.15134 0.19964 0.15004 0.13585 0.16197 0.19298 0.00000 0.00000 0.00000 0.00000 0.00000 0.00000 0.00000 0.00000 0.00000 0.00000 0.00000 0.00000 0.00000 0.00000 0.00000 0.00000 0.00000 0.00000 0.00000 0.00000 0.00000 0.00000 
30	0	100.15261 0.16341 0.14445 0.18429 0.21815 0.22913 0.12341 0.15363 0.16198 0.09617 0.09749 0.10743 0.14992 0.20332 0.17063 0.09807 0.07796 0.09020 0.20341 0.14062 0.13807 0.21181 0.22327 0.21462 0.13468 0.14848 0.23122 0.11432 0.10655 0.13003 0.14920 0.21731 0.17729 0.12037 0.10306 0.11592 0.00000 0.00000 0.00000 0.00000 0.00000 0.00000 0.00000 0.00000 0.00000 0.00000 0.00000 0.00000 0.00000 0.00000 0.00000 0.00000 0.00000 0.00000 0.00000 0.00000 0.00000 0.00000 
31	0	100.16357 0.10818 0.16670 0.22503 0.21373 0.23020 0.10045 0.12336 0.16223 0.12090 0.10828 0.10385 0.18670 0.22851 0.13668 0.09459 0.07483 0.12595 0.22718 0.16125 0.14184 0.21043 0.22151 0.21551 0.15528 0.14126 0.19329 0.13970 0.12599 0.14172 0.19139 0.21541 0.13960 0.10126 0.10082 0.13693 0.00000 0.00000 0.00000 0.00000 0.00000 0.00000 0.00000 0.00000 0.00000 0.00000 0.00000 0.00000 0.00000 0.00000 0.00000 0.00000 0.00000 0.00000 0.00000 0.00000 0.00000 0.00000 
32	0	100.14634 0.09667 0.10976 0.21589 0.23679 0.20078 0.10985 0.09668 0.10965 0.10391 0.09776 0.12084 0.20813 0.23088 0.17307 0.09045 0.12064 0.08940 0.19680 0.13045 0.19469 0.22280 0.22784 0.22219 0.14366 0.12000 0.18930 0.13776 0.10389 0.15097 0.21631 0.24953 0.17077 0.14873 0.08956 0.12908 0.00000 0.00000 0.00000 0.00000 0.00000 0.00000 0.00000 0.00000 0.00000 0.00000 0.00000 0.00000 0.00000 0.00000 0.00000 0.00000 0.00000 0.00000 0.00000 0.00000 0.00000 0.00000 
33	0	100.10563 0.11557 0.11610 0.13922 0.22322 0.16770 0.14464 0.11165 0.09841 0.20098 0.17740 0.20562 0.22815 0.23253 0.23705 0.23132 0.19597 0.19162 0.06204 0.06393 0.07267 0.09222 0.16113 0.09531 0.07353 0.04544 0.05949 0.17066 0.15361 0.20010 0.21229 0.23158 0.22780 0.21466 0.17384 0.13659 0.00000 0.00000 0.00000 0.00000 0.00000 0.00000 0.00000 0.00000 0.00000 0.00000 0.00000 0.00000 0.00000 0.00000 0.00000 0.00000 0.00000 0.00000 0.00000 0.00000 0.00000 0.00000 
34	0	100.14636 0.11865 0.11546 0.14636 0.20644 0.16584 0.14424 0.12519 0.13271 0.18328 0.15638 0.16627 0.18949 0.20974 0.20613 0.16731 0.16788 0.16990 0.07351 0.07889 0.10729 0.15101 0.18423 0.15801 0.10819 0.12090 0.10900 0.20278 0.19138 0.19929 0.21785 0.21632 0.21096 0.21710 0.20559 0.19646 0.00000 0.00000 0.00000 0.00000 0.00000 0.00000 0.00000 0.00000 0.00000 0.00000 0.00000 0.00000 0.00000 0.00000 0.00000 0.00000 0.00000 0.00000 0.00000 0.00000 0.00000 0.00000 
35	0	100.10152 0.10466 0.13027 0.15070 0.21895 0.22765 0.13815 0.11414 0.12016 0.12487 0.14552 0.16135 0.20991 0.23516 0.22744 0.19317 0.16358 0.16413 0.08140 0.06905 0.08387 0.12914 0.17516 0.18044 0.10598 0.08017 0.06525 0.16413 0.17722 0.20007 0.18577 0.22131 0.23007 0.20367 0.18106 0.17403 0.00000 0.00000 0.00000 0.00000 0.00000 0.00000 0.00000 0.00000 0.00000 0.00000 0.00000 0.00000 0.00000 0.00000 0.00000 0.00000 0.00000 0.00000 0.00000 0.00000 0.00000 0.00000 
36	0	100.11966 0.10813 0.13934 0.21098 0.21430 0.15809 0.12440 0.10853 0.08553 0.14066 0.14952 0.16941 0.20253 0.22027 0.16990 0.15669 0.13421 0.14489 0.12825 0.12247 0.21046 0.17647 0.21289 0.17030 0.15992 0.12681 0.12269 0.14761 0.16261 0.19699 0.21320 0.21718 0.18968 0.20016 0.15690 0.18788 0.00000 0.00000 0.00000 0.00000 0.00000 0.00000 0.00000 0.00000 0.00000 0.00000 0.00000 0.00000 0.00000 0.00000 0.00000 0.00000 0.00000 0.00000 0.00000 0.00000 0.00000 0.00000 
37	0	100.09035 0.10209 0.14430 0.21712 0.22939 0.16972 0.13187 0.09908 0.09557 0.11143 0.12539 0.16493 0.20860 0.22299 0.22909 0.17613 0.13746 0.14446 0.11443 0.17047 0.16236 0.22010 0.22792 0.19982 0.13686 0.10873 0.08891 0.13252 0.15561 0.16297 0.18000 0.23558 0.22990 0.16829 0.13394 0.12942 0.00000 0.00000 0.00000 0.00000 0.00000 0.00000 0.00000 0.00000 0.00000 0.00000 0.00000 0.00000 0.00000 0.00000 0.00000 0.00000 0.00000 0.00000 0.00000 0.00000 0.00000 0.00000 
38	0	100.11626 0.12968 0.15384 0.21102 0.21590 0.18024 0.13230 0.09905 0.12190 0.12363 0.12229 0.16258 0.21018 0.21812 0.12984 0.11750 0.12435 0.11506 0.15080 0.18180 0.20865 0.21556 0.21650 0.19693 0.16602 0.14477 0.15624 0.13843 0.12775 0.19650 0.19653 0.21715 0.16248 0.12526 0.13305 0.13798 0.00000 0.00000 0.00000 0.00000 0.00000 0.00000 0.00000 0.00000 0.00000 0.00000 0.00000 0.00000 0.00000 0.00000 0.00000 0.00000 0.00000 0.00000 0.00000 0.00000 0.00000 0.00000 
39	0	100.09575 0.10807 0.11972 0.15817 0.21869 0.15314 0.11900 0.10076 0.10503 0.15100 0.13614 0.16870 0.19930 0.21155 0.17024 0.15637 0.15318 0.13211 0.13049 0.12023 0.21931 0.20868 0.22001 0.16349 0.14994 0.12486 0.12703 0.17752 0.15968 0.20126 0.21768 0.21704 0.20551 0.16763 0.14787 0.13423 0.00000 0.00000 0.00000 0.00000 0.00000 0.00000 0.00000 0.00000 0.00000 0.00000 0.00000 0.00000 0.00000 0.00000 0.00000 0.00000 0.00000 0.00000 0.00000 0.00000 0.00000 0.00000 
40	0	100.11862 0.10439 0.13653 0.22043 0.22020 0.20308 0.13737 0.10424 0.09957 0.15338 0.13928 0.16363 0.19866 0.22946 0.19897 0.16012 0.15205 0.15996 0.09565 0.08461 0.12062 0.18394 0.23550 0.17393 0.12150 0.10717 0.12317 0.17739 0.13215 0.14600 0.20125 0.22776 0.21723 0.20566 0.17169 0.14254 0.00000 0.00000 0.00000 0.00000 0.00000 0.00000 0.00000 0.00000 0.00000 0.00000 0.00000 0.00000 0.00000 0.00000 0.00000 0.00000 0.00000 0.00000 0.00000 0.00000 0.00000 0.00000 
41	0	100.13592 0.11932 0.11637 0.15175 0.20623 0.16188 0.11901 0.13146 0.13218 0.18387 0.15535 0.16773 0.19246 0.21002 0.18924 0.17521 0.16458 0.17530 0.10558 0.07491 0.09917 0.12358 0.18137 0.15085 0.12303 0.06999 0.06282 0.19974 0.17090 0.19459 0.21770 0.21518 0.20889 0.21182 0.19685 0.19765 0.00000 0.00000 0.00000 0.00000 0.00000 0.00000 0.00000 0.00000 0.00000 0.00000 0.00000 0.00000 0.00000 0.00000 0.00000 0.00000 0.00000 0.00000 0.00000 0.00000 0.00000 0.00000 
42	0	100.14513 0.15846 0.16509 0.21306 0.21406 0.15331 0.13723 0.14464 0.12637 0.12805 0.12431 0.15016 0.19789 0.21912 0.15878 0.14945 0.11961 0.12478 0.14703 0.18111 0.21656 0.21005 0.21100 0.19610 0.16513 0.14451 0.12807 0.13736 0.14910 0.14488 0.20842 0.22017 0.15246 0.13087 0.13146 0.13240 0.00000 0.00000 0.00000 0.00000 0.00000 0.00000 0.00000 0.00000 0.00000 0.00000 0.00000 0.00000 0.00000 0.00000 0.00000 0.00000 0.00000 0.00000 0.00000 0.00000 0.00000 0.00000 
43	0	100.19044 0.18079 0.17365 0.20735 0.21282 0.20338 0.17145 0.15972 0.17428 0.12929 0.11097 0.12416 0.16549 0.18718 0.16200 0.11129 0.11588 0.12195 0.17841 0.15718 0.19033 0.20425 0.21160 0.20366 0.17911 0.17540 0.18829 0.13296 0.11534 0.13313 0.15714 0.19785 0.17439 0.12985 0.12124 0.12037 0.00000 0.00000 0.00000 0.00000 0.00000 0.00000 0.00000 0.00000 0.00000 0.00000 0.00000 0.00000 0.00000 0.00000 0.00000 0.00000 0.00000 0.00000 0.00000 0.00000 0.00000 0.00000 
44	0	100.18323 0.18103 0.17680 0.19434 0.20641 0.19468 0.16210 0.15602 0.18526 0.13479 0.13320 0.13800 0.15849 0.20708 0.13143 0.11386 0.12942 0.13948 0.18580 0.18255 0.14625 0.19798 0.20510 0.13045 0.15618 0.14938 0.18585 0.18865 0.14617 0.13742 0.17584 0.20819 0.13993 0.12510 0.13552 0.18984 0.00000 0.00000 0.00000 0.00000 0.00000 0.00000 0.00000 0.00000 0.00000 0.00000 0.00000 0.00000 0.00000 0.00000 0.00000 0.00000 0.00000 0.00000 0.00000 0.00000 0.00000 0.00000 
45	0	100.19845 0.18363 0.20018 0.20150 0.19115 0.19118 0.15601 0.16560 0.16695 0.13005 0.11757 0.11108 0.09664 0.19591 0.06797 0.07858 0.07812 0.11062 0.18235 0.20262 0.20561 0.19980 0.20987 0.20068 0.18843 0.19469 0.18133 0.18600 0.17647 0.14887 0.18520 0.18025 0.13621 0.11953 0.14446 0.17979 0.00000 0.00000 0.00000 0.00000 0.00000 0.00000 0.00000 0.00000 0.00000 0.00000 0.00000 0.00000 0.00000 0.00000 0.00000 0.00000 0.00000 0.00000 0.00000 0.00000 0.00000 0.00000 
46	0	100.20568 0.20501 0.17329 0.16475 0.18006 0.15942 0.16398 0.17056 0.20377 0.14180 0.14481 0.10353 0.08797 0.11866 0.10297 0.10269 0.12572 0.19132 0.20555 0.18147 0.17587 0.18374 0.19156 0.20252 0.17742 0.19860 0.20377 0.20522 0.15479 0.15160 0.14451 0.15097 0.13662 0.12651 0.14209 0.20267 0.00000 0.00000 0.00000 0.00000 0.00000 0.00000 0.00000 0.00000 0.00000 0.00000 0.00000 0.00000 0.00000 0.00000 0.00000 0.00000 0.00000 0.00000 0.00000 0.00000 0.00000 0.00000 
47	0	100.20275 0.19355 0.19168 0.18962 0.17108 0.16716 0.19322 0.18975 0.20650 0.11503 0.10412 0.09139 0.11280 0.13765 0.10354 0.10742 0.08517 0.10755 0.19858 0.20306 0.17131 0.18250 0.19607 0.20776 0.19169 0.19342 0.20567 0.20178 0.11623 0.14941 0.14077 0.16194 0.13170 0.13830 0.13508 0.18823 0.00000 0.00000 0.00000 0.00000 0.00000 0.00000 0.00000 0.00000 0.00000 0.00000 0.00000 0.00000 0.00000 0.00000 0.00000 0.00000 0.00000 0.00000 0.00000 0.00000 0.00000 0.00000 
48	0	100.13015 0.11952 0.13928 0.20348 0.24070 0.14874 0.11092 0.13244 0.17528 0.11888 0.12239 0.15058 0.24070 0.24070 0.19798 0.12968 0.11870 0.13985 0.10508 0.11806 0.14840 0.24070 0.24070 0.17859 0.12015 0.10740 0.11431 0.12012 0.13590 0.17024 0.24070 0.24070 0.21808 0.13599 0.11941 0.12547 0.00000 0.00000 0.00000 0.00000 0.00000 0.00000 0.00000 0.00000 0.00000 0.00000 0.00000 0.00000 0.00000 0.00000 0.00000 0.00000 0.00000 0.00000 0.00000 0.00000 0.00000 0.00000 
49	0	100.06509 0.06029 0.07096 0.10235 0.24101 0.17799 0.10829 0.07902 0.07245 0.23652 0.20413 0.20413 0.24101 0.24101 0.24101 0.24101 0.24101 0.24101 0.02822 0.02831 0.03767 0.05963 0.23673 0.14372 0.07783 0.04507 0.03158 0.12805 0.10800 0.10643 0.15874 0.24101 0.24101 0.23475 0.15840 0.14187 0.00000 0.00000 0.00000 0.00000 0.00000 0.00000 0.00000 0.00000 0.00000 0.00000 0.00000 0.00000 0.00000 0.00000 0.00000 0.00000 0.00000 0.00000 0.00000 0.00000 0.00000 0.00000 
50	0	100.21317 0.21317 0.13434 0.11552 0.13883 0.12589 0.13854 0.15607 0.19938 0.21317 0.21317 0.18611 0.16445 0.19271 0.14789 0.17202 0.17292 0.21317 0.21317 0.17129 0.12183 0.11227 0.13408 0.11374 0.12723 0.18729 0.21262 0.21317 0.14655 0.11969 0.12923 0.14748 0.09734 0.10390 0.16011 0.21317 0.00000 0.00000 0.00000 0.00000 0.00000 0.00000 0.00000 0.00000 0.00000 0.00000 0.00000 0.00000 0.00000 0.00000 0.00000 0.00000 0.00000 0.00000 0.00000 0.00000 0.00000 0.00000 
51	0	100.24095 0.16363 0.14475 0.14260 0.16257 0.14913 0.15825 0.24095 0.24095 0.14271 0.11716 0.12348 0.14193 0.17396 0.12927 0.10990 0.13468 0.17500 0.24095 0.17899 0.15210 0.13784 0.15307 0.13434 0.14089 0.24095 0.24095 0.18073 0.13008 0.12678 0.13335 0.14775 0.11700 0.10376 0.13522 0.21605 0.00000 0.00000 0.00000 0.00000 0.00000 0.00000 0.00000 0.00000 0.00000 0.00000 0.00000 0.00000 0.00000 0.00000 0.00000 0.00000 0.00000 0.00000 0.00000 0.00000 0.00000 0.00000 
52	0	100.20428 0.19264 0.17634 0.17791 0.19032 0.19420 0.19790 0.20428 0.20428 0.17836 0.16198 0.14779 0.16089 0.20428 0.19581 0.15200 0.15792 0.17390 0.11367 0.11314 0.11292 0.12558 0.13575 0.12053 0.10760 0.10820 0.10784 0.16769 0.16456 0.16262 0.18081 0.20428 0.20428 0.15609 0.15760 0.16297 0.00000 0.00000 0.00000 0.00000 0.00000 0.00000 0.00000 0.00000 0.00000 0.00000 0.00000 0.00000 0.00000 0.00000 0.00000 0.00000 0.00000 0.00000 0.00000 0.00000 0.00000 0.00000 
53	0	100.16343 0.21706 0.24440 0.24440 0.24440 0.24440 0.18366 0.15027 0.14528 0.09961 0.12368 0.19327 0.24440 0.22568 0.11451 0.09241 0.08089 0.08921 0.13227 0.16013 0.24440 0.24440 0.24440 0.16263 0.12877 0.11508 0.11987 0.09568 0.09046 0.11431 0.12835 0.16211 0.09452 0.08739 0.08188 0.09258 0.00000 0.00000 0.00000 0.00000 0.00000 0.00000 0.00000 0.00000 0.00000 0.00000 0.00000 0.00000 0.00000 0.00000 0.00000 0.00000 0.00000 0.00000 0.00000 0.00000 0.00000 0.00000 
54	0	100.05285 0.04738 0.06687 0.18771 0.25099 0.09378 0.07191 0.04804 0.05653 0.19514 0.19137 0.21400 0.25099 0.25099 0.23292 0.16454 0.14654 0.17175 0.04340 0.04573 0.06374 0.10064 0.17015 0.06361 0.05557 0.04774 0.04433 0.18816 0.21739 0.24693 0.25099 0.25099 0.24698 0.20273 0.18065 0.16920 0.00000 0.00000 0.00000 0.00000 0.00000 0.00000 0.00000 0.00000 0.00000 0.00000 0.00000 0.00000 0.00000 0.00000 0.00000 0.00000 0.00000 0.00000 0.00000 0.00000 0.00000 0.00000 
55	0	100.12462 0.08597 0.09318 0.14648 0.25359 0.14204 0.08696 0.07888 0.10922 0.13774 0.11970 0.14648 0.25359 0.25359 0.25359 0.14651 0.11721 0.13063 0.14851 0.09699 0.11160 0.15405 0.25359 0.16198 0.10176 0.09665 0.13916 0.16250 0.11978 0.16713 0.25359 0.25359 0.25359 0.17384 0.13838 0.16125 0.00000 0.00000 0.00000 0.00000 0.00000 0.00000 0.00000 0.00000 0.00000 0.00000 0.00000 0.00000 0.00000 0.00000 0.00000 0.00000 0.00000 0.00000 0.00000 0.00000 0.00000 0.00000 
56	0	100.09296 0.10301 0.12565 0.15422 0.22979 0.13885 0.11507 0.10071 0.10072 0.17847 0.18679 0.21914 0.22979 0.22979 0.22979 0.16858 0.15518 0.17503 0.07326 0.08549 0.10862 0.15084 0.22979 0.16817 0.13405 0.10116 0.08525 0.11621 0.14465 0.19612 0.22979 0.22979 0.22979 0.20650 0.15277 0.12603 0.00000 0.00000 0.00000 0.00000 0.00000 0.00000 0.00000 0.00000 0.00000 0.00000 0.00000 0.00000 0.00000 0.00000 0.00000 0.00000 0.00000 0.00000 0.00000 0.00000 0.00000 0.00000 
57	0	100.09733 0.09889 0.11884 0.20586 0.24605 0.24605 0.15453 0.10224 0.09774 0.12204 0.12046 0.14617 0.24433 0.24605 0.24605 0.21251 0.13773 0.13033 0.06998 0.07211 0.09875 0.16903 0.24605 0.23292 0.13167 0.08028 0.06804 0.08162 0.08377 0.11617 0.19822 0.24605 0.24605 0.20941 0.11345 0.09096 0.00000 0.00000 0.00000 0.00000 0.00000 0.00000 0.00000 0.00000 0.00000 0.00000 0.00000 0.00000 0.00000 0.00000 0.00000 0.00000 0.00000 0.00000 0.00000 0.00000 0.00000 0.00000 
58	0	100.19189 0.15063 0.13923 0.18110 0.20818 0.20818 0.17397 0.17404 0.20779 0.19656 0.17450 0.14264 0.15079 0.20818 0.17284 0.15982 0.17772 0.19074 0.16007 0.11698 0.12024 0.17932 0.20818 0.17017 0.11845 0.11585 0.15888 0.15194 0.13108 0.12519 0.15024 0.20818 0.15161 0.13276 0.13738 0.15709 0.00000 0.00000 0.00000 0.00000 0.00000 0.00000 0.00000 0.00000 0.00000 0.00000 0.00000 0.00000 0.00000 0.00000 0.00000 0.00000 0.00000 0.00000 0.00000 0.00000 0.00000 0.00000 
59	0	100.11252 0.12090 0.11329 0.13417 0.22236 0.07475 0.06593 0.07905 0.10240 0.12936 0.11405 0.10819 0.10324 0.14636 0.06897 0.06827 0.08217 0.11237 0.22236 0.22236 0.22236 0.22236 0.22236 0.17139 0.18215 0.21519 0.22236 0.22236 0.22236 0.20526 0.19011 0.19947 0.13651 0.15359 0.21703 0.22236 0.00000 0.00000 0.00000 0.00000 0.00000 0.00000 0.00000 0.00000 0.00000 0.00000 0.00000 0.00000 0.00000 0.00000 0.00000 0.00000 0.00000 0.00000 0.00000 0.00000 0.00000 0.00000 
60	0	100.13757 0.19651 0.21687 0.13464 0.10676 0.09193 0.08733 0.08954 0.10485 0.21687 0.21687 0.21687 0.21687 0.21687 0.21687 0.21687 0.21687 0.21687 0.10425 0.18477 0.21687 0.14495 0.08049 0.05760 0.05338 0.05731 0.06777 0.14440 0.19018 0.21687 0.21687 0.18371 0.15867 0.15777 0.13993 0.13157 0.00000 0.00000 0.00000 0.00000 0.00000 0.00000 0.00000 0.00000 0.00000 0.00000 0.00000 0.00000 0.00000 0.00000 0.00000 0.00000 0.00000 0.00000 0.00000 0.00000 0.00000 0.00000 
61	0	100.13214 0.12853 0.14414 0.15740 0.17019 0.14500 0.13024 0.12337 0.12937 0.21167 0.17487 0.16731 0.18716 0.21167 0.18555 0.16283 0.17695 0.21167 0.11027 0.12262 0.14183 0.16170 0.17690 0.14583 0.11700 0.10153 0.10222 0.20435 0.16393 0.19365 0.21167 0.21167 0.21167 0.17184 0.16110 0.20662 0.00000 0.00000 0.00000 0.00000 0.00000 0.00000 0.00000 0.00000 0.00000 0.00000 0.00000 0.00000 0.00000 0.00000 0.00000 0.00000 0.00000 0.00000 0.00000 0.00000 0.00000 0.00000 
62	0	100.08924 0.09450 0.10713 0.14532 0.19550 0.21101 0.21101 0.19012 0.11138 0.12295 0.12765 0.15453 0.16811 0.21101 0.20153 0.21101 0.14984 0.12605 0.09912 0.13351 0.17101 0.19501 0.19482 0.17775 0.17548 0.12836 0.09522 0.16505 0.20347 0.21101 0.21101 0.21101 0.16459 0.17473 0.14268 0.14149 0.00000 0.00000 0.00000 0.00000 0.00000 0.00000 0.00000 0.00000 0.00000 0.00000 0.00000 0.00000 0.00000 0.00000 0.00000 0.00000 0.00000 0.00000 0.00000 0.00000 0.00000 0.00000 
63	0	100.07848 0.08497 0.09875 0.12647 0.16118 0.14810 0.12709 0.09841 0.08175 0.16458 0.17233 0.19628 0.21597 0.21597 0.21597 0.21597 0.19629 0.16882 0.11171 0.12783 0.14756 0.15619 0.15838 0.12739 0.10769 0.09210 0.09445 0.21597 0.21597 0.21597 0.21597 0.21597 0.21597 0.20265 0.17604 0.17931 0.00000 0.00000 0.00000 0.00000 0.00000 0.00000 0.00000 0.00000 0.00000 0.00000 0.00000 0.00000 0.00000 0.00000 0.00000 0.00000 0.00000 0.00000 0.00000 0.00000 0.00000 0.00000 
64	0	100.08053 0.08610 0.11383 0.11591 0.13108 0.09588 0.08736 0.06993 0.07598 0.22906 0.22906 0.22906 0.22906 0.22906 0.20993 0.19581 0.19778 0.22745 0.06397 0.06564 0.08009 0.07690 0.11107 0.08203 0.08278 0.06465 0.06641 0.22906 0.22906 0.22906 0.22906 0.22871 0.19895 0.19597 0.19572 0.20841 0.00000 0.00000 0.00000 0.00000 0.00000 0.00000 0.00000 0.00000 0.00000 0.00000 0.00000 0.00000 0.00000 0.00000 0.00000 0.00000 0.00000 0.00000 0.00000 0.00000 0.00000 0.00000 
65	0	100.13737 0.14755 0.16081 0.14702 0.16983 0.14841 0.17074 0.15353 0.14230 0.17060 0.19480 0.20314 0.20314 0.19876 0.17785 0.18169 0.17121 0.16478 0.10327 0.09986 0.10703 0.10710 0.15406 0.13900 0.16850 0.13870 0.11427 0.16282 0.17450 0.20314 0.20314 0.20314 0.20314 0.20314 0.19107 0.16943 0.00000 0.00000 0.00000 0.00000 0.00000 0.00000 0.00000 0.00000 0.00000 0.00000 0.00000 0.00000 0.00000 0.00000 0.00000 0.00000 0.00000 0.00000 0.00000 0.00000 0.00000 0.00000 
66	0	100.09042 0.10666 0.13208 0.11669 0.12159 0.11427 0.11347 0.08884 0.07962 0.17783 0.17197 0.19825 0.23133 0.23133 0.23133 0.23133 0.23133 0.18866 0.10159 0.11956 0.14101 0.13106 0.13993 0.13602 0.14500 0.11878 0.10390 0.14928 0.15185 0.17924 0.23133 0.23133 0.23133 0.22614 0.17490 0.15175 0.00000 0.00000 0.00000 0.00000 0.00000 0.00000 0.00000 0.00000 0.00000 0.00000 0.00000 0.00000 0.00000 0.00000 0.00000 0.00000 0.00000 0.00000 0.00000 0.00000 0.00000 0.00000 
67	0	100.08570 0.09731 0.10128 0.08778 0.11544 0.08803 0.08464 0.06509 0.06845 0.17770 0.17520 0.19445 0.22102 0.22102 0.22102 0.21539 0.18294 0.17680 0.11442 0.11528 0.12498 0.12484 0.16936 0.16391 0.17520 0.12695 0.10487 0.19201 0.19037 0.20746 0.22102 0.22102 0.22102 0.22102 0.21636 0.19700 0.00000 0.00000 0.00000 0.00000 0.00000 0.00000 0.00000 0.00000 0.00000 0.00000 0.00000 0.00000 0.00000 0.00000 0.00000 0.00000 0.00000 0.00000 0.00000 0.00000 0.00000 0.00000 
68	0	100.08603 0.09690 0.12127 0.16046 0.26283 0.15638 0.09971 0.08021 0.08082 0.08712 0.10513 0.16385 0.26283 0.26283 0.26283 0.14733 0.09722 0.08497 0.14073 0.15653 0.17677 0.14278 0.21918 0.12108 0.09405 0.08435 0.11426 0.13488 0.14936 0.21435 0.26283 0.26283 0.26283 0.15847 0.11208 0.11647 0.00000 0.00000 0.00000 0.00000 0.00000 0.00000 0.00000 0.00000 0.00000 0.00000 0.00000 0.00000 0.00000 0.00000 0.00000 0.00000 0.00000 0.00000 0.00000 0.00000 0.00000 0.00000 
69	0	100.10726 0.11455 0.11822 0.11183 0.13691 0.15156 0.14925 0.12957 0.11552 0.16823 0.19588 0.20525 0.20525 0.20525 0.20525 0.19511 0.17629 0.16555 0.12969 0.11958 0.11662 0.11466 0.13763 0.15569 0.17272 0.15122 0.13702 0.17753 0.19927 0.20525 0.20525 0.20525 0.20525 0.20525 0.18728 0.17758 0.00000 0.00000 0.00000 0.00000 0.00000 0.00000 0.00000 0.00000 0.00000 0.00000 0.00000 0.00000 0.00000 0.00000 0.00000 0.00000 0.00000 0.00000 0.00000 0.00000 0.00000 0.00000 
70	0	100.20824 0.20256 0.21725 0.21725 0.21725 0.21725 0.21725 0.21023 0.21641 0.12132 0.07669 0.11245 0.08998 0.16966 0.08250 0.08728 0.06784 0.11914 0.21725 0.21725 0.21725 0.21725 0.21725 0.21725 0.21725 0.19442 0.20319 0.10028 0.06003 0.08038 0.07577 0.16757 0.06668 0.06221 0.04753 0.09544 0.00000 0.00000 0.00000 0.00000 0.00000 0.00000 0.00000 0.00000 0.00000 0.00000 0.00000 0.00000 0.00000 0.00000 0.00000 0.00000 0.00000 0.00000 0.00000 0.00000 0.00000 0.00000 
71	0	100.09142 0.08635 0.08944 0.06882 0.08661 0.06848 0.07645 0.08195 0.10514 0.23450 0.23450 0.23450 0.23450 0.23450 0.23450 0.23450 0.23450 0.23450 0.05866 0.06976 0.08041 0.05607 0.07304 0.04900 0.06401 0.06848 0.06001 0.23450 0.23450 0.23450 0.20630 0.19047 0.16902 0.18879 0.21039 0.21922 0.00000 0.00000 0.00000 0.00000 0.00000 0.00000 0.00000 0.00000 0.00000 0.00000 0.00000 0.00000 0.00000 0.00000 0.00000 0.00000 0.00000 0.00000 0.00000 0.00000 0.00000 0.00000 
72	0	100.07014 0.08373 0.11480 0.12586 0.12189 0.07831 0.06399 0.05514 0.06068 0.16125 0.16582 0.21146 0.22119 0.22119 0.18582 0.14870 0.13249 0.15071 0.12469 0.13807 0.15377 0.19069 0.19446 0.15671 0.13399 0.11030 0.11368 0.22119 0.22119 0.22119 0.22119 0.22119 0.22119 0.22119 0.20160 0.22119 0.00000 0.00000 0.00000 0.00000 0.00000 0.00000 0.00000 0.00000 0.00000 0.00000 0.00000 0.00000 0.00000 0.00000 0.00000 0.00000 0.00000 0.00000 0.00000 0.00000 0.00000 0.00000 
73	0	100.12346 0.13138 0.14541 0.16621 0.19438 0.19551 0.17793 0.14235 0.12086 0.17527 0.17870 0.19233 0.20588 0.20588 0.20588 0.18825 0.17187 0.17006 0.13004 0.13515 0.14548 0.15588 0.18681 0.19612 0.18745 0.15203 0.12687 0.12888 0.12384 0.12927 0.16188 0.20588 0.19826 0.16972 0.14583 0.13585 0.00000 0.00000 0.00000 0.00000 0.00000 0.00000 0.00000 0.00000 0.00000 0.00000 0.00000 0.00000 0.00000 0.00000 0.00000 0.00000 0.00000 0.00000 0.00000 0.00000 0.00000 0.00000 
74	0	100.11058 0.14959 0.21114 0.21114 0.17588 0.14485 0.14324 0.11632 0.10411 0.13648 0.14475 0.18716 0.20206 0.18027 0.18476 0.21114 0.19093 0.15316 0.08857 0.09632 0.13135 0.14806 0.18604 0.21114 0.21114 0.14582 0.10562 0.13508 0.12845 0.13766 0.15191 0.19584 0.21114 0.21114 0.21114 0.17147 0.00000 0.00000 0.00000 0.00000 0.00000 0.00000 0.00000 0.00000 0.00000 0.00000 0.00000 0.00000 0.00000 0.00000 0.00000 0.00000 0.00000 0.00000 0.00000 0.00000 0.00000 0.00000 
75	0	100.16512 0.17619 0.19624 0.18570 0.21432 0.21432 0.21432 0.21012 0.17041 0.10707 0.09664 0.10804 0.14560 0.21432 0.19550 0.17678 0.14390 0.11725 0.11946 0.09653 0.09635 0.12058 0.19285 0.21432 0.21432 0.21432 0.15551 0.09383 0.07525 0.08161 0.13025 0.21432 0.21070 0.20456 0.15058 0.11189 0.00000 0.00000 0.00000 0.00000 0.00000 0.00000 0.00000 0.00000 0.00000 0.00000 0.00000 0.00000 0.00000 0.00000 0.00000 0.00000 0.00000 0.00000 0.00000 0.00000 0.00000 0.00000 
76	0	100.05722 0.05736 0.06646 0.07451 0.11282 0.10047 0.10397 0.07986 0.06198 0.18428 0.18025 0.20971 0.24777 0.24777 0.23912 0.22063 0.18397 0.17114 0.06949 0.09265 0.13710 0.12307 0.11873 0.07796 0.06815 0.05220 0.05356 0.23576 0.24106 0.24777 0.24777 0.24777 0.24777 0.19311 0.15684 0.18981 0.00000 0.00000 0.00000 0.00000 0.00000 0.00000 0.00000 0.00000 0.00000 0.00000 0.00000 0.00000 0.00000 0.00000 0.00000 0.00000 0.00000 0.00000 0.00000 0.00000 0.00000 0.00000 
77	0	100.13772 0.13174 0.15108 0.18529 0.20706 0.20706 0.19978 0.17942 0.16114 0.13036 0.11942 0.14444 0.18963 0.20706 0.20706 0.20706 0.17830 0.15536 0.12467 0.14606 0.18749 0.20455 0.20706 0.18051 0.14585 0.12704 0.12210 0.10178 0.12010 0.16882 0.19741 0.20706 0.17595 0.13645 0.10869 0.09916 0.00000 0.00000 0.00000 0.00000 0.00000 0.00000 0.00000 0.00000 0.00000 0.00000 0.00000 0.00000 0.00000 0.00000 0.00000 0.00000 0.00000 0.00000 0.00000 0.00000 0.00000 0.00000 
78	0	100.08039 0.07632 0.07628 0.07852 0.09988 0.12395 0.15061 0.12383 0.09289 0.16022 0.15003 0.15848 0.18196 0.18716 0.20073 0.20881 0.20382 0.17879 0.12904 0.14062 0.15012 0.16194 0.18574 0.17912 0.17935 0.14728 0.12857 0.19761 0.19852 0.20881 0.20881 0.20881 0.20881 0.20881 0.20881 0.20150 0.00000 0.00000 0.00000 0.00000 0.00000 0.00000 0.00000 0.00000 0.00000 0.00000 0.00000 0.00000 0.00000 0.00000 0.00000 0.00000 0.00000 0.00000 0.00000 0.00000 0.00000 0.00000 
79	0	100.12002 0.12555 0.13782 0.15258 0.18774 0.18409 0.17324 0.13295 0.11777 0.15889 0.16338 0.17539 0.18438 0.20783 0.19814 0.18460 0.15468 0.15393 0.11030 0.11180 0.12845 0.14351 0.20418 0.20783 0.20783 0.16749 0.12296 0.14011 0.14737 0.16762 0.18583 0.20783 0.20783 0.20783 0.16730 0.13922 0.00000 0.00000 0.00000 0.00000 0.00000 0.00000 0.00000 0.00000 0.00000 0.00000 0.00000 0.00000 0.00000 0.00000 0.00000 0.00000 0.00000 0.00000 0.00000 0.00000 0.00000 0.00000 
80	0	100.09049 0.10217 0.19372 0.18214 0.19647 0.11440 0.10245 0.08826 0.08699 0.21828 0.20685 0.23169 0.23169 0.23169 0.23169 0.23169 0.23169 0.23169 0.09891 0.09671 0.11970 0.10486 0.14473 0.07804 0.07336 0.06694 0.08251 0.13835 0.13031 0.15937 0.18631 0.23169 0.20976 0.20367 0.14788 0.13853 0.00000 0.00000 0.00000 0.00000 0.00000 0.00000 0.00000 0.00000 0.00000 0.00000 0.00000 0.00000 0.00000 0.00000 0.00000 0.00000 0.00000 0.00000 0.00000 0.00000 0.00000 0.00000 
81	0	100.08737 0.08985 0.11352 0.10748 0.11535 0.11192 0.12740 0.11789 0.10172 0.21013 0.18893 0.20288 0.19683 0.20753 0.22647 0.22647 0.22647 0.22647 0.09706 0.09574 0.10917 0.10792 0.11689 0.11133 0.14097 0.13970 0.11597 0.22647 0.17245 0.15540 0.15498 0.17648 0.21925 0.22647 0.22647 0.22647 0.00000 0.00000 0.00000 0.00000 0.00000 0.00000 0.00000 0.00000 0.00000 0.00000 0.00000 0.00000 0.00000 0.00000 0.00000 0.00000 0.00000 0.00000 0.00000 0.00000 0.00000 0.00000 
82	0	100.07122 0.08117 0.09731 0.10887 0.13947 0.10356 0.09470 0.06965 0.06637 0.15538 0.16586 0.20169 0.23163 0.23163 0.23163 0.22470 0.17996 0.15606 0.13081 0.15198 0.15715 0.14278 0.15513 0.12513 0.11932 0.09011 0.10135 0.17207 0.18283 0.19512 0.23163 0.23163 0.23163 0.23163 0.22928 0.17283 0.00000 0.00000 0.00000 0.00000 0.00000 0.00000 0.00000 0.00000 0.00000 0.00000 0.00000 0.00000 0.00000 0.00000 0.00000 0.00000 0.00000 0.00000 0.00000 0.00000 0.00000 0.00000 
83	0	100.05283 0.04860 0.05848 0.05922 0.07163 0.06782 0.07033 0.06486 0.05917 0.22519 0.20560 0.22519 0.22519 0.22519 0.22519 0.20016 0.20651 0.22519 0.09225 0.09633 0.10378 0.09370 0.10505 0.10351 0.09544 0.08802 0.09091 0.22519 0.22519 0.22519 0.22519 0.22519 0.22519 0.22519 0.21008 0.22519 0.00000 0.00000 0.00000 0.00000 0.00000 0.00000 0.00000 0.00000 0.00000 0.00000 0.00000 0.00000 0.00000 0.00000 0.00000 0.00000 0.00000 0.00000 0.00000 0.00000 0.00000 0.00000 
84	0	100.08363 0.07750 0.08210 0.09420 0.10967 0.10060 0.10597 0.11010 0.10307 0.21728 0.18911 0.20481 0.22372 0.22372 0.22372 0.22372 0.22372 0.22372 0.06847 0.06675 0.07721 0.09250 0.09823 0.08039 0.08087 0.07764 0.07347 0.22372 0.19137 0.20753 0.22372 0.22372 0.22372 0.22372 0.22372 0.22372 0.00000 0.00000 0.00000 0.00000 0.00000 0.00000 0.00000 0.00000 0.00000 0.00000 0.00000 0.00000 0.00000 0.00000 0.00000 0.00000 0.00000 0.00000 0.00000 0.00000 0.00000 0.00000 
85	0	100.21321 0.16897 0.16523 0.17913 0.21198 0.20339 0.21415 0.22843 0.22843 0.22843 0.22843 0.22843 0.22843 0.22843 0.22843 0.22843 0.22843 0.22843 0.05742 0.06143 0.06729 0.07059 0.08719 0.06865 0.06852 0.06222 0.05650 0.07693 0.07547 0.08588 0.11454 0.22843 0.12218 0.08170 0.07702 0.07550 0.00000 0.00000 0.00000 0.00000 0.00000 0.00000 0.00000 0.00000 0.00000 0.00000 0.00000 0.00000 0.00000 0.00000 0.00000 0.00000 0.00000 0.00000 0.00000 0.00000 0.00000 0.00000 
86	0	100.10205 0.11420 0.13706 0.16363 0.22293 0.21140 0.19062 0.14028 0.11310 0.15195 0.16479 0.20572 0.22293 0.22293 0.22293 0.22293 0.17372 0.15721 0.07994 0.08125 0.09807 0.11554 0.16699 0.16914 0.17925 0.12989 0.09308 0.11399 0.12382 0.15997 0.21251 0.22293 0.22293 0.19279 0.13932 0.11894 0.00000 0.00000 0.00000 0.00000 0.00000 0.00000 0.00000 0.00000 0.00000 0.00000 0.00000 0.00000 0.00000 0.00000 0.00000 0.00000 0.00000 0.00000 0.00000 0.00000 0.00000 0.00000 
87	0	100.08634 0.09150 0.09732 0.06453 0.07660 0.04839 0.06150 0.08106 0.07842 0.22469 0.22469 0.22469 0.18812 0.17376 0.14085 0.17789 0.22469 0.22469 0.20624 0.17098 0.14841 0.11413 0.11092 0.08069 0.08852 0.11324 0.17056 0.22469 0.22469 0.22469 0.22469 0.19796 0.16114 0.17903 0.22157 0.22469 0.00000 0.00000 0.00000 0.00000 0.00000 0.00000 0.00000 0.00000 0.00000 0.00000 0.00000 0.00000 0.00000 0.00000 0.00000 0.00000 0.00000 0.00000 0.00000 0.00000 0.00000 0.00000 
88	0	100.17471 0.16276 0.13854 0.12738 0.15871 0.13956 0.15274 0.16580 0.18459 0.14133 0.14241 0.15649 0.15361 0.16824 0.12164 0.11201 0.11229 0.12647 0.21715 0.20272 0.18909 0.20491 0.21715 0.21715 0.21715 0.21715 0.21715 0.13131 0.11865 0.13295 0.15854 0.20310 0.16292 0.14501 0.13645 0.14112 0.00000 0.00000 0.00000 0.00000 0.00000 0.00000 0.00000 0.00000 0.00000 0.00000 0.00000 0.00000 0.00000 0.00000 0.00000 0.00000 0.00000 0.00000 0.00000 0.00000 0.00000 0.00000 
89	0	100.09917 0.09913 0.10568 0.10277 0.11481 0.10153 0.10696 0.09349 0.09554 0.21360 0.21360 0.21360 0.21360 0.21360 0.21360 0.21360 0.21360 0.21360 0.09806 0.09825 0.11163 0.13089 0.14284 0.11303 0.10914 0.09835 0.09550 0.21360 0.19447 0.19571 0.21360 0.21360 0.20251 0.20311 0.19854 0.21360 0.00000 0.00000 0.00000 0.00000 0.00000 0.00000 0.00000 0.00000 0.00000 0.00000 0.00000 0.00000 0.00000 0.00000 0.00000 0.00000 0.00000 0.00000 0.00000 0.00000 0.00000 0.00000 
90	0	100.16189 0.15848 0.14860 0.15431 0.19938 0.14690 0.14510 0.14669 0.15640 0.18394 0.12056 0.11923 0.16676 0.21667 0.14260 0.10860 0.11592 0.21196 0.17434 0.17531 0.16372 0.17425 0.21667 0.18892 0.18094 0.18206 0.17751 0.13932 0.13565 0.14688 0.21079 0.21667 0.19461 0.13924 0.12707 0.14811 0.00000 0.00000 0.00000 0.00000 0.00000 0.00000 0.00000 0.00000 0.00000 0.00000 0.00000 0.00000 0.00000 0.00000 0.00000 0.00000 0.00000 0.00000 0.00000 0.00000 0.00000 0.00000 
91	0	100.11549 0.07797 0.07067 0.06286 0.09555 0.05128 0.06546 0.06272 0.11670 0.16914 0.11636 0.09323 0.09031 0.12760 0.08919 0.10477 0.09937 0.16831 0.23648 0.23648 0.23648 0.22841 0.22693 0.17151 0.17267 0.20747 0.23648 0.23648 0.23648 0.22336 0.18028 0.18200 0.14725 0.16277 0.20529 0.23648 0.00000 0.00000 0.00000 0.00000 0.00000 0.00000 0.00000 0.00000 0.00000 0.00000 0.00000 0.00000 0.00000 0.00000 0.00000 0.00000 0.00000 0.00000 0.00000 0.00000 0.00000 0.00000 
92	0	100.10797 0.10035 0.10441 0.11393 0.19690 0.20998 0.20998 0.15009 0.12777 0.20206 0.17601 0.15490 0.15769 0.20998 0.20998 0.20998 0.20998 0.20998 0.11713 0.12742 0.12592 0.11526 0.13387 0.11306 0.10670 0.09547 0.10769 0.20998 0.20282 0.19153 0.16982 0.19019 0.17476 0.17924 0.17262 0.20998 0.00000 0.00000 0.00000 0.00000 0.00000 0.00000 0.00000 0.00000 0.00000 0.00000 0.00000 0.00000 0.00000 0.00000 0.00000 0.00000 0.00000 0.00000 0.00000 0.00000 0.00000 0.00000 
93	0	100.04211 0.04713 0.06122 0.05984 0.09556 0.06098 0.05570 0.04371 0.04128 0.21466 0.23145 0.23145 0.23145 0.23145 0.23145 0.23145 0.23145 0.21349 0.04220 0.03772 0.04333 0.04631 0.08496 0.04862 0.05310 0.04886 0.04480 0.22374 0.22597 0.23145 0.23145 0.23145 0.23145 0.23145 0.23145 0.23145 0.00000 0.00000 0.00000 0.00000 0.00000 0.00000 0.00000 0.00000 0.00000 0.00000 0.00000 0.00000 0.00000 0.00000 0.00000 0.00000 0.00000 0.00000 0.00000 0.00000 0.00000 0.00000 
94	0	100.06471 0.07437 0.08407 0.06748 0.15584 0.07214 0.08826 0.06713 0.05679 0.20231 0.21924 0.22902 0.22902 0.22902 0.22902 0.22902 0.21400 0.18584 0.06365 0.07007 0.08019 0.06953 0.15449 0.07307 0.07740 0.05985 0.05791 0.21670 0.22902 0.22902 0.22902 0.22902 0.22902 0.22902 0.19764 0.19164 0.00000 0.00000 0.00000 0.00000 0.00000 0.00000 0.00000 0.00000 0.00000 0.00000 0.00000 0.00000 0.00000 0.00000 0.00000 0.00000 0.00000 0.00000 0.00000 0.00000 0.00000 0.00000 
95	0	100.06612 0.08722 0.11770 0.14846 0.22154 0.11979 0.12209 0.08442 0.06669 0.17681 0.21427 0.22154 0.19533 0.22154 0.20673 0.22154 0.22154 0.22154 0.05802 0.06246 0.07936 0.11824 0.22154 0.12317 0.11444 0.07547 0.05579 0.15348 0.14774 0.15962 0.16925 0.22154 0.22154 0.22154 0.22154 0.21684 0.00000 0.00000 0.00000 0.00000 0.00000 0.00000 0.00000 0.00000 0.00000 0.00000 0.00000 0.00000 0.00000 0.00000 0.00000 0.00000 0.00000 0.00000 0.00000 0.00000 0.00000 0.00000 
96	0	100.13342 0.13241 0.15409 0.15982 0.16351 0.14036 0.14192 0.16351 0.15348 0.22754 0.21345 0.22052 0.22754 0.22754 0.22754 0.22754 0.22754 0.22754 0.07987 0.09623 0.11501 0.12167 0.13201 0.08346 0.07586 0.07365 0.07362 0.11096 0.10094 0.11681 0.16003 0.22754 0.22754 0.21111 0.16627 0.13201 0.00000 0.00000 0.00000 0.00000 0.00000 0.00000 0.00000 0.00000 0.00000 0.00000 0.00000 0.00000 0.00000 0.00000 0.00000 0.00000 0.00000 0.00000 0.00000 0.00000 0.00000 0.00000 
97	0	100.14868 0.12413 0.13228 0.15475 0.22122 0.22122 0.22122 0.22122 0.20961 0.11437 0.09462 0.09926 0.11303 0.18055 0.18894 0.21264 0.19006 0.15074 0.14324 0.13810 0.13917 0.14817 0.17896 0.19515 0.22122 0.22122 0.17390 0.12018 0.10012 0.10056 0.11255 0.16387 0.15608 0.17888 0.17281 0.15050 0.00000 0.00000 0.00000 0.00000 0.00000 0.00000 0.00000 0.00000 0.00000 0.00000 0.00000 0.00000 0.00000 0.00000 0.00000 0.00000 0.00000 0.00000 0.00000 0.00000 0.00000 0.00000 
98	0	100.16346 0.22463 0.22463 0.22463 0.22463 0.18796 0.15460 0.13313 0.13229 0.10457 0.15494 0.22463 0.22463 0.16637 0.10189 0.08128 0.07165 0.08153 0.13915 0.16287 0.22463 0.22463 0.22463 0.21007 0.19358 0.16642 0.15011 0.08962 0.11433 0.16522 0.19426 0.16201 0.12017 0.10489 0.08968 0.08650 0.00000 0.00000 0.00000 0.00000 0.00000 0.00000 0.00000 0.00000 0.00000 0.00000 0.00000 0.00000 0.00000 0.00000 0.00000 0.00000 0.00000 0.00000 0.00000 0.00000 0.00000 0.00000 
99	0	100.15109 0.12478 0.12940 0.14402 0.22503 0.22503 0.22503 0.22503 0.19022 0.09818 0.07355 0.08351 0.08961 0.17714 0.18913 0.19549 0.14219 0.12061 0.14366 0.10993 0.11049 0.10723 0.18667 0.22503 0.22503 0.22503 0.17194 0.11700 0.08081 0.08569 0.09092 0.19103 0.22503 0.22503 0.20721 0.15378 0.00000 0.00000 0.00000 0.00000 0.00000 0.00000 0.00000 0.00000 0.00000 0.00000 0.00000 0.00000 0.00000 0.00000 0.00000 0.00000 0.00000 0.00000 0.00000 0.00000 0.00000 0.00000 
100	0	100.10998 0.13447 0.16925 0.15529 0.16634 0.17240 0.15714 0.12511 0.10719 0.16324 0.15337 0.15799 0.15444 0.20046 0.20060 0.16776 0.14544 0.14056 0.10378 0.12022 0.14605 0.14318 0.15617 0.17842 0.19016 0.15155 0.11633 0.18357 0.18313 0.20151 0.20809 0.20809 0.20809 0.20809 0.20809 0.19240 0.00000 0.00000 0.00000 0.00000 0.00000 0.00000 0.00000 0.00000 0.00000 0.00000 0.00000 0.00000 0.00000 0.00000 0.00000 0.00000 0.00000 0.00000 0.00000 0.00000 0.00000 0.00000 
101	0	100.13936 0.16171 0.18300 0.15888 0.15371 0.11194 0.12494 0.12295 0.12051 0.19722 0.20535 0.20535 0.20535 0.20535 0.19713 0.20535 0.20535 0.20002 0.12875 0.18779 0.20535 0.18227 0.13613 0.08514 0.07842 0.07885 0.08584 0.17404 0.20535 0.20535 0.20535 0.18760 0.14585 0.12959 0.13634 0.14174 0.00000 0.00000 0.00000 0.00000 0.00000 0.00000 0.00000 0.00000 0.00000 0.00000 0.00000 0.00000 0.00000 0.00000 0.00000 0.00000 0.00000 0.00000 0.00000 0.00000 0.00000 0.00000 
102	0	100.17370 0.20527 0.20527 0.18337 0.15269 0.13364 0.14368 0.15871 0.16690 0.18946 0.20527 0.20527 0.20527 0.18307 0.14751 0.15382 0.16095 0.17963 0.16455 0.20527 0.20527 0.19140 0.15481 0.10889 0.11175 0.11858 0.13996 0.14487 0.18262 0.20527 0.18300 0.17015 0.10899 0.10360 0.09990 0.11910 0.00000 0.00000 0.00000 0.00000 0.00000 0.00000 0.00000 0.00000 0.00000 0.00000 0.00000 0.00000 0.00000 0.00000 0.00000 0.00000 0.00000 0.00000 0.00000 0.00000 0.00000 0.00000 
103	0	100.14339 0.17820 0.16384 0.13739 0.14559 0.12189 0.10553 0.08691 0.10421 0.21380 0.21380 0.21380 0.17805 0.21380 0.18213 0.17512 0.13055 0.16209 0.16665 0.18641 0.17168 0.13457 0.13952 0.10855 0.11154 0.09713 0.12540 0.21380 0.21380 0.21380 0.21380 0.20995 0.15181 0.15594 0.14200 0.19782 0.00000 0.00000 0.00000 0.00000 0.00000 0.00000 0.00000 0.00000 0.00000 0.00000 0.00000 0.00000 0.00000 0.00000 0.00000 0.00000 0.00000 0.00000 0.00000 0.00000 0.00000 0.00000 
104	0	100.21669 0.24051 0.24051 0.23810 0.17481 0.12473 0.11285 0.12278 0.14791 0.24051 0.24051 0.24051 0.24051 0.18443 0.14065 0.13374 0.15786 0.21245 0.08226 0.10024 0.11696 0.07953 0.08358 0.05342 0.05733 0.06159 0.06434 0.19322 0.24051 0.24051 0.16523 0.11614 0.09112 0.10395 0.12592 0.15063 0.00000 0.00000 0.00000 0.00000 0.00000 0.00000 0.00000 0.00000 0.00000 0.00000 0.00000 0.00000 0.00000 0.00000 0.00000 0.00000 0.00000 0.00000 0.00000 0.00000 0.00000 0.00000 
105	0	100.14134 0.11471 0.10878 0.11027 0.13806 0.15493 0.16897 0.17818 0.17126 0.16994 0.14277 0.13696 0.13406 0.16426 0.18422 0.19492 0.20532 0.19941 0.14484 0.13441 0.12470 0.13537 0.14816 0.15839 0.17240 0.17390 0.16535 0.20532 0.18362 0.16483 0.16339 0.18889 0.20532 0.20532 0.20532 0.20532 0.00000 0.00000 0.00000 0.00000 0.00000 0.00000 0.00000 0.00000 0.00000 0.00000 0.00000 0.00000 0.00000 0.00000 0.00000 0.00000 0.00000 0.00000 0.00000 0.00000 0.00000 0.00000 
106	0	100.16355 0.14833 0.14736 0.15694 0.22080 0.22410 0.22410 0.22410 0.20584 0.14340 0.14868 0.19254 0.22410 0.22410 0.22410 0.22410 0.18766 0.14820 0.07366 0.06281 0.06511 0.06235 0.12641 0.10913 0.17411 0.16434 0.10089 0.10051 0.11834 0.16469 0.19402 0.22410 0.17153 0.14427 0.10662 0.09743 0.00000 0.00000 0.00000 0.00000 0.00000 0.00000 0.00000 0.00000 0.00000 0.00000 0.00000 0.00000 0.00000 0.00000 0.00000 0.00000 0.00000 0.00000 0.00000 0.00000 0.00000 0.00000 
107	0	100.17557 0.20263 0.20263 0.18169 0.15144 0.15311 0.17353 0.18291 0.16362 0.18314 0.18779 0.17384 0.13044 0.11628 0.13549 0.16127 0.17634 0.17773 0.15116 0.17812 0.19715 0.17522 0.16525 0.16285 0.18087 0.16808 0.14764 0.15902 0.13412 0.13040 0.11019 0.10946 0.13164 0.20263 0.20263 0.18467 0.00000 0.00000 0.00000 0.00000 0.00000 0.00000 0.00000 0.00000 0.00000 0.00000 0.00000 0.00000 0.00000 0.00000 0.00000 0.00000 0.00000 0.00000 0.00000 0.00000 0.00000 0.00000 
108	0	100.12576 0.16724 0.20429 0.18663 0.15543 0.12632 0.10852 0.10195 0.10498 0.13663 0.17794 0.20632 0.19778 0.16180 0.12342 0.11303 0.10716 0.11706 0.15937 0.20345 0.20632 0.19684 0.16537 0.14471 0.15592 0.15863 0.14624 0.20263 0.20632 0.20632 0.20632 0.18626 0.16333 0.17077 0.17652 0.18754 0.00000 0.00000 0.00000 0.00000 0.00000 0.00000 0.00000 0.00000 0.00000 0.00000 0.00000 0.00000 0.00000 0.00000 0.00000 0.00000 0.00000 0.00000 0.00000 0.00000 0.00000 0.00000 
109	0	100.09284 0.12169 0.12880 0.14402 0.22164 0.19573 0.12625 0.09677 0.09209 0.16301 0.15547 0.16406 0.21820 0.22761 0.22761 0.21044 0.18452 0.19896 0.12363 0.15306 0.14322 0.13202 0.15769 0.15595 0.14243 0.12285 0.10602 0.14015 0.13985 0.14202 0.17513 0.22761 0.22761 0.21923 0.17220 0.15847 0.00000 0.00000 0.00000 0.00000 0.00000 0.00000 0.00000 0.00000 0.00000 0.00000 0.00000 0.00000 0.00000 0.00000 0.00000 0.00000 0.00000 0.00000 0.00000 0.00000 0.00000 0.00000 
110	0	100.15910 0.18027 0.19866 0.18894 0.19002 0.13588 0.13325 0.11796 0.12911 0.14616 0.18515 0.21537 0.21537 0.21537 0.19105 0.13998 0.11576 0.12437 0.12562 0.12281 0.13076 0.14930 0.21537 0.20607 0.21537 0.14990 0.12937 0.10668 0.13262 0.17226 0.21537 0.21537 0.21016 0.14144 0.10688 0.10249 0.00000 0.00000 0.00000 0.00000 0.00000 0.00000 0.00000 0.00000 0.00000 0.00000 0.00000 0.00000 0.00000 0.00000 0.00000 0.00000 0.00000 0.00000 0.00000 0.00000 0.00000 0.00000 
111	0	100.09175 0.11254 0.14267 0.15935 0.17827 0.15055 0.11672 0.09244 0.08308 0.20262 0.21369 0.21884 0.21884 0.21884 0.21884 0.20732 0.18244 0.18675 0.10787 0.13507 0.16387 0.16204 0.16305 0.13268 0.10744 0.08686 0.08835 0.15607 0.17467 0.21581 0.21884 0.21884 0.21229 0.15956 0.13291 0.13618 0.00000 0.00000 0.00000 0.00000 0.00000 0.00000 0.00000 0.00000 0.00000 0.00000 0.00000 0.00000 0.00000 0.00000 0.00000 0.00000 0.00000 0.00000 0.00000 0.00000 0.00000 0.00000 
112	0	100.16101 0.17517 0.20114 0.20341 0.22638 0.22638 0.22638 0.22638 0.17272 0.14008 0.12947 0.15810 0.18530 0.22638 0.22638 0.22638 0.21017 0.15825 0.04602 0.04707 0.06060 0.06697 0.14040 0.09980 0.11491 0.09386 0.05877 0.09145 0.09607 0.13544 0.17357 0.22638 0.22638 0.19625 0.14163 0.10510 0.00000 0.00000 0.00000 0.00000 0.00000 0.00000 0.00000 0.00000 0.00000 0.00000 0.00000 0.00000 0.00000 0.00000 0.00000 0.00000 0.00000 0.00000 0.00000 0.00000 0.00000 0.00000 
113	0	100.10859 0.07677 0.07204 0.08042 0.13497 0.23058 0.23122 0.23122 0.18260 0.11669 0.09627 0.09549 0.11537 0.17594 0.23122 0.23122 0.23122 0.16607 0.10415 0.09405 0.10976 0.12086 0.17528 0.21977 0.23122 0.18881 0.13131 0.11235 0.10127 0.12897 0.14793 0.18254 0.23122 0.23122 0.19910 0.13944 0.00000 0.00000 0.00000 0.00000 0.00000 0.00000 0.00000 0.00000 0.00000 0.00000 0.00000 0.00000 0.00000 0.00000 0.00000 0.00000 0.00000 0.00000 0.00000 0.00000 0.00000 0.00000 
114	0	100.13371 0.17408 0.20006 0.16476 0.15952 0.13265 0.12347 0.12024 0.11769 0.17489 0.18020 0.19042 0.17175 0.18086 0.17596 0.18758 0.17813 0.17359 0.10616 0.12929 0.14932 0.15650 0.16774 0.14386 0.12920 0.11002 0.09622 0.19081 0.17897 0.18170 0.18132 0.20517 0.20517 0.20517 0.20517 0.20517 0.00000 0.00000 0.00000 0.00000 0.00000 0.00000 0.00000 0.00000 0.00000 0.00000 0.00000 0.00000 0.00000 0.00000 0.00000 0.00000 0.00000 0.00000 0.00000 0.00000 0.00000 0.00000 
115	0	100.16054 0.11291 0.10894 0.13928 0.20696 0.19594 0.16429 0.13726 0.14767 0.16713 0.10130 0.09704 0.13426 0.18473 0.14036 0.11252 0.10310 0.15340 0.20696 0.15288 0.14845 0.15284 0.20696 0.20696 0.20696 0.20146 0.20696 0.17470 0.14240 0.14147 0.16081 0.20696 0.20696 0.19642 0.18161 0.18859 0.00000 0.00000 0.00000 0.00000 0.00000 0.00000 0.00000 0.00000 0.00000 0.00000 0.00000 0.00000 0.00000 0.00000 0.00000 0.00000 0.00000 0.00000 0.00000 0.00000 0.00000 0.00000 
116	0	100.20217 0.17314 0.16470 0.17464 0.19093 0.18328 0.18161 0.19908 0.20217 0.20217 0.17143 0.16368 0.16740 0.18594 0.16725 0.15911 0.17562 0.20217 0.18837 0.14433 0.12541 0.13136 0.14508 0.12982 0.13094 0.15943 0.20097 0.18284 0.14009 0.12076 0.12468 0.14956 0.12950 0.12881 0.14432 0.17725 0.00000 0.00000 0.00000 0.00000 0.00000 0.00000 0.00000 0.00000 0.00000 0.00000 0.00000 0.00000 0.00000 0.00000 0.00000 0.00000 0.00000 0.00000 0.00000 0.00000 0.00000 0.00000 
117	0	100.10985 0.09358 0.08534 0.09071 0.11723 0.12442 0.12807 0.12892 0.12873 0.21985 0.21985 0.20726 0.21819 0.21985 0.21985 0.21985 0.21985 0.21985 0.07218 0.06401 0.05733 0.05849 0.07971 0.07653 0.08888 0.08324 0.08027 0.21985 0.21985 0.18945 0.19230 0.20942 0.21418 0.21985 0.21985 0.21985 0.00000 0.00000 0.00000 0.00000 0.00000 0.00000 0.00000 0.00000 0.00000 0.00000 0.00000 0.00000 0.00000 0.00000 0.00000 0.00000 0.00000 0.00000 0.00000 0.00000 0.00000 0.00000 
118	0	100.07614 0.13433 0.22338 0.22855 0.22855 0.14780 0.08237 0.06357 0.06457 0.06627 0.09545 0.15244 0.22855 0.22855 0.22796 0.11968 0.07128 0.06368 0.10298 0.13043 0.20890 0.22855 0.22855 0.22855 0.19135 0.12654 0.10497 0.12179 0.12707 0.18884 0.22855 0.22855 0.22855 0.16096 0.11008 0.11424 0.00000 0.00000 0.00000 0.00000 0.00000 0.00000 0.00000 0.00000 0.00000 0.00000 0.00000 0.00000 0.00000 0.00000 0.00000 0.00000 0.00000 0.00000 0.00000 0.00000 0.00000 0.00000 
119	0	100.14903 0.18431 0.20892 0.20892 0.19207 0.16435 0.14512 0.12083 0.13505 0.20892 0.18320 0.17468 0.16156 0.20892 0.20892 0.16968 0.17465 0.20892 0.11511 0.12216 0.13772 0.15240 0.17169 0.13998 0.12160 0.10448 0.10933 0.18887 0.13908 0.12475 0.12576 0.20892 0.20892 0.14996 0.15827 0.18513 0.00000 0.00000 0.00000 0.00000 0.00000 0.00000 0.00000 0.00000 0.00000 0.00000 0.00000 0.00000 0.00000 0.00000 0.00000 0.00000 0.00000 0.00000 0.00000 0.00000 0.00000 0.00000 
120	0	100.12651 0.12945 0.13723 0.14530 0.16684 0.13908 0.11044 0.10441 0.12693 0.16474 0.14130 0.15145 0.16938 0.20215 0.15750 0.11704 0.12163 0.16845 0.18949 0.18776 0.18822 0.18683 0.20215 0.18246 0.16723 0.16821 0.18923 0.20090 0.16900 0.18160 0.20059 0.20215 0.19844 0.15006 0.15538 0.20215 0.00000 0.00000 0.00000 0.00000 0.00000 0.00000 0.00000 0.00000 0.00000 0.00000 0.00000 0.00000 0.00000 0.00000 0.00000 0.00000 0.00000 0.00000 0.00000 0.00000 0.00000 0.00000 
121	0	100.19461 0.18397 0.17462 0.15552 0.15153 0.17799 0.20525 0.20525 0.20525 0.16811 0.14233 0.12860 0.11944 0.13574 0.16501 0.20525 0.20525 0.19551 0.13488 0.11319 0.10568 0.10268 0.12411 0.16280 0.19647 0.20283 0.16050 0.15124 0.12822 0.11794 0.11640 0.15054 0.19247 0.20525 0.20525 0.17945 0.00000 0.00000 0.00000 0.00000 0.00000 0.00000 0.00000 0.00000 0.00000 0.00000 0.00000 0.00000 0.00000 0.00000 0.00000 0.00000 0.00000 0.00000 0.00000 0.00000 0.00000 0.00000 
122	0	100.03385 0.03146 0.04124 0.07390 0.17688 0.22914 0.15612 0.07321 0.04479 0.16716 0.15784 0.18307 0.23395 0.23904 0.23904 0.23904 0.19555 0.17231 0.03024 0.03248 0.05469 0.09831 0.18713 0.18153 0.10842 0.04639 0.03298 0.18485 0.17352 0.20181 0.23904 0.23904 0.23904 0.23904 0.17082 0.17884 0.00000 0.00000 0.00000 0.00000 0.00000 0.00000 0.00000 0.00000 0.00000 0.00000 0.00000 0.00000 0.00000 0.00000 0.00000 0.00000 0.00000 0.00000 0.00000 0.00000 0.00000 0.00000 
123	0	100.10706 0.13425 0.17359 0.16206 0.16387 0.14332 0.14601 0.10829 0.09713 0.12185 0.12620 0.14245 0.14649 0.20005 0.20727 0.20727 0.19408 0.14191 0.15336 0.20126 0.20727 0.20727 0.18016 0.12434 0.11700 0.11232 0.11886 0.16326 0.20456 0.20727 0.19967 0.20727 0.20727 0.20727 0.16231 0.14515 0.00000 0.00000 0.00000 0.00000 0.00000 0.00000 0.00000 0.00000 0.00000 0.00000 0.00000 0.00000 0.00000 0.00000 0.00000 0.00000 0.00000 0.00000 0.00000 0.00000 0.00000 0.00000 
124	0	100.18406 0.15098 0.14792 0.15924 0.20041 0.14806 0.12592 0.12941 0.17034 0.22021 0.22021 0.19364 0.22021 0.22021 0.22021 0.20130 0.19256 0.22021 0.11917 0.10235 0.09540 0.10904 0.15056 0.12669 0.11823 0.10949 0.11164 0.16319 0.14301 0.14864 0.18319 0.22021 0.18661 0.13290 0.12396 0.14907 0.00000 0.00000 0.00000 0.00000 0.00000 0.00000 0.00000 0.00000 0.00000 0.00000 0.00000 0.00000 0.00000 0.00000 0.00000 0.00000 0.00000 0.00000 0.00000 0.00000 0.00000 0.00000 
125	0	100.09617 0.11024 0.14995 0.19044 0.21317 0.14876 0.11517 0.08887 0.09362 0.20419 0.20441 0.21317 0.21317 0.21317 0.15603 0.13334 0.12756 0.16640 0.11867 0.13562 0.16970 0.21088 0.21317 0.21208 0.15049 0.10614 0.10510 0.16666 0.18063 0.21317 0.21317 0.21317 0.15153 0.13052 0.12330 0.14588 0.00000 0.00000 0.00000 0.00000 0.00000 0.00000 0.00000 0.00000 0.00000 0.00000 0.00000 0.00000 0.00000 0.00000 0.00000 0.00000 0.00000 0.00000 0.00000 0.00000 0.00000 0.00000 
126	0	100.04688 0.04684 0.06814 0.10558 0.17594 0.10364 0.07206 0.05232 0.04878 0.16812 0.17377 0.21515 0.23616 0.23616 0.23616 0.23616 0.20371 0.18556 0.05100 0.05072 0.07031 0.10408 0.17855 0.11927 0.09248 0.07148 0.05961 0.18272 0.17713 0.21026 0.23616 0.23616 0.23616 0.23616 0.23616 0.22273 0.00000 0.00000 0.00000 0.00000 0.00000 0.00000 0.00000 0.00000 0.00000 0.00000 0.00000 0.00000 0.00000 0.00000 0.00000 0.00000 0.00000 0.00000 0.00000 0.00000 0.00000 0.00000 
127	0	100.16322 0.20473 0.18761 0.15486 0.15521 0.12891 0.14420 0.13724 0.13250 0.16576 0.20524 0.20524 0.20524 0.20524 0.13482 0.12237 0.12373 0.12956 0.14775 0.15017 0.16136 0.14953 0.17190 0.20248 0.20524 0.17533 0.15609 0.16488 0.17588 0.18797 0.17397 0.20524 0.14735 0.14373 0.13694 0.15358 0.00000 0.00000 0.00000 0.00000 0.00000 0.00000 0.00000 0.00000 0.00000 0.00000 0.00000 0.00000 0.00000 0.00000 0.00000 0.00000 0.00000 0.00000 0.00000 0.00000 0.00000 0.00000 
128	0	100.05441 0.05808 0.07651 0.11924 0.19327 0.16457 0.10981 0.06782 0.05627 0.09214 0.08901 0.10725 0.16308 0.23785 0.23785 0.20684 0.12498 0.09760 0.11195 0.14456 0.16628 0.17772 0.23785 0.20090 0.14296 0.10728 0.09975 0.18187 0.22387 0.23785 0.23785 0.23785 0.23785 0.23785 0.17003 0.15784 0.00000 0.00000 0.00000 0.00000 0.00000 0.00000 0.00000 0.00000 0.00000 0.00000 0.00000 0.00000 0.00000 0.00000 0.00000 0.00000 0.00000 0.00000 0.00000 0.00000 0.00000 0.00000 
129	0	100.17196 0.19453 0.17769 0.15162 0.13807 0.11539 0.11088 0.10946 0.13534 0.17384 0.21347 0.21347 0.19480 0.14712 0.11153 0.09382 0.09668 0.11979 0.18674 0.21347 0.21347 0.17661 0.15912 0.13412 0.12008 0.12579 0.14806 0.21336 0.21347 0.21347 0.21347 0.21347 0.17165 0.13799 0.13848 0.16389 0.00000 0.00000 0.00000 0.00000 0.00000 0.00000 0.00000 0.00000 0.00000 0.00000 0.00000 0.00000 0.00000 0.00000 0.00000 0.00000 0.00000 0.00000 0.00000 0.00000 0.00000 0.00000 
130	0	100.18179 0.19166 0.19695 0.15453 0.16580 0.16909 0.18995 0.17563 0.17312 0.20174 0.20039 0.17564 0.13175 0.15105 0.12870 0.14370 0.15963 0.19354 0.20174 0.20174 0.20174 0.17366 0.17340 0.16192 0.18333 0.18517 0.19784 0.15177 0.12708 0.11187 0.09501 0.12704 0.10050 0.12185 0.13383 0.15880 0.00000 0.00000 0.00000 0.00000 0.00000 0.00000 0.00000 0.00000 0.00000 0.00000 0.00000 0.00000 0.00000 0.00000 0.00000 0.00000 0.00000 0.00000 0.00000 0.00000 0.00000 0.00000 
131	0	100.23859 0.13932 0.10688 0.09569 0.13040 0.15497 0.22810 0.23859 0.23859 0.23859 0.19573 0.14070 0.11963 0.14148 0.17880 0.23859 0.23859 0.23859 0.09330 0.05843 0.05521 0.03736 0.05197 0.05565 0.09014 0.10692 0.12943 0.19648 0.13400 0.10517 0.09119 0.12267 0.15818 0.23056 0.23859 0.23859 0.00000 0.00000 0.00000 0.00000 0.00000 0.00000 0.00000 0.00000 0.00000 0.00000 0.00000 0.00000 0.00000 0.00000 0.00000 0.00000 0.00000 0.00000 0.00000 0.00000 0.00000 0.00000 
132	0	100.19546 0.20628 0.20628 0.15628 0.15257 0.15629 0.18224 0.19418 0.19802 0.10010 0.10802 0.11567 0.11713 0.15060 0.16662 0.16061 0.12285 0.10304 0.20248 0.20628 0.20628 0.19960 0.18061 0.15159 0.17055 0.16713 0.18048 0.12731 0.14213 0.16245 0.16252 0.18650 0.19324 0.18050 0.14074 0.12950 0.00000 0.00000 0.00000 0.00000 0.00000 0.00000 0.00000 0.00000 0.00000 0.00000 0.00000 0.00000 0.00000 0.00000 0.00000 0.00000 0.00000 0.00000 0.00000 0.00000 0.00000 0.00000 
133	0	100.04138 0.04115 0.05706 0.08871 0.14706 0.11772 0.10278 0.08135 0.05884 0.20251 0.17275 0.18999 0.20024 0.23155 0.23155 0.23155 0.23155 0.23155 0.03570 0.05851 0.08596 0.08959 0.13873 0.06780 0.04479 0.03268 0.02959 0.20181 0.22096 0.23155 0.23155 0.23155 0.23155 0.23155 0.23155 0.22964 0.00000 0.00000 0.00000 0.00000 0.00000 0.00000 0.00000 0.00000 0.00000 0.00000 0.00000 0.00000 0.00000 0.00000 0.00000 0.00000 0.00000 0.00000 0.00000 0.00000 0.00000 0.00000 
134	0	100.09007 0.08726 0.10353 0.11503 0.13176 0.10622 0.10576 0.08907 0.08606 0.11183 0.12523 0.16244 0.19712 0.22072 0.20217 0.17282 0.13264 0.11016 0.17310 0.20962 0.22072 0.22072 0.18855 0.12757 0.11122 0.10270 0.12821 0.18667 0.22072 0.22072 0.22072 0.22072 0.22072 0.22072 0.19589 0.17964 0.00000 0.00000 0.00000 0.00000 0.00000 0.00000 0.00000 0.00000 0.00000 0.00000 0.00000 0.00000 0.00000 0.00000 0.00000 0.00000 0.00000 0.00000 0.00000 0.00000 0.00000 0.00000 
135	0	100.09729 0.11918 0.14931 0.15621 0.15545 0.12014 0.10218 0.09198 0.09576 0.15979 0.15877 0.18914 0.21392 0.21392 0.21392 0.16692 0.14993 0.16609 0.12325 0.16269 0.20043 0.19832 0.18709 0.13972 0.12438 0.11467 0.11644 0.18883 0.16294 0.17333 0.21392 0.21392 0.21392 0.19716 0.17795 0.20288 0.00000 0.00000 0.00000 0.00000 0.00000 0.00000 0.00000 0.00000 0.00000 0.00000 0.00000 0.00000 0.00000 0.00000 0.00000 0.00000 0.00000 0.00000 0.00000 0.00000 0.00000 0.00000 
136	0	100.07686 0.04646 0.06253 0.05495 0.11732 0.06754 0.05575 0.04699 0.07839 0.31184 0.20163 0.15984 0.15086 0.24844 0.16476 0.16641 0.21205 0.31184 0.09944 0.05841 0.05563 0.05675 0.16504 0.07507 0.05670 0.05064 0.09746 0.31184 0.22054 0.13285 0.12676 0.31184 0.14694 0.11898 0.17182 0.31184 0.00000 0.00000 0.00000 0.00000 0.00000 0.00000 0.00000 0.00000 0.00000 0.00000 0.00000 0.00000 0.00000 0.00000 0.00000 0.00000 0.00000 0.00000 0.00000 0.00000 0.00000 0.00000 
137	0	100.14928 0.14528 0.14817 0.13874 0.15698 0.15539 0.14955 0.13744 0.14300 0.21379 0.19369 0.19871 0.21379 0.21379 0.21379 0.17846 0.17778 0.20752 0.12302 0.12874 0.13490 0.12909 0.13208 0.12548 0.11939 0.11295 0.11397 0.18710 0.16592 0.16529 0.19257 0.21379 0.19608 0.16727 0.15919 0.17956 0.00000 0.00000 0.00000 0.00000 0.00000 0.00000 0.00000 0.00000 0.00000 0.00000 0.00000 0.00000 0.00000 0.00000 0.00000 0.00000 0.00000 0.00000 0.00000 0.00000 0.00000 0.00000 
138	0	100.05426 0.07797 0.11884 0.14093 0.16820 0.08524 0.06168 0.04785 0.04402 0.10030 0.16494 0.25841 0.25841 0.25841 0.16958 0.10130 0.08099 0.07617 0.10090 0.15136 0.20593 0.20982 0.21775 0.12155 0.09275 0.07306 0.07255 0.17139 0.24074 0.25841 0.25841 0.25841 0.25841 0.17125 0.13585 0.13687 0.00000 0.00000 0.00000 0.00000 0.00000 0.00000 0.00000 0.00000 0.00000 0.00000 0.00000 0.00000 0.00000 0.00000 0.00000 0.00000 0.00000 0.00000 0.00000 0.00000 0.00000 0.00000 
139	0	100.13776 0.13771 0.15107 0.14761 0.17568 0.18177 0.17472 0.15862 0.13764 0.17130 0.14995 0.15650 0.21946 0.21946 0.21946 0.21946 0.20315 0.18163 0.10053 0.09572 0.10048 0.10640 0.14847 0.13548 0.12666 0.10479 0.10030 0.18798 0.14545 0.15094 0.20040 0.21946 0.21946 0.18428 0.17083 0.19083 0.00000 0.00000 0.00000 0.00000 0.00000 0.00000 0.00000 0.00000 0.00000 0.00000 0.00000 0.00000 0.00000 0.00000 0.00000 0.00000 0.00000 0.00000 0.00000 0.00000 0.00000 0.00000 
140	0	100.10497 0.12525 0.14861 0.17463 0.22199 0.19856 0.16728 0.11658 0.09937 0.12062 0.13711 0.16560 0.22199 0.22199 0.22199 0.16103 0.12318 0.12031 0.10245 0.12272 0.16232 0.19026 0.22199 0.21457 0.18422 0.12601 0.10254 0.11706 0.15276 0.21867 0.22199 0.22199 0.21294 0.14614 0.10220 0.09915 0.00000 0.00000 0.00000 0.00000 0.00000 0.00000 0.00000 0.00000 0.00000 0.00000 0.00000 0.00000 0.00000 0.00000 0.00000 0.00000 0.00000 0.00000 0.00000 0.00000 0.00000 0.00000 
141	0	100.10547 0.14742 0.15063 0.11481 0.10763 0.06149 0.05268 0.04877 0.06444 0.23418 0.23418 0.23418 0.23418 0.18138 0.13325 0.11978 0.12453 0.16506 0.18019 0.23418 0.23418 0.20877 0.15868 0.10031 0.08855 0.08788 0.11917 0.23418 0.23418 0.23418 0.23418 0.17431 0.11690 0.11542 0.12739 0.18292 0.00000 0.00000 0.00000 0.00000 0.00000 0.00000 0.00000 0.00000 0.00000 0.00000 0.00000 0.00000 0.00000 0.00000 0.00000 0.00000 0.00000 0.00000 0.00000 0.00000 0.00000 0.00000 
142	0	100.16012 0.13816 0.11929 0.12318 0.13766 0.15447 0.17150 0.16450 0.16005 0.21884 0.21884 0.21884 0.21884 0.21884 0.21884 0.21884 0.21884 0.21884 0.08876 0.08962 0.09658 0.09413 0.11507 0.13366 0.14238 0.11947 0.09815 0.15592 0.16132 0.16779 0.16007 0.17551 0.19249 0.18129 0.16517 0.16212 0.00000 0.00000 0.00000 0.00000 0.00000 0.00000 0.00000 0.00000 0.00000 0.00000 0.00000 0.00000 0.00000 0.00000 0.00000 0.00000 0.00000 0.00000 0.00000 0.00000 0.00000 0.00000 
143	0	100.23326 0.23326 0.23326 0.23326 0.23326 0.19188 0.14069 0.13799 0.19741 0.09143 0.10064 0.11974 0.16014 0.18323 0.11850 0.08195 0.06726 0.07694 0.23326 0.23326 0.23326 0.23326 0.23326 0.18570 0.15385 0.15034 0.18111 0.07825 0.09046 0.11272 0.13597 0.16741 0.11416 0.07966 0.06681 0.06899 0.00000 0.00000 0.00000 0.00000 0.00000 0.00000 0.00000 0.00000 0.00000 0.00000 0.00000 0.00000 0.00000 0.00000 0.00000 0.00000 0.00000 0.00000 0.00000 0.00000 0.00000 0.00000 
144	0	100.03947 0.03723 0.07176 0.13138 0.27057 0.15566 0.09373 0.05168 0.04025 0.12225 0.13567 0.15875 0.17701 0.27057 0.26250 0.20058 0.12710 0.11769 0.06327 0.08199 0.13320 0.24371 0.27057 0.22762 0.12904 0.08595 0.06062 0.10463 0.13240 0.16396 0.21053 0.27057 0.27057 0.22078 0.12017 0.09643 0.00000 0.00000 0.00000 0.00000 0.00000 0.00000 0.00000 0.00000 0.00000 0.00000 0.00000 0.00000 0.00000 0.00000 0.00000 0.00000 0.00000 0.00000 0.00000 0.00000 0.00000 0.00000 
145	0	100.11448 0.09877 0.10654 0.11127 0.12968 0.14217 0.14806 0.13684 0.12478 0.22805 0.22805 0.22805 0.22805 0.22805 0.22805 0.22279 0.22805 0.22805 0.08609 0.07642 0.08881 0.09407 0.10228 0.10538 0.10783 0.10118 0.10020 0.20951 0.17672 0.18834 0.19902 0.20891 0.16923 0.13650 0.15162 0.21126 0.00000 0.00000 0.00000 0.00000 0.00000 0.00000 0.00000 0.00000 0.00000 0.00000 0.00000 0.00000 0.00000 0.00000 0.00000 0.00000 0.00000 0.00000 0.00000 0.00000 0.00000 0.00000 
146	0	100.17552 0.13873 0.12858 0.13569 0.16019 0.15336 0.19445 0.22177 0.22177 0.22177 0.22177 0.19437 0.18470 0.20154 0.21030 0.22177 0.22177 0.22177 0.06108 0.04994 0.05259 0.05225 0.08682 0.06062 0.07536 0.09674 0.09160 0.19860 0.14849 0.13456 0.12871 0.15734 0.14975 0.19160 0.22177 0.22177 0.00000 0.00000 0.00000 0.00000 0.00000 0.00000 0.00000 0.00000 0.00000 0.00000 0.00000 0.00000 0.00000 0.00000 0.00000 0.00000 0.00000 0.00000 0.00000 0.00000 0.00000 0.00000 
147	0	100.12946 0.15539 0.17780 0.17610 0.15863 0.14228 0.13430 0.12601 0.12888 0.18585 0.21657 0.21933 0.21933 0.20582 0.18132 0.16394 0.17038 0.18872 0.12670 0.19980 0.21933 0.19239 0.13507 0.09237 0.08239 0.08375 0.09422 0.19401 0.21933 0.21933 0.21933 0.18013 0.11390 0.09616 0.09982 0.12960 0.00000 0.00000 0.00000 0.00000 0.00000 0.00000 0.00000 0.00000 0.00000 0.00000 0.00000 0.00000 0.00000 0.00000 0.00000 0.00000 0.00000 0.00000 0.00000 0.00000 0.00000 0.00000 
148	0	100.21584 0.21584 0.16259 0.14450 0.14377 0.13294 0.18535 0.21584 0.21584 0.21584 0.20128 0.17615 0.17396 0.18414 0.16191 0.17938 0.21104 0.21584 0.21584 0.19531 0.14739 0.11719 0.11371 0.08903 0.11696 0.14912 0.20535 0.13825 0.13053 0.12765 0.12888 0.14540 0.10002 0.10440 0.11038 0.13135 0.00000 0.00000 0.00000 0.00000 0.00000 0.00000 0.00000 0.00000 0.00000 0.00000 0.00000 0.00000 0.00000 0.00000 0.00000 0.00000 0.00000 0.00000 0.00000 0.00000 0.00000 0.00000 
149	0	100.04415 0.05986 0.11250 0.15166 0.17423 0.09731 0.06643 0.04735 0.04188 0.12003 0.12001 0.15764 0.19373 0.21503 0.20586 0.21503 0.21503 0.16066 0.10255 0.14870 0.21503 0.21503 0.21503 0.13570 0.11722 0.09132 0.09183 0.18135 0.19750 0.21503 0.21503 0.21503 0.21503 0.21503 0.21503 0.20183 0.00000 0.00000 0.00000 0.00000 0.00000 0.00000 0.00000 0.00000 0.00000 0.00000 0.00000 0.00000 0.00000 0.00000 0.00000 0.00000 0.00000 0.00000 0.00000 0.00000 0.00000 0.00000 
150	0	100.07826 0.07834 0.11144 0.17422 0.25136 0.23544 0.18246 0.12590 0.10535 0.10692 0.09759 0.12076 0.20090 0.25136 0.25136 0.22327 0.16669 0.14224 0.07462 0.09889 0.14878 0.23051 0.25136 0.20285 0.12892 0.08151 0.06979 0.09373 0.11130 0.15265 0.22413 0.25136 0.21490 0.13830 0.09800 0.08713 0.00000 0.00000 0.00000 0.00000 0.00000 0.00000 0.00000 0.00000 0.00000 0.00000 0.00000 0.00000 0.00000 0.00000 0.00000 0.00000 0.00000 0.00000 0.00000 0.00000 0.00000 0.00000 
151	0	100.18593 0.16899 0.16971 0.17732 0.19075 0.18201 0.18443 0.18482 0.19001 0.15975 0.13808 0.12612 0.12676 0.13535 0.12185 0.12797 0.14005 0.15668 0.20276 0.19025 0.19644 0.20276 0.20276 0.19895 0.17920 0.18734 0.20276 0.15795 0.14059 0.13323 0.14228 0.15959 0.12838 0.12048 0.13948 0.16093 0.00000 0.00000 0.00000 0.00000 0.00000 0.00000 0.00000 0.00000 0.00000 0.00000 0.00000 0.00000 0.00000 0.00000 0.00000 0.00000 0.00000 0.00000 0.00000 0.00000 0.00000 0.00000 
152	0	100.13057 0.11416 0.10762 0.11867 0.20550 0.16311 0.19872 0.18195 0.14433 0.21939 0.21939 0.21939 0.21939 0.21939 0.21071 0.21939 0.21939 0.21939 0.04417 0.03781 0.04090 0.05627 0.15824 0.08750 0.08449 0.07086 0.05095 0.21596 0.18591 0.15468 0.13299 0.16959 0.15740 0.19082 0.19868 0.20599 0.00000 0.00000 0.00000 0.00000 0.00000 0.00000 0.00000 0.00000 0.00000 0.00000 0.00000 0.00000 0.00000 0.00000 0.00000 0.00000 0.00000 0.00000 0.00000 0.00000 0.00000 0.00000 
153	0	100.16040 0.15650 0.15180 0.15062 0.15948 0.14317 0.13405 0.13897 0.15325 0.20893 0.20893 0.20893 0.20893 0.20893 0.20893 0.20053 0.20278 0.20893 0.13063 0.15524 0.18766 0.14784 0.11867 0.09802 0.08977 0.09403 0.10877 0.17039 0.18581 0.20005 0.17526 0.16805 0.17073 0.15481 0.13944 0.15042 0.00000 0.00000 0.00000 0.00000 0.00000 0.00000 0.00000 0.00000 0.00000 0.00000 0.00000 0.00000 0.00000 0.00000 0.00000 0.00000 0.00000 0.00000 0.00000 0.00000 0.00000 0.00000 
154	0	100.03832 0.05529 0.10364 0.12442 0.14542 0.08776 0.06082 0.04061 0.03491 0.13034 0.13484 0.20309 0.23722 0.23722 0.21964 0.17121 0.14535 0.13315 0.05891 0.08984 0.14902 0.20063 0.22505 0.13471 0.09825 0.06771 0.05579 0.19394 0.20984 0.23722 0.23722 0.23722 0.23722 0.23722 0.23722 0.21601 0.00000 0.00000 0.00000 0.00000 0.00000 0.00000 0.00000 0.00000 0.00000 0.00000 0.00000 0.00000 0.00000 0.00000 0.00000 0.00000 0.00000 0.00000 0.00000 0.00000 0.00000 0.00000 
155	0	100.13708 0.15879 0.18194 0.18667 0.20583 0.21017 0.20816 0.15582 0.13837 0.14533 0.18194 0.21017 0.21017 0.21017 0.19378 0.17099 0.13809 0.13247 0.11834 0.13410 0.14756 0.16027 0.17290 0.14368 0.13703 0.12500 0.11593 0.12518 0.15700 0.21017 0.21017 0.20980 0.15700 0.13837 0.12103 0.11644 0.00000 0.00000 0.00000 0.00000 0.00000 0.00000 0.00000 0.00000 0.00000 0.00000 0.00000 0.00000 0.00000 0.00000 0.00000 0.00000 0.00000 0.00000 0.00000 0.00000 0.00000 0.00000 
156	0	100.15498 0.13054 0.11235 0.09977 0.11751 0.15969 0.18734 0.17037 0.16469 0.20496 0.19059 0.16736 0.14205 0.14323 0.18491 0.21087 0.21087 0.21087 0.18095 0.13645 0.12135 0.10953 0.11042 0.13466 0.16277 0.17660 0.19147 0.19965 0.13968 0.11992 0.11714 0.14489 0.21087 0.21087 0.21087 0.21087 0.00000 0.00000 0.00000 0.00000 0.00000 0.00000 0.00000 0.00000 0.00000 0.00000 0.00000 0.00000 0.00000 0.00000 0.00000 0.00000 0.00000 0.00000 0.00000 0.00000 0.00000 0.00000 
157	0	100.09165 0.08183 0.08980 0.10065 0.16076 0.15033 0.15663 0.10583 0.09474 0.12716 0.10983 0.11594 0.12739 0.17171 0.12633 0.15402 0.12569 0.12592 0.12218 0.11241 0.11891 0.13238 0.20028 0.18661 0.19398 0.15453 0.13855 0.23514 0.23514 0.23514 0.23514 0.23514 0.23514 0.23514 0.23514 0.23514 0.00000 0.00000 0.00000 0.00000 0.00000 0.00000 0.00000 0.00000 0.00000 0.00000 0.00000 0.00000 0.00000 0.00000 0.00000 0.00000 0.00000 0.00000 0.00000 0.00000 0.00000 0.00000 
158	0	100.16245 0.14176 0.14569 0.17496 0.20128 0.19422 0.17297 0.16853 0.16994 0.14702 0.16960 0.19993 0.20546 0.20546 0.17633 0.14466 0.13789 0.14322 0.11986 0.12341 0.14336 0.17601 0.20546 0.18366 0.14766 0.12168 0.11745 0.14105 0.16944 0.20546 0.20546 0.20546 0.18238 0.14258 0.12348 0.12770 0.00000 0.00000 0.00000 0.00000 0.00000 0.00000 0.00000 0.00000 0.00000 0.00000 0.00000 0.00000 0.00000 0.00000 0.00000 0.00000 0.00000 0.00000 0.00000 0.00000 0.00000 0.00000 
159	0	100.07817 0.10362 0.13145 0.17939 0.22792 0.15389 0.10904 0.07614 0.07023 0.15569 0.14992 0.17006 0.22456 0.22792 0.22792 0.22792 0.20354 0.17465 0.08383 0.12091 0.16906 0.18051 0.22792 0.12712 0.08055 0.06170 0.06745 0.14355 0.15182 0.19898 0.22792 0.22792 0.22792 0.18332 0.14197 0.14392 0.00000 0.00000 0.00000 0.00000 0.00000 0.00000 0.00000 0.00000 0.00000 0.00000 0.00000 0.00000 0.00000 0.00000 0.00000 0.00000 0.00000 0.00000 0.00000 0.00000 0.00000 0.00000 
                                                                                                                                                                                                                                                                                                                                                                                                                                                                                                                                                                                                                                                                                                                                                                                                                                                                                                                                                                                                                                                                                                                                                                                                                                                                                                                                                                                                                                                                                                                                                                                                                                                                                                                                                                                                                                                                                                                                                                                                                                                                                                                                                                                                                                                                                                                                                                                                                                                                                                                                                                                                                                                                                                                                                                                                                                                                                                                                                                                                                                                                                                                                                                                                                                                                                                                                                                                                                                                                                                                                                                                                                                                                                                                                                                                                                                                                                                                                                                                                                                                                                                                                                                                                                                                                                                                                                                                                                                                                                                                                                                                                                                                                                                                                                                                                                                                                                                                                                                                                                                                                                                                                                                                                                                                                                                                                                                                                                                                                                                                                                                                                                                                                                                                                                                                                                                                                                                                                                                                                                                                                                                                                                                                                                                                                                                                                                                                                                                                                                                                                                                                             0.20546 0.18366 0.14766 0.12168 0.11745 0.14105 0.16944 0.20546 0.20546 0.20546 0.18238 0.14258 0.12348 0.12770 0.00000 0.00000 0.00000 0.00000 0.00000 0.00000 0.00000 0.00000 0.00000 0.00000 0.00000 0.00000 0.00000 0.00000 0.00000 0.00000 0.00000 0.00000 0.00000 0.00000 0.00000 0.00000 
174	0	100.07817 0.10362 0.13145 0.17939 0.22792 0.15389 0.10904 0.07614 0.07023 0.15569 0.14992 0.17006 0.22456 0.22792 0.22792 0.22792 0.20354 0.17465 0.08383 0.12091 0.16906 0.18051 0.22792 0.12712 0.08055 0.06170 0.06745 0.14355 0.15182 0.19898 0.22792 0.22792 0.22792 0.18332 0.14197 0.14392 0.00000 0.00000 0.00000 0.00000 0.00000 0.00000 0.00000 0.00000 0.00000 0.00000 0.00000 0.00000 0.00000 0.00000 0.00000 0.00000 0.00000 0.00000 0.00000 0.00000 0.00000 0.00000 
