200	2	58
0	0	1	0.20595 0.17898 0.16216 0.15647 0.18160 0.16063 0.16253 0.15387 0.19826 0.20595 0.15472 0.13682 0.14421 0.20595 0.15578 0.13194 0.13796 0.19638 0.20595 0.15521 0.13890 0.14155 0.18803 0.12108 0.11225 0.11951 0.20272 0.20595 0.15238 0.13820 0.15246 0.20595 0.14721 0.13237 0.14536 0.20595 0.00000 0.00000 0.00000 0.00000 0.00000 0.00000 0.00000 0.00000 0.00000 0.00000 0.00000 0.00000 0.00000 0.00000 0.00000 0.00000 0.00000 0.00000 0.00000 0.00000 0.00000 0.00000 
1	0	1	0.21982 0.21982 0.21660 0.18287 0.21982 0.16094 0.17319 0.18144 0.19982 0.21982 0.21982 0.21982 0.21982 0.21982 0.18858 0.19902 0.20649 0.21982 0.07053 0.06163 0.06536 0.08913 0.21982 0.09952 0.07289 0.06684 0.06529 0.11580 0.09278 0.08831 0.09993 0.17469 0.15360 0.15028 0.11978 0.10903 0.00000 0.00000 0.00000 0.00000 0.00000 0.00000 0.00000 0.00000 0.00000 0.00000 0.00000 0.00000 0.00000 0.00000 0.00000 0.00000 0.00000 0.00000 0.00000 0.00000 0.00000 0.00000 
2	0	1	0.10053 0.10157 0.11689 0.16437 0.23321 0.16466 0.11693 0.09170 0.09590 0.21489 0.21655 0.22035 0.24074 0.24074 0.24074 0.24074 0.22008 0.21245 0.05196 0.05877 0.06848 0.09001 0.17118 0.08305 0.05571 0.04378 0.04665 0.12950 0.13120 0.12998 0.20461 0.24074 0.24074 0.20300 0.16120 0.13595 0.00000 0.00000 0.00000 0.00000 0.00000 0.00000 0.00000 0.00000 0.00000 0.00000 0.00000 0.00000 0.00000 0.00000 0.00000 0.00000 0.00000 0.00000 0.00000 0.00000 0.00000 0.00000 
3	0	1	0.09142 0.09823 0.13815 0.23895 0.23895 0.23895 0.13839 0.10367 0.10081 0.12790 0.12238 0.15910 0.21172 0.23895 0.23895 0.19330 0.15182 0.14911 0.08331 0.08218 0.12808 0.22275 0.23895 0.20912 0.11633 0.08476 0.08720 0.11168 0.10494 0.13403 0.17487 0.23895 0.22071 0.17658 0.13165 0.12506 0.00000 0.00000 0.00000 0.00000 0.00000 0.00000 0.00000 0.00000 0.00000 0.00000 0.00000 0.00000 0.00000 0.00000 0.00000 0.00000 0.00000 0.00000 0.00000 0.00000 0.00000 0.00000 
4	0	1	0.20191 0.17393 0.16375 0.18034 0.21380 0.21380 0.21380 0.21380 0.21380 0.09855 0.10505 0.11208 0.12095 0.17323 0.16822 0.13417 0.11532 0.10691 0.18058 0.15508 0.16283 0.17434 0.21380 0.21380 0.18404 0.18078 0.20336 0.10582 0.11351 0.12880 0.14136 0.19181 0.18008 0.14087 0.12197 0.11176 0.00000 0.00000 0.00000 0.00000 0.00000 0.00000 0.00000 0.00000 0.00000 0.00000 0.00000 0.00000 0.00000 0.00000 0.00000 0.00000 0.00000 0.00000 0.00000 0.00000 0.00000 0.00000 
5	0	1	0.21053 0.21053 0.14537 0.10475 0.12356 0.13639 0.14224 0.14616 0.20068 0.19827 0.15731 0.13240 0.14950 0.19157 0.21053 0.21053 0.20933 0.21011 0.18819 0.14049 0.11210 0.10072 0.13126 0.13143 0.15489 0.17626 0.20172 0.15960 0.16069 0.14240 0.15440 0.17755 0.15821 0.16176 0.16979 0.17054 0.00000 0.00000 0.00000 0.00000 0.00000 0.00000 0.00000 0.00000 0.00000 0.00000 0.00000 0.00000 0.00000 0.00000 0.00000 0.00000 0.00000 0.00000 0.00000 0.00000 0.00000 0.00000 
6	0	1	0.14958 0.09637 0.10754 0.23868 0.25586 0.23312 0.09791 0.09144 0.13774 0.09851 0.08045 0.09734 0.20195 0.25586 0.17064 0.08326 0.07644 0.08898 0.25586 0.12235 0.13272 0.22555 0.25586 0.22384 0.12381 0.11822 0.23412 0.14278 0.09691 0.12878 0.19871 0.25586 0.16177 0.09340 0.08653 0.12848 0.00000 0.00000 0.00000 0.00000 0.00000 0.00000 0.00000 0.00000 0.00000 0.00000 0.00000 0.00000 0.00000 0.00000 0.00000 0.00000 0.00000 0.00000 0.00000 0.00000 0.00000 0.00000 
7	0	1	0.15353 0.11575 0.11132 0.14119 0.21308 0.17052 0.14344 0.13358 0.15319 0.18760 0.14959 0.15681 0.21179 0.22002 0.22002 0.18571 0.16843 0.18053 0.06706 0.06685 0.07211 0.09336 0.16556 0.11568 0.09029 0.06713 0.06532 0.20302 0.19768 0.20745 0.22002 0.22002 0.22002 0.22002 0.19064 0.19732 0.00000 0.00000 0.00000 0.00000 0.00000 0.00000 0.00000 0.00000 0.00000 0.00000 0.00000 0.00000 0.00000 0.00000 0.00000 0.00000 0.00000 0.00000 0.00000 0.00000 0.00000 0.00000 
8	0	1	0.08919 0.10184 0.13988 0.20667 0.21961 0.14808 0.12301 0.09544 0.08433 0.11356 0.12657 0.16170 0.21961 0.21961 0.16920 0.15596 0.12452 0.10932 0.14569 0.17732 0.21961 0.21961 0.21961 0.19653 0.16657 0.13580 0.12916 0.14960 0.16199 0.19963 0.21961 0.21961 0.18482 0.16428 0.13802 0.14074 0.00000 0.00000 0.00000 0.00000 0.00000 0.00000 0.00000 0.00000 0.00000 0.00000 0.00000 0.00000 0.00000 0.00000 0.00000 0.00000 0.00000 0.00000 0.00000 0.00000 0.00000 0.00000 
9	0	1	0.11980 0.11023 0.11926 0.15082 0.20753 0.16166 0.11879 0.11251 0.12096 0.18364 0.15646 0.16998 0.18633 0.20753 0.16832 0.15339 0.15403 0.17007 0.12177 0.11151 0.11972 0.16163 0.20753 0.16334 0.12875 0.12362 0.13406 0.20672 0.17145 0.19141 0.20753 0.20753 0.20753 0.20753 0.20753 0.20753 0.00000 0.00000 0.00000 0.00000 0.00000 0.00000 0.00000 0.00000 0.00000 0.00000 0.00000 0.00000 0.00000 0.00000 0.00000 0.00000 0.00000 0.00000 0.00000 0.00000 0.00000 0.00000 
10	0	1	0.17387 0.17906 0.18914 0.21081 0.21081 0.19514 0.14272 0.14578 0.17263 0.14043 0.11940 0.13443 0.18205 0.21081 0.13260 0.10792 0.11511 0.14141 0.18546 0.17910 0.19033 0.21081 0.21081 0.19858 0.15136 0.15230 0.17341 0.14531 0.12512 0.13724 0.18561 0.21081 0.13778 0.11565 0.12098 0.14370 0.00000 0.00000 0.00000 0.00000 0.00000 0.00000 0.00000 0.00000 0.00000 0.00000 0.00000 0.00000 0.00000 0.00000 0.00000 0.00000 0.00000 0.00000 0.00000 0.00000 0.00000 0.00000 
11	0	1	0.20506 0.20506 0.20506 0.19497 0.18061 0.15562 0.15549 0.16772 0.20506 0.12251 0.10255 0.08817 0.06914 0.08856 0.05391 0.05357 0.06687 0.10778 0.20506 0.20506 0.20506 0.19247 0.19757 0.20506 0.20458 0.19466 0.20506 0.20506 0.20506 0.18910 0.14192 0.13877 0.12606 0.12331 0.14214 0.19539 0.00000 0.00000 0.00000 0.00000 0.00000 0.00000 0.00000 0.00000 0.00000 0.00000 0.00000 0.00000 0.00000 0.00000 0.00000 0.00000 0.00000 0.00000 0.00000 0.00000 0.00000 0.00000 
12	0	1	0.23122 0.14650 0.13259 0.14311 0.23155 0.23291 0.24539 0.24539 0.24539 0.24539 0.19865 0.16413 0.15068 0.18080 0.20232 0.24539 0.24539 0.24539 0.05060 0.03726 0.04088 0.05166 0.19659 0.06761 0.05426 0.06123 0.07130 0.09713 0.06834 0.07320 0.09869 0.19006 0.11702 0.10545 0.13604 0.14329 0.00000 0.00000 0.00000 0.00000 0.00000 0.00000 0.00000 0.00000 0.00000 0.00000 0.00000 0.00000 0.00000 0.00000 0.00000 0.00000 0.00000 0.00000 0.00000 0.00000 0.00000 0.00000 
13	0	1	0.04146 0.03982 0.06077 0.14889 0.25023 0.18278 0.07825 0.04491 0.04177 0.15065 0.12790 0.15342 0.25023 0.25023 0.25023 0.24115 0.19172 0.18049 0.03277 0.03600 0.05538 0.13216 0.25023 0.20449 0.08213 0.04110 0.03379 0.13728 0.12469 0.14833 0.25023 0.25023 0.25023 0.22283 0.16520 0.16250 0.00000 0.00000 0.00000 0.00000 0.00000 0.00000 0.00000 0.00000 0.00000 0.00000 0.00000 0.00000 0.00000 0.00000 0.00000 0.00000 0.00000 0.00000 0.00000 0.00000 0.00000 0.00000 
14	0	1	0.17787 0.16437 0.17075 0.17409 0.19991 0.18926 0.17931 0.17217 0.17112 0.17201 0.14984 0.15694 0.17030 0.19991 0.19443 0.18223 0.17384 0.17332 0.16191 0.15587 0.15447 0.14372 0.15498 0.13756 0.13260 0.13992 0.14801 0.17030 0.15471 0.15724 0.16171 0.18638 0.16701 0.15313 0.15355 0.16005 0.00000 0.00000 0.00000 0.00000 0.00000 0.00000 0.00000 0.00000 0.00000 0.00000 0.00000 0.00000 0.00000 0.00000 0.00000 0.00000 0.00000 0.00000 0.00000 0.00000 0.00000 0.00000 
15	0	1	0.14377 0.13262 0.14322 0.15853 0.19964 0.20325 0.20325 0.18887 0.16830 0.20010 0.16794 0.16271 0.16670 0.20325 0.20325 0.20325 0.20325 0.20325 0.09822 0.09033 0.10966 0.12544 0.15879 0.16108 0.15778 0.12736 0.11226 0.15661 0.14276 0.15066 0.15014 0.17243 0.17793 0.19007 0.17392 0.17368 0.00000 0.00000 0.00000 0.00000 0.00000 0.00000 0.00000 0.00000 0.00000 0.00000 0.00000 0.00000 0.00000 0.00000 0.00000 0.00000 0.00000 0.00000 0.00000 0.00000 0.00000 0.00000 
16	0	1	0.19971 0.12781 0.12026 0.18647 0.22456 0.22456 0.18189 0.14867 0.20905 0.17795 0.13978 0.13723 0.19097 0.22456 0.22456 0.22456 0.18573 0.17922 0.11007 0.08425 0.09171 0.16043 0.22456 0.20037 0.12008 0.10234 0.11817 0.11485 0.09049 0.09249 0.13327 0.21455 0.19731 0.15637 0.12454 0.11284 0.00000 0.00000 0.00000 0.00000 0.00000 0.00000 0.00000 0.00000 0.00000 0.00000 0.00000 0.00000 0.00000 0.00000 0.00000 0.00000 0.00000 0.00000 0.00000 0.00000 0.00000 0.00000 
17	0	1	0.06225 0.04893 0.05964 0.10844 0.16857 0.09320 0.05263 0.04492 0.06320 0.18955 0.16329 0.18532 0.23613 0.23613 0.23613 0.16535 0.16147 0.19563 0.11172 0.08986 0.09687 0.15317 0.23613 0.13610 0.08702 0.07586 0.10743 0.21710 0.19288 0.22339 0.23613 0.23613 0.23613 0.19284 0.18058 0.22456 0.00000 0.00000 0.00000 0.00000 0.00000 0.00000 0.00000 0.00000 0.00000 0.00000 0.00000 0.00000 0.00000 0.00000 0.00000 0.00000 0.00000 0.00000 0.00000 0.00000 0.00000 0.00000 
18	0	1	0.12958 0.09591 0.10535 0.15377 0.22321 0.15472 0.10431 0.09172 0.12538 0.15066 0.11044 0.12478 0.19280 0.22321 0.21092 0.13877 0.11940 0.14505 0.18599 0.12106 0.14036 0.21249 0.22321 0.19963 0.12419 0.12071 0.17713 0.20110 0.13804 0.14781 0.22321 0.22321 0.22321 0.17887 0.16069 0.19491 0.00000 0.00000 0.00000 0.00000 0.00000 0.00000 0.00000 0.00000 0.00000 0.00000 0.00000 0.00000 0.00000 0.00000 0.00000 0.00000 0.00000 0.00000 0.00000 0.00000 0.00000 0.00000 
19	0	1	0.19651 0.18476 0.19776 0.22501 0.22501 0.21850 0.15606 0.14946 0.17666 0.11536 0.09816 0.10666 0.15753 0.22501 0.17237 0.09867 0.09334 0.10948 0.18180 0.16348 0.17921 0.22501 0.22501 0.22501 0.17101 0.15195 0.17313 0.10541 0.09072 0.09916 0.15219 0.22501 0.17391 0.10115 0.08978 0.10712 0.00000 0.00000 0.00000 0.00000 0.00000 0.00000 0.00000 0.00000 0.00000 0.00000 0.00000 0.00000 0.00000 0.00000 0.00000 0.00000 0.00000 0.00000 0.00000 0.00000 0.00000 0.00000 
20	0	1	0.11141 0.09922 0.11825 0.18855 0.24098 0.24098 0.11287 0.08686 0.10389 0.11790 0.13229 0.17188 0.18687 0.24098 0.15404 0.12086 0.10229 0.11219 0.16721 0.13995 0.15838 0.23899 0.24098 0.24098 0.13950 0.11832 0.15084 0.09137 0.11654 0.17645 0.22999 0.24098 0.22654 0.14830 0.11717 0.10047 0.00000 0.00000 0.00000 0.00000 0.00000 0.00000 0.00000 0.00000 0.00000 0.00000 0.00000 0.00000 0.00000 0.00000 0.00000 0.00000 0.00000 0.00000 0.00000 0.00000 0.00000 0.00000 
21	0	1	0.12066 0.12255 0.14604 0.23512 0.23512 0.21802 0.14657 0.12861 0.12827 0.13363 0.15954 0.18840 0.23512 0.23512 0.16483 0.10915 0.09635 0.11918 0.09165 0.09059 0.08998 0.15550 0.23512 0.14637 0.09873 0.09550 0.09251 0.19170 0.19850 0.20492 0.23512 0.23512 0.17893 0.13961 0.13955 0.17185 0.00000 0.00000 0.00000 0.00000 0.00000 0.00000 0.00000 0.00000 0.00000 0.00000 0.00000 0.00000 0.00000 0.00000 0.00000 0.00000 0.00000 0.00000 0.00000 0.00000 0.00000 0.00000 
22	0	1	0.09833 0.11551 0.13351 0.18562 0.25922 0.14789 0.08969 0.07528 0.09087 0.05160 0.06095 0.09917 0.25922 0.25922 0.22086 0.11172 0.06460 0.05253 0.16819 0.20263 0.24597 0.25922 0.25922 0.24690 0.13961 0.12149 0.14402 0.06272 0.08624 0.15214 0.25922 0.25922 0.17406 0.08201 0.05531 0.05561 0.00000 0.00000 0.00000 0.00000 0.00000 0.00000 0.00000 0.00000 0.00000 0.00000 0.00000 0.00000 0.00000 0.00000 0.00000 0.00000 0.00000 0.00000 0.00000 0.00000 0.00000 0.00000 
23	0	1	0.10762 0.09152 0.10712 0.14735 0.22113 0.15660 0.10447 0.09159 0.10772 0.04854 0.05230 0.07470 0.11036 0.17528 0.12156 0.08490 0.05426 0.04795 0.22113 0.22113 0.21609 0.22113 0.22113 0.22113 0.18805 0.18699 0.22113 0.22113 0.18289 0.17369 0.17858 0.22113 0.19220 0.18267 0.19133 0.22113 0.00000 0.00000 0.00000 0.00000 0.00000 0.00000 0.00000 0.00000 0.00000 0.00000 0.00000 0.00000 0.00000 0.00000 0.00000 0.00000 0.00000 0.00000 0.00000 0.00000 0.00000 0.00000 
24	0	1	0.07562 0.08519 0.11759 0.19715 0.26242 0.21689 0.13610 0.09416 0.07250 0.07757 0.07827 0.10346 0.26242 0.26242 0.26242 0.19229 0.12585 0.08275 0.07587 0.08304 0.12649 0.26011 0.26242 0.20780 0.10742 0.07504 0.06643 0.08383 0.09570 0.14875 0.26242 0.26242 0.24180 0.12854 0.08919 0.07169 0.00000 0.00000 0.00000 0.00000 0.00000 0.00000 0.00000 0.00000 0.00000 0.00000 0.00000 0.00000 0.00000 0.00000 0.00000 0.00000 0.00000 0.00000 0.00000 0.00000 0.00000 0.00000 
25	0	1	0.08462 0.08254 0.11244 0.17889 0.23409 0.23409 0.23409 0.15977 0.10596 0.07093 0.08123 0.11056 0.19350 0.23409 0.23409 0.18618 0.13555 0.09204 0.09331 0.09859 0.12227 0.18800 0.23409 0.18362 0.12041 0.09230 0.08402 0.16463 0.16223 0.17462 0.23409 0.23409 0.23304 0.16581 0.14523 0.14766 0.00000 0.00000 0.00000 0.00000 0.00000 0.00000 0.00000 0.00000 0.00000 0.00000 0.00000 0.00000 0.00000 0.00000 0.00000 0.00000 0.00000 0.00000 0.00000 0.00000 0.00000 0.00000 
26	0	1	0.04584 0.03814 0.05349 0.05730 0.26729 0.07933 0.07081 0.04333 0.04901 0.23632 0.22568 0.26875 0.26875 0.26875 0.26875 0.26875 0.23677 0.23705 0.03053 0.02371 0.04090 0.02917 0.21658 0.03446 0.05827 0.03007 0.03221 0.09835 0.09668 0.13437 0.18773 0.26875 0.25965 0.16734 0.10913 0.10528 0.00000 0.00000 0.00000 0.00000 0.00000 0.00000 0.00000 0.00000 0.00000 0.00000 0.00000 0.00000 0.00000 0.00000 0.00000 0.00000 0.00000 0.00000 0.00000 0.00000 0.00000 0.00000 
27	0	1	0.12517 0.10191 0.09545 0.12004 0.18985 0.11959 0.09578 0.09890 0.12792 0.22006 0.19100 0.15691 0.17094 0.19869 0.18571 0.17879 0.19860 0.22006 0.11846 0.09945 0.09281 0.11740 0.19354 0.11923 0.09578 0.10094 0.12086 0.22006 0.22006 0.16781 0.17906 0.21739 0.22006 0.22006 0.22006 0.22006 0.00000 0.00000 0.00000 0.00000 0.00000 0.00000 0.00000 0.00000 0.00000 0.00000 0.00000 0.00000 0.00000 0.00000 0.00000 0.00000 0.00000 0.00000 0.00000 0.00000 0.00000 0.00000 
28	0	1	0.16990 0.10271 0.09999 0.12101 0.18946 0.11321 0.08111 0.09797 0.18734 0.22710 0.12603 0.11882 0.13716 0.21997 0.15067 0.12565 0.14089 0.22710 0.14134 0.07709 0.07501 0.09965 0.16284 0.09234 0.06635 0.07921 0.15372 0.22710 0.22710 0.22710 0.22710 0.22710 0.22710 0.22710 0.22710 0.22710 0.00000 0.00000 0.00000 0.00000 0.00000 0.00000 0.00000 0.00000 0.00000 0.00000 0.00000 0.00000 0.00000 0.00000 0.00000 0.00000 0.00000 0.00000 0.00000 0.00000 0.00000 0.00000 
29	0	1	0.05669 0.05499 0.07286 0.12340 0.20909 0.15484 0.10016 0.06624 0.05933 0.13970 0.12661 0.15312 0.21977 0.23466 0.23466 0.20528 0.16128 0.15868 0.09552 0.08538 0.10537 0.18275 0.23466 0.18450 0.12701 0.09167 0.09860 0.17189 0.16086 0.20279 0.23466 0.23466 0.23466 0.23466 0.18407 0.19883 0.00000 0.00000 0.00000 0.00000 0.00000 0.00000 0.00000 0.00000 0.00000 0.00000 0.00000 0.00000 0.00000 0.00000 0.00000 0.00000 0.00000 0.00000 0.00000 0.00000 0.00000 0.00000 
30	0	1	0.02704 0.02592 0.04165 0.12167 0.31986 0.20511 0.05879 0.02993 0.02813 0.12975 0.14192 0.17780 0.31833 0.31986 0.31986 0.16772 0.10227 0.10870 0.02173 0.01985 0.03403 0.06748 0.31986 0.10028 0.03482 0.01840 0.02131 0.06831 0.06968 0.10220 0.24515 0.31986 0.27995 0.12055 0.06560 0.06205 0.00000 0.00000 0.00000 0.00000 0.00000 0.00000 0.00000 0.00000 0.00000 0.00000 0.00000 0.00000 0.00000 0.00000 0.00000 0.00000 0.00000 0.00000 0.00000 0.00000 0.00000 0.00000 
31	0	1	0.04320 0.05734 0.11609 0.16864 0.26460 0.06715 0.04259 0.03058 0.03754 0.07532 0.09287 0.17284 0.23198 0.26460 0.14686 0.09000 0.06398 0.06688 0.16652 0.26460 0.26460 0.26460 0.26460 0.12685 0.08548 0.07725 0.10773 0.11922 0.21697 0.26460 0.26460 0.26460 0.15608 0.09481 0.06909 0.08457 0.00000 0.00000 0.00000 0.00000 0.00000 0.00000 0.00000 0.00000 0.00000 0.00000 0.00000 0.00000 0.00000 0.00000 0.00000 0.00000 0.00000 0.00000 0.00000 0.00000 0.00000 0.00000 
32	0	1	0.22606 0.22606 0.22606 0.22606 0.22606 0.22606 0.22606 0.22606 0.22606 0.19879 0.17803 0.18545 0.19284 0.22606 0.20218 0.20372 0.21255 0.20719 0.06021 0.04427 0.04241 0.04269 0.11053 0.09723 0.14098 0.13453 0.09140 0.05928 0.05936 0.07989 0.11135 0.19776 0.11646 0.09218 0.07190 0.06377 0.00000 0.00000 0.00000 0.00000 0.00000 0.00000 0.00000 0.00000 0.00000 0.00000 0.00000 0.00000 0.00000 0.00000 0.00000 0.00000 0.00000 0.00000 0.00000 0.00000 0.00000 0.00000 
33	0	1	0.09855 0.10360 0.13130 0.20845 0.22397 0.22265 0.13588 0.10300 0.10073 0.12862 0.12597 0.14766 0.19704 0.22397 0.18752 0.12851 0.11242 0.12459 0.13888 0.14594 0.16128 0.22397 0.22397 0.22397 0.16456 0.12918 0.13031 0.16056 0.14438 0.15173 0.19219 0.22397 0.21214 0.16274 0.14564 0.16540 0.00000 0.00000 0.00000 0.00000 0.00000 0.00000 0.00000 0.00000 0.00000 0.00000 0.00000 0.00000 0.00000 0.00000 0.00000 0.00000 0.00000 0.00000 0.00000 0.00000 0.00000 0.00000 
34	0	1	0.07546 0.08996 0.12679 0.18986 0.22255 0.19950 0.12552 0.09092 0.08006 0.18985 0.20871 0.22255 0.22255 0.22255 0.22255 0.22255 0.19124 0.18609 0.08832 0.09356 0.12188 0.17005 0.22255 0.19421 0.12700 0.08921 0.08575 0.12933 0.13590 0.16196 0.18899 0.21138 0.18902 0.15511 0.12883 0.12821 0.00000 0.00000 0.00000 0.00000 0.00000 0.00000 0.00000 0.00000 0.00000 0.00000 0.00000 0.00000 0.00000 0.00000 0.00000 0.00000 0.00000 0.00000 0.00000 0.00000 0.00000 0.00000 
35	0	1	0.21284 0.21477 0.21477 0.18571 0.20784 0.21477 0.21477 0.21477 0.20973 0.21477 0.21477 0.21477 0.21477 0.21477 0.21477 0.21477 0.20878 0.20679 0.09636 0.06946 0.06578 0.06355 0.11914 0.08093 0.09706 0.08772 0.10723 0.08449 0.07364 0.07666 0.11465 0.21477 0.12686 0.10110 0.08307 0.09082 0.00000 0.00000 0.00000 0.00000 0.00000 0.00000 0.00000 0.00000 0.00000 0.00000 0.00000 0.00000 0.00000 0.00000 0.00000 0.00000 0.00000 0.00000 0.00000 0.00000 0.00000 0.00000 
36	0	1	0.12224 0.11450 0.11518 0.14941 0.20995 0.18678 0.15035 0.14213 0.13268 0.12415 0.12332 0.13508 0.19680 0.21074 0.21074 0.16040 0.14110 0.12777 0.17494 0.16383 0.13126 0.12794 0.19684 0.18616 0.16897 0.18622 0.19441 0.17086 0.15278 0.13671 0.17547 0.21074 0.21074 0.18883 0.18289 0.17629 0.00000 0.00000 0.00000 0.00000 0.00000 0.00000 0.00000 0.00000 0.00000 0.00000 0.00000 0.00000 0.00000 0.00000 0.00000 0.00000 0.00000 0.00000 0.00000 0.00000 0.00000 0.00000 
37	0	1	0.11506 0.12962 0.16420 0.22837 0.25016 0.25016 0.18637 0.12810 0.11534 0.18000 0.13535 0.15431 0.18065 0.25016 0.21321 0.15132 0.15286 0.21039 0.12628 0.12842 0.16008 0.25016 0.25016 0.25016 0.20352 0.15834 0.14738 0.05709 0.04409 0.06205 0.07961 0.15104 0.08649 0.06308 0.05904 0.07635 0.00000 0.00000 0.00000 0.00000 0.00000 0.00000 0.00000 0.00000 0.00000 0.00000 0.00000 0.00000 0.00000 0.00000 0.00000 0.00000 0.00000 0.00000 0.00000 0.00000 0.00000 0.00000 
38	0	1	0.07744 0.08939 0.12104 0.16408 0.25000 0.17490 0.11934 0.09101 0.07733 0.15462 0.18128 0.24164 0.25000 0.25000 0.25000 0.22454 0.17489 0.14735 0.04567 0.04543 0.06750 0.10147 0.23248 0.11292 0.07578 0.05355 0.04827 0.11471 0.13528 0.19167 0.25000 0.25000 0.25000 0.18408 0.12775 0.11108 0.00000 0.00000 0.00000 0.00000 0.00000 0.00000 0.00000 0.00000 0.00000 0.00000 0.00000 0.00000 0.00000 0.00000 0.00000 0.00000 0.00000 0.00000 0.00000 0.00000 0.00000 0.00000 
39	0	1	0.18203 0.16599 0.20643 0.22205 0.22205 0.22205 0.14836 0.13831 0.17905 0.10283 0.12323 0.14730 0.16052 0.15116 0.10511 0.08428 0.07913 0.09107 0.19901 0.18051 0.19979 0.22205 0.22205 0.22205 0.15947 0.16356 0.19456 0.12573 0.14071 0.15813 0.17129 0.19323 0.15310 0.12600 0.11117 0.12472 0.00000 0.00000 0.00000 0.00000 0.00000 0.00000 0.00000 0.00000 0.00000 0.00000 0.00000 0.00000 0.00000 0.00000 0.00000 0.00000 0.00000 0.00000 0.00000 0.00000 0.00000 0.00000 
40	0	1	0.11428 0.08710 0.09850 0.13824 0.16379 0.10640 0.08603 0.08965 0.11877 0.19666 0.16534 0.17486 0.20596 0.20596 0.18458 0.17399 0.16995 0.20374 0.14523 0.12924 0.13304 0.16224 0.20596 0.14560 0.11969 0.11813 0.14863 0.20596 0.19494 0.19911 0.20596 0.20596 0.20596 0.20521 0.19224 0.20596 0.00000 0.00000 0.00000 0.00000 0.00000 0.00000 0.00000 0.00000 0.00000 0.00000 0.00000 0.00000 0.00000 0.00000 0.00000 0.00000 0.00000 0.00000 0.00000 0.00000 0.00000 0.00000 
41	0	1	0.04999 0.05443 0.06804 0.11405 0.23323 0.10427 0.06121 0.04989 0.05457 0.18960 0.18997 0.22712 0.23697 0.23697 0.23697 0.21612 0.18944 0.19647 0.03965 0.04208 0.05653 0.09951 0.23569 0.10284 0.06367 0.04705 0.04420 0.16592 0.19930 0.23697 0.23697 0.23697 0.23697 0.21397 0.17154 0.17004 0.00000 0.00000 0.00000 0.00000 0.00000 0.00000 0.00000 0.00000 0.00000 0.00000 0.00000 0.00000 0.00000 0.00000 0.00000 0.00000 0.00000 0.00000 0.00000 0.00000 0.00000 0.00000 
42	0	1	0.04853 0.06640 0.09595 0.19059 0.24585 0.12297 0.06598 0.05128 0.05107 0.11277 0.13131 0.19521 0.24585 0.24585 0.17926 0.11892 0.10355 0.10980 0.05980 0.07605 0.11003 0.19065 0.24585 0.11868 0.06962 0.06178 0.06261 0.21228 0.22885 0.24585 0.24585 0.24585 0.24585 0.19818 0.18894 0.20731 0.00000 0.00000 0.00000 0.00000 0.00000 0.00000 0.00000 0.00000 0.00000 0.00000 0.00000 0.00000 0.00000 0.00000 0.00000 0.00000 0.00000 0.00000 0.00000 0.00000 0.00000 0.00000 
43	0	1	0.04126 0.05070 0.09488 0.16329 0.26736 0.12895 0.07150 0.04180 0.03624 0.08822 0.10453 0.18844 0.26736 0.26736 0.26736 0.17565 0.10091 0.07942 0.05027 0.06317 0.11149 0.16802 0.26736 0.14091 0.08201 0.05238 0.04611 0.11041 0.13260 0.21311 0.26736 0.26736 0.26736 0.26736 0.14739 0.11031 0.00000 0.00000 0.00000 0.00000 0.00000 0.00000 0.00000 0.00000 0.00000 0.00000 0.00000 0.00000 0.00000 0.00000 0.00000 0.00000 0.00000 0.00000 0.00000 0.00000 0.00000 0.00000 
44	0	1	0.09094 0.09057 0.10303 0.13500 0.19301 0.19827 0.17450 0.13533 0.11088 0.18684 0.17424 0.18098 0.20967 0.20967 0.20967 0.20967 0.20280 0.20000 0.05949 0.06157 0.06799 0.10185 0.16162 0.16237 0.14410 0.10449 0.07685 0.18024 0.17572 0.18419 0.20967 0.20967 0.20967 0.20967 0.19850 0.18721 0.00000 0.00000 0.00000 0.00000 0.00000 0.00000 0.00000 0.00000 0.00000 0.00000 0.00000 0.00000 0.00000 0.00000 0.00000 0.00000 0.00000 0.00000 0.00000 0.00000 0.00000 0.00000 
45	0	1	0.07576 0.07783 0.11684 0.18496 0.23511 0.20539 0.12690 0.08855 0.08244 0.13562 0.13123 0.19435 0.23511 0.23511 0.23511 0.23511 0.19309 0.15893 0.04484 0.04916 0.07892 0.12317 0.23511 0.12155 0.07188 0.05527 0.05609 0.11341 0.13426 0.22510 0.23511 0.23511 0.23511 0.18203 0.18811 0.17208 0.00000 0.00000 0.00000 0.00000 0.00000 0.00000 0.00000 0.00000 0.00000 0.00000 0.00000 0.00000 0.00000 0.00000 0.00000 0.00000 0.00000 0.00000 0.00000 0.00000 0.00000 0.00000 
46	0	1	0.08596 0.09485 0.12961 0.24757 0.24757 0.24757 0.13698 0.08590 0.08530 0.15569 0.13014 0.14603 0.24757 0.24757 0.24757 0.15054 0.13467 0.16056 0.07036 0.07884 0.11852 0.24691 0.24757 0.24757 0.12405 0.07840 0.07073 0.10236 0.09331 0.10959 0.19461 0.24757 0.19308 0.11263 0.09042 0.10155 0.00000 0.00000 0.00000 0.00000 0.00000 0.00000 0.00000 0.00000 0.00000 0.00000 0.00000 0.00000 0.00000 0.00000 0.00000 0.00000 0.00000 0.00000 0.00000 0.00000 0.00000 0.00000 
47	0	1	0.13665 0.10942 0.11837 0.14453 0.20973 0.20622 0.16488 0.14290 0.13927 0.14345 0.14586 0.19014 0.21440 0.21440 0.21440 0.21440 0.21225 0.17214 0.10945 0.10612 0.10031 0.11181 0.19294 0.16808 0.10020 0.07930 0.08456 0.16367 0.14703 0.14360 0.16038 0.21440 0.21440 0.21440 0.20570 0.18031 0.00000 0.00000 0.00000 0.00000 0.00000 0.00000 0.00000 0.00000 0.00000 0.00000 0.00000 0.00000 0.00000 0.00000 0.00000 0.00000 0.00000 0.00000 0.00000 0.00000 0.00000 0.00000 
48	0	1	0.09515 0.09186 0.10426 0.15015 0.22429 0.14871 0.09395 0.07693 0.09027 0.14341 0.16149 0.18321 0.22429 0.22429 0.18551 0.13910 0.11824 0.12362 0.19372 0.16206 0.14569 0.17836 0.22429 0.14597 0.11813 0.12899 0.18467 0.19767 0.18592 0.18890 0.22429 0.22429 0.19769 0.16239 0.15728 0.18557 0.00000 0.00000 0.00000 0.00000 0.00000 0.00000 0.00000 0.00000 0.00000 0.00000 0.00000 0.00000 0.00000 0.00000 0.00000 0.00000 0.00000 0.00000 0.00000 0.00000 0.00000 0.00000 
49	0	1	0.08281 0.07148 0.07661 0.10607 0.15677 0.11429 0.10087 0.10069 0.09867 0.10404 0.09856 0.12163 0.19675 0.22992 0.22992 0.16136 0.13575 0.12212 0.15390 0.13602 0.14844 0.19672 0.22992 0.17965 0.16010 0.16061 0.17558 0.17437 0.17341 0.21757 0.22992 0.22992 0.22992 0.22250 0.19372 0.19502 0.00000 0.00000 0.00000 0.00000 0.00000 0.00000 0.00000 0.00000 0.00000 0.00000 0.00000 0.00000 0.00000 0.00000 0.00000 0.00000 0.00000 0.00000 0.00000 0.00000 0.00000 0.00000 
50	0	2	0.13235 0.12078 0.13813 0.19881 0.24168 0.14807 0.11033 0.13235 0.17898 0.12019 0.12183 0.14856 0.24168 0.24168 0.19563 0.12697 0.11800 0.14120 0.10738 0.11857 0.14731 0.24168 0.24168 0.17850 0.11750 0.10752 0.11723 0.12174 0.13490 0.16911 0.24168 0.24168 0.21586 0.13314 0.11967 0.12736 0.00000 0.00000 0.00000 0.00000 0.00000 0.00000 0.00000 0.00000 0.00000 0.00000 0.00000 0.00000 0.00000 0.00000 0.00000 0.00000 0.00000 0.00000 0.00000 0.00000 0.00000 0.00000 
51	0	2	0.06549 0.05966 0.06988 0.10219 0.24183 0.17548 0.10616 0.07831 0.07361 0.24183 0.20502 0.20571 0.24183 0.24183 0.24183 0.24183 0.24183 0.24183 0.02791 0.02784 0.03656 0.05839 0.23193 0.14024 0.07623 0.04384 0.03093 0.13062 0.10760 0.10445 0.15839 0.24183 0.24183 0.23035 0.15711 0.14415 0.00000 0.00000 0.00000 0.00000 0.00000 0.00000 0.00000 0.00000 0.00000 0.00000 0.00000 0.00000 0.00000 0.00000 0.00000 0.00000 0.00000 0.00000 0.00000 0.00000 0.00000 0.00000 
52	0	2	0.21231 0.21231 0.13903 0.11802 0.14645 0.13271 0.14179 0.15528 0.20301 0.21231 0.21231 0.18492 0.16413 0.18851 0.15244 0.17366 0.17234 0.21231 0.21231 0.17338 0.12781 0.11429 0.14045 0.11717 0.12818 0.18256 0.21231 0.21231 0.14059 0.11683 0.12332 0.14416 0.09527 0.10004 0.15339 0.21231 0.00000 0.00000 0.00000 0.00000 0.00000 0.00000 0.00000 0.00000 0.00000 0.00000 0.00000 0.00000 0.00000 0.00000 0.00000 0.00000 0.00000 0.00000 0.00000 0.00000 0.00000 0.00000 
53	0	2	0.23979 0.16317 0.14284 0.14525 0.16534 0.15072 0.15724 0.23979 0.23979 0.14419 0.11615 0.12187 0.14218 0.17657 0.12999 0.10760 0.13268 0.17610 0.23979 0.18029 0.15124 0.14070 0.15361 0.13741 0.13888 0.23979 0.23979 0.18205 0.13007 0.12565 0.13385 0.15043 0.11785 0.10244 0.13370 0.21566 0.00000 0.00000 0.00000 0.00000 0.00000 0.00000 0.00000 0.00000 0.00000 0.00000 0.00000 0.00000 0.00000 0.00000 0.00000 0.00000 0.00000 0.00000 0.00000 0.00000 0.00000 0.00000 
54	0	2	0.20435 0.19443 0.17992 0.17881 0.19351 0.19745 0.19889 0.20435 0.20435 0.17804 0.15929 0.14571 0.16044 0.20435 0.19496 0.15001 0.15515 0.17416 0.11403 0.11324 0.11287 0.12695 0.13801 0.12229 0.10762 0.10731 0.10910 0.16820 0.16230 0.15879 0.17994 0.20435 0.20435 0.15347 0.15404 0.16470 0.00000 0.00000 0.00000 0.00000 0.00000 0.00000 0.00000 0.00000 0.00000 0.00000 0.00000 0.00000 0.00000 0.00000 0.00000 0.00000 0.00000 0.00000 0.00000 0.00000 0.00000 0.00000 
55	0	2	0.16433 0.21610 0.24440 0.24440 0.24440 0.24440 0.18253 0.14974 0.14570 0.09983 0.12224 0.19422 0.24119 0.22908 0.11022 0.09194 0.07982 0.08955 0.13366 0.15964 0.24440 0.24440 0.24440 0.16340 0.12808 0.11454 0.12206 0.09667 0.08948 0.11542 0.12723 0.16691 0.09035 0.08753 0.08062 0.09476 0.00000 0.00000 0.00000 0.00000 0.00000 0.00000 0.00000 0.00000 0.00000 0.00000 0.00000 0.00000 0.00000 0.00000 0.00000 0.00000 0.00000 0.00000 0.00000 0.00000 0.00000 0.00000 
56	0	2	0.05239 0.04695 0.06586 0.18340 0.24975 0.09229 0.06970 0.04815 0.05587 0.19756 0.19357 0.21362 0.24975 0.24975 0.23281 0.16157 0.14798 0.17267 0.04334 0.04567 0.06371 0.09942 0.17443 0.06295 0.05536 0.04806 0.04457 0.19359 0.21928 0.24590 0.24975 0.24975 0.24797 0.19899 0.18183 0.17296 0.00000 0.00000 0.00000 0.00000 0.00000 0.00000 0.00000 0.00000 0.00000 0.00000 0.00000 0.00000 0.00000 0.00000 0.00000 0.00000 0.00000 0.00000 0.00000 0.00000 0.00000 0.00000 
57	0	2	0.12186 0.08509 0.09159 0.14323 0.25322 0.13719 0.08509 0.07664 0.10793 0.14017 0.12277 0.15115 0.25322 0.25322 0.25322 0.14893 0.12115 0.13440 0.14463 0.09481 0.10898 0.14983 0.25322 0.15655 0.10024 0.09462 0.13686 0.16480 0.12256 0.17236 0.25322 0.25322 0.25322 0.17652 0.14253 0.16621 0.00000 0.00000 0.00000 0.00000 0.00000 0.00000 0.00000 0.00000 0.00000 0.00000 0.00000 0.00000 0.00000 0.00000 0.00000 0.00000 0.00000 0.00000 0.00000 0.00000 0.00000 0.00000 
58	0	2	0.09707 0.10410 0.12079 0.15486 0.22986 0.13927 0.11102 0.09786 0.10473 0.18897 0.18893 0.21190 0.22986 0.22986 0.22825 0.16420 0.15558 0.18595 0.07668 0.08661 0.10558 0.15190 0.22986 0.17037 0.12976 0.09945 0.08973 0.12114 0.14503 0.18909 0.22986 0.22986 0.22986 0.19963 0.15058 0.13117 0.00000 0.00000 0.00000 0.00000 0.00000 0.00000 0.00000 0.00000 0.00000 0.00000 0.00000 0.00000 0.00000 0.00000 0.00000 0.00000 0.00000 0.00000 0.00000 0.00000 0.00000 0.00000 
59	0	2	0.09665 0.09874 0.11895 0.20507 0.24538 0.24538 0.15295 0.10145 0.09885 0.12299 0.11924 0.14473 0.24075 0.24538 0.24538 0.21009 0.13444 0.13205 0.07266 0.07409 0.10115 0.17316 0.24538 0.23470 0.13487 0.08188 0.06984 0.08378 0.08528 0.11784 0.20014 0.24538 0.24538 0.20971 0.11364 0.09206 0.00000 0.00000 0.00000 0.00000 0.00000 0.00000 0.00000 0.00000 0.00000 0.00000 0.00000 0.00000 0.00000 0.00000 0.00000 0.00000 0.00000 0.00000 0.00000 0.00000 0.00000 0.00000 
60	0	2	0.19394 0.14968 0.13948 0.17999 0.20786 0.20786 0.17226 0.17417 0.20590 0.20297 0.17505 0.14379 0.15317 0.20786 0.17663 0.16019 0.17687 0.19343 0.16041 0.11580 0.11737 0.17705 0.20786 0.16759 0.11629 0.11414 0.15831 0.15502 0.13085 0.12321 0.15023 0.20786 0.15101 0.13093 0.13550 0.15783 0.00000 0.00000 0.00000 0.00000 0.00000 0.00000 0.00000 0.00000 0.00000 0.00000 0.00000 0.00000 0.00000 0.00000 0.00000 0.00000 0.00000 0.00000 0.00000 0.00000 0.00000 0.00000 
61	0	2	0.10921 0.11573 0.11024 0.13831 0.22416 0.07321 0.06335 0.07645 0.09761 0.12407 0.10755 0.10338 0.09891 0.14318 0.06557 0.06503 0.07761 0.10649 0.22416 0.22416 0.22416 0.22416 0.22416 0.18144 0.18970 0.21800 0.22416 0.22416 0.22416 0.20388 0.18546 0.20000 0.13990 0.15415 0.21066 0.22416 0.00000 0.00000 0.00000 0.00000 0.00000 0.00000 0.00000 0.00000 0.00000 0.00000 0.00000 0.00000 0.00000 0.00000 0.00000 0.00000 0.00000 0.00000 0.00000 0.00000 0.00000 0.00000 
62	0	2	0.08578 0.08608 0.10770 0.10503 0.13546 0.09731 0.09619 0.09116 0.09350 0.24100 0.24100 0.24100 0.24100 0.24100 0.24100 0.24100 0.24100 0.24100 0.03528 0.03696 0.05134 0.04788 0.10659 0.04639 0.04751 0.04048 0.03771 0.17803 0.17097 0.19641 0.24100 0.24100 0.20723 0.18787 0.17198 0.18295 0.00000 0.00000 0.00000 0.00000 0.00000 0.00000 0.00000 0.00000 0.00000 0.00000 0.00000 0.00000 0.00000 0.00000 0.00000 0.00000 0.00000 0.00000 0.00000 0.00000 0.00000 0.00000 
63	0	2	0.05613 0.06750 0.11154 0.21381 0.24899 0.24899 0.12882 0.07711 0.05859 0.13966 0.19599 0.24899 0.24899 0.24899 0.24899 0.21549 0.15894 0.13961 0.03916 0.04439 0.08087 0.15895 0.24899 0.18021 0.09321 0.05042 0.04042 0.08335 0.09623 0.13931 0.20432 0.24899 0.23756 0.16280 0.10964 0.08734 0.00000 0.00000 0.00000 0.00000 0.00000 0.00000 0.00000 0.00000 0.00000 0.00000 0.00000 0.00000 0.00000 0.00000 0.00000 0.00000 0.00000 0.00000 0.00000 0.00000 0.00000 0.00000 
64	0	2	0.11770 0.10989 0.12154 0.15495 0.21383 0.20018 0.15191 0.12772 0.11775 0.18046 0.16793 0.17992 0.21383 0.21383 0.21383 0.21383 0.18737 0.17574 0.07909 0.08079 0.10723 0.15178 0.21383 0.17198 0.11948 0.09166 0.08061 0.16037 0.14417 0.14979 0.19288 0.21383 0.21383 0.21114 0.17267 0.16823 0.00000 0.00000 0.00000 0.00000 0.00000 0.00000 0.00000 0.00000 0.00000 0.00000 0.00000 0.00000 0.00000 0.00000 0.00000 0.00000 0.00000 0.00000 0.00000 0.00000 0.00000 0.00000 
65	0	2	0.09295 0.09290 0.11851 0.18134 0.23096 0.18194 0.11482 0.08843 0.09131 0.16210 0.15603 0.18948 0.23096 0.23096 0.23096 0.18117 0.15029 0.15360 0.09435 0.09331 0.11185 0.16687 0.23096 0.16814 0.12020 0.09948 0.10068 0.15298 0.14560 0.17210 0.23096 0.23096 0.23096 0.18296 0.15607 0.16135 0.00000 0.00000 0.00000 0.00000 0.00000 0.00000 0.00000 0.00000 0.00000 0.00000 0.00000 0.00000 0.00000 0.00000 0.00000 0.00000 0.00000 0.00000 0.00000 0.00000 0.00000 0.00000 
66	0	2	0.07882 0.09109 0.12116 0.16063 0.22153 0.16517 0.10174 0.08097 0.07941 0.11574 0.12742 0.13369 0.15119 0.19993 0.12674 0.10070 0.09380 0.10577 0.19434 0.18935 0.21309 0.22153 0.22153 0.22153 0.20356 0.19217 0.20175 0.16803 0.16265 0.17518 0.22153 0.22153 0.21691 0.15308 0.13986 0.16677 0.00000 0.00000 0.00000 0.00000 0.00000 0.00000 0.00000 0.00000 0.00000 0.00000 0.00000 0.00000 0.00000 0.00000 0.00000 0.00000 0.00000 0.00000 0.00000 0.00000 0.00000 0.00000 
67	0	2	0.20359 0.18646 0.19700 0.21195 0.21195 0.21195 0.17837 0.17711 0.19684 0.11252 0.10592 0.12223 0.16721 0.21195 0.15983 0.11218 0.10208 0.10647 0.19624 0.18230 0.18490 0.21195 0.21195 0.21195 0.16924 0.16268 0.18416 0.09925 0.09476 0.11077 0.15736 0.19544 0.14572 0.10365 0.09383 0.10001 0.00000 0.00000 0.00000 0.00000 0.00000 0.00000 0.00000 0.00000 0.00000 0.00000 0.00000 0.00000 0.00000 0.00000 0.00000 0.00000 0.00000 0.00000 0.00000 0.00000 0.00000 0.00000 
68	0	2	0.19411 0.15834 0.15757 0.15611 0.21667 0.21667 0.21667 0.21667 0.21667 0.21667 0.18300 0.18701 0.21241 0.21667 0.21667 0.21057 0.21667 0.21667 0.08228 0.06885 0.06166 0.04719 0.08900 0.03954 0.04509 0.05044 0.07060 0.17089 0.13475 0.14197 0.16336 0.21667 0.15833 0.12568 0.13050 0.15119 0.00000 0.00000 0.00000 0.00000 0.00000 0.00000 0.00000 0.00000 0.00000 0.00000 0.00000 0.00000 0.00000 0.00000 0.00000 0.00000 0.00000 0.00000 0.00000 0.00000 0.00000 0.00000 
69	0	2	0.08442 0.06439 0.05497 0.06339 0.12204 0.07393 0.06450 0.07181 0.09338 0.23217 0.22874 0.20731 0.23217 0.23217 0.23217 0.21498 0.21569 0.23217 0.04257 0.03683 0.04680 0.06765 0.12624 0.05286 0.03828 0.03527 0.04314 0.23217 0.20689 0.21801 0.23217 0.23217 0.23217 0.21515 0.20987 0.23217 0.00000 0.00000 0.00000 0.00000 0.00000 0.00000 0.00000 0.00000 0.00000 0.00000 0.00000 0.00000 0.00000 0.00000 0.00000 0.00000 0.00000 0.00000 0.00000 0.00000 0.00000 0.00000 
70	0	2	0.17718 0.17412 0.18785 0.19708 0.20486 0.17708 0.15885 0.15198 0.16780 0.10141 0.10929 0.12621 0.16926 0.20586 0.14353 0.10744 0.09465 0.09515 0.20586 0.20189 0.20586 0.20586 0.20586 0.20586 0.18576 0.17444 0.19594 0.11918 0.12341 0.14896 0.20038 0.20586 0.16331 0.11513 0.10339 0.11052 0.00000 0.00000 0.00000 0.00000 0.00000 0.00000 0.00000 0.00000 0.00000 0.00000 0.00000 0.00000 0.00000 0.00000 0.00000 0.00000 0.00000 0.00000 0.00000 0.00000 0.00000 0.00000 
71	0	2	0.09719 0.10701 0.15323 0.21092 0.21092 0.17021 0.12362 0.09697 0.09196 0.12831 0.12436 0.15834 0.19265 0.21092 0.15503 0.13063 0.11724 0.12155 0.14689 0.13611 0.17518 0.21092 0.21092 0.21092 0.16624 0.14260 0.14614 0.17269 0.15681 0.17368 0.20719 0.21092 0.21092 0.20254 0.17883 0.17654 0.00000 0.00000 0.00000 0.00000 0.00000 0.00000 0.00000 0.00000 0.00000 0.00000 0.00000 0.00000 0.00000 0.00000 0.00000 0.00000 0.00000 0.00000 0.00000 0.00000 0.00000 0.00000 
72	0	2	0.11897 0.09994 0.11622 0.16967 0.24730 0.14488 0.10426 0.10369 0.12897 0.16230 0.15451 0.18552 0.26945 0.26945 0.26945 0.15704 0.14245 0.15228 0.10193 0.09579 0.11663 0.17492 0.26291 0.13085 0.08692 0.08136 0.08990 0.09360 0.10659 0.16203 0.26945 0.26945 0.23038 0.09904 0.08094 0.08124 0.00000 0.00000 0.00000 0.00000 0.00000 0.00000 0.00000 0.00000 0.00000 0.00000 0.00000 0.00000 0.00000 0.00000 0.00000 0.00000 0.00000 0.00000 0.00000 0.00000 0.00000 0.00000 
73	0	2	0.11348 0.08695 0.09978 0.17077 0.24214 0.14594 0.11086 0.10149 0.13070 0.17250 0.16639 0.17961 0.24214 0.24214 0.24214 0.24214 0.24214 0.22531 0.04028 0.04604 0.06907 0.14135 0.24214 0.11981 0.07174 0.05139 0.04593 0.09345 0.09714 0.12574 0.24214 0.24214 0.24214 0.18372 0.13343 0.10955 0.00000 0.00000 0.00000 0.00000 0.00000 0.00000 0.00000 0.00000 0.00000 0.00000 0.00000 0.00000 0.00000 0.00000 0.00000 0.00000 0.00000 0.00000 0.00000 0.00000 0.00000 0.00000 
74	0	2	0.12822 0.15466 0.16501 0.18883 0.21834 0.14941 0.10824 0.11029 0.11391 0.17312 0.21834 0.21834 0.21834 0.21834 0.19188 0.14009 0.13801 0.14476 0.10512 0.11764 0.12466 0.14767 0.20493 0.13815 0.09795 0.09475 0.10264 0.15788 0.20181 0.21834 0.21834 0.21834 0.20822 0.15288 0.14604 0.14650 0.00000 0.00000 0.00000 0.00000 0.00000 0.00000 0.00000 0.00000 0.00000 0.00000 0.00000 0.00000 0.00000 0.00000 0.00000 0.00000 0.00000 0.00000 0.00000 0.00000 0.00000 0.00000 
75	0	2	0.23551 0.21229 0.22926 0.23816 0.23816 0.23816 0.23816 0.23816 0.23816 0.05510 0.05045 0.05924 0.09178 0.16729 0.10546 0.07444 0.06752 0.07134 0.16639 0.15615 0.16838 0.22976 0.23816 0.23816 0.23816 0.21929 0.19882 0.03021 0.02967 0.03946 0.06593 0.14297 0.08035 0.05835 0.04446 0.03799 0.00000 0.00000 0.00000 0.00000 0.00000 0.00000 0.00000 0.00000 0.00000 0.00000 0.00000 0.00000 0.00000 0.00000 0.00000 0.00000 0.00000 0.00000 0.00000 0.00000 0.00000 0.00000 
76	0	2	0.07188 0.09172 0.14942 0.26010 0.30809 0.22511 0.13099 0.07982 0.06766 0.07898 0.09619 0.15397 0.25783 0.30809 0.17714 0.11679 0.07773 0.07053 0.06370 0.07647 0.12621 0.24878 0.30809 0.21255 0.12050 0.07879 0.06591 0.06830 0.07461 0.11908 0.21842 0.30809 0.14673 0.10574 0.07585 0.06810 0.00000 0.00000 0.00000 0.00000 0.00000 0.00000 0.00000 0.00000 0.00000 0.00000 0.00000 0.00000 0.00000 0.00000 0.00000 0.00000 0.00000 0.00000 0.00000 0.00000 0.00000 0.00000 
77	0	2	0.20472 0.16843 0.15546 0.14574 0.16058 0.15444 0.17412 0.20472 0.20472 0.16624 0.12964 0.13431 0.16216 0.20472 0.17305 0.15743 0.16361 0.18944 0.20435 0.15981 0.14788 0.13849 0.14753 0.14770 0.16368 0.19030 0.20472 0.15438 0.12385 0.12679 0.14572 0.17982 0.16705 0.15147 0.15850 0.16965 0.00000 0.00000 0.00000 0.00000 0.00000 0.00000 0.00000 0.00000 0.00000 0.00000 0.00000 0.00000 0.00000 0.00000 0.00000 0.00000 0.00000 0.00000 0.00000 0.00000 0.00000 0.00000 
78	0	2	0.09910 0.12190 0.17589 0.22381 0.22381 0.18555 0.10779 0.07822 0.08220 0.12883 0.13567 0.16614 0.21464 0.22381 0.16960 0.11607 0.10182 0.11260 0.14010 0.17584 0.22381 0.22381 0.22381 0.20571 0.11991 0.09543 0.10553 0.15942 0.17569 0.21474 0.22381 0.22381 0.18359 0.12560 0.10909 0.13139 0.00000 0.00000 0.00000 0.00000 0.00000 0.00000 0.00000 0.00000 0.00000 0.00000 0.00000 0.00000 0.00000 0.00000 0.00000 0.00000 0.00000 0.00000 0.00000 0.00000 0.00000 0.00000 
79	0	2	0.05540 0.05235 0.07515 0.08610 0.16798 0.10600 0.08807 0.05606 0.05870 0.23057 0.16627 0.22644 0.24146 0.24146 0.24146 0.23922 0.16052 0.21369 0.07193 0.05701 0.07465 0.07501 0.16666 0.08372 0.07688 0.06257 0.07295 0.23881 0.15778 0.21888 0.24146 0.24146 0.24146 0.21630 0.14724 0.21563 0.00000 0.00000 0.00000 0.00000 0.00000 0.00000 0.00000 0.00000 0.00000 0.00000 0.00000 0.00000 0.00000 0.00000 0.00000 0.00000 0.00000 0.00000 0.00000 0.00000 0.00000 0.00000 
80	0	2	0.21313 0.11019 0.11531 0.16337 0.21313 0.21313 0.13816 0.10792 0.17873 0.14727 0.08289 0.08866 0.13678 0.21313 0.21313 0.16755 0.11166 0.13092 0.21313 0.11906 0.11606 0.17804 0.21313 0.21313 0.13582 0.11298 0.18159 0.21313 0.12539 0.11314 0.16793 0.21313 0.21313 0.17781 0.13995 0.19781 0.00000 0.00000 0.00000 0.00000 0.00000 0.00000 0.00000 0.00000 0.00000 0.00000 0.00000 0.00000 0.00000 0.00000 0.00000 0.00000 0.00000 0.00000 0.00000 0.00000 0.00000 0.00000 
81	0	2	0.10452 0.08786 0.09712 0.18095 0.23289 0.19068 0.13575 0.11045 0.11075 0.15483 0.13206 0.13501 0.19803 0.23289 0.23289 0.18737 0.15117 0.15425 0.06200 0.06167 0.09680 0.22354 0.23289 0.18831 0.09875 0.06803 0.06036 0.16634 0.13879 0.15758 0.23289 0.23289 0.23289 0.20945 0.17874 0.17112 0.00000 0.00000 0.00000 0.00000 0.00000 0.00000 0.00000 0.00000 0.00000 0.00000 0.00000 0.00000 0.00000 0.00000 0.00000 0.00000 0.00000 0.00000 0.00000 0.00000 0.00000 0.00000 
82	0	2	0.13922 0.12577 0.16026 0.24822 0.24822 0.24822 0.16362 0.12957 0.15281 0.15876 0.13336 0.13134 0.13823 0.24781 0.17120 0.14156 0.12961 0.14225 0.13371 0.13209 0.17601 0.24822 0.24822 0.24822 0.17304 0.12966 0.14621 0.11020 0.10190 0.10850 0.10848 0.21900 0.13480 0.10089 0.08331 0.09561 0.00000 0.00000 0.00000 0.00000 0.00000 0.00000 0.00000 0.00000 0.00000 0.00000 0.00000 0.00000 0.00000 0.00000 0.00000 0.00000 0.00000 0.00000 0.00000 0.00000 0.00000 0.00000 
83	0	2	0.06604 0.06342 0.08339 0.11592 0.21225 0.12035 0.08745 0.07490 0.06541 0.19818 0.17774 0.20798 0.22515 0.22515 0.22515 0.20884 0.19434 0.18795 0.06932 0.06845 0.08699 0.13507 0.22515 0.14641 0.11467 0.08930 0.07164 0.16753 0.15784 0.18496 0.22515 0.22515 0.22515 0.22515 0.22515 0.18619 0.00000 0.00000 0.00000 0.00000 0.00000 0.00000 0.00000 0.00000 0.00000 0.00000 0.00000 0.00000 0.00000 0.00000 0.00000 0.00000 0.00000 0.00000 0.00000 0.00000 0.00000 0.00000 
84	0	2	0.16873 0.15198 0.16662 0.20468 0.21206 0.19891 0.16302 0.15671 0.17785 0.12427 0.09558 0.10126 0.14315 0.21206 0.16877 0.10266 0.09980 0.12720 0.19202 0.17554 0.20024 0.21189 0.21206 0.21206 0.18062 0.16728 0.19509 0.14043 0.11765 0.12980 0.15732 0.21206 0.18391 0.12131 0.11624 0.14302 0.00000 0.00000 0.00000 0.00000 0.00000 0.00000 0.00000 0.00000 0.00000 0.00000 0.00000 0.00000 0.00000 0.00000 0.00000 0.00000 0.00000 0.00000 0.00000 0.00000 0.00000 0.00000 
85	0	2	0.09680 0.11652 0.17736 0.25945 0.25945 0.25945 0.16720 0.11179 0.09781 0.05587 0.05891 0.09106 0.13221 0.25945 0.12131 0.09008 0.06038 0.05897 0.20220 0.18637 0.20788 0.25945 0.25945 0.25945 0.18534 0.15990 0.17806 0.07258 0.07054 0.10100 0.13650 0.25945 0.14143 0.10490 0.07543 0.07692 0.00000 0.00000 0.00000 0.00000 0.00000 0.00000 0.00000 0.00000 0.00000 0.00000 0.00000 0.00000 0.00000 0.00000 0.00000 0.00000 0.00000 0.00000 0.00000 0.00000 0.00000 0.00000 
86	0	2	0.03000 0.04394 0.05575 0.05517 0.17339 0.05867 0.03653 0.02869 0.02850 0.18115 0.23468 0.23468 0.23468 0.23468 0.23468 0.23468 0.19624 0.17474 0.03868 0.04639 0.04972 0.06624 0.20196 0.08164 0.04302 0.03228 0.03420 0.21909 0.23468 0.23468 0.23468 0.23468 0.23468 0.23468 0.20539 0.19297 0.00000 0.00000 0.00000 0.00000 0.00000 0.00000 0.00000 0.00000 0.00000 0.00000 0.00000 0.00000 0.00000 0.00000 0.00000 0.00000 0.00000 0.00000 0.00000 0.00000 0.00000 0.00000 
87	0	2	0.06392 0.07977 0.13445 0.17870 0.20197 0.12976 0.09734 0.07256 0.06341 0.09071 0.11717 0.19195 0.23599 0.23599 0.14260 0.10509 0.08537 0.08191 0.12702 0.15172 0.22495 0.23599 0.23599 0.20558 0.16481 0.13098 0.12030 0.15721 0.21329 0.23599 0.23599 0.23599 0.19768 0.16492 0.14480 0.13610 0.00000 0.00000 0.00000 0.00000 0.00000 0.00000 0.00000 0.00000 0.00000 0.00000 0.00000 0.00000 0.00000 0.00000 0.00000 0.00000 0.00000 0.00000 0.00000 0.00000 0.00000 0.00000 
88	0	2	0.04708 0.04893 0.06217 0.07456 0.13593 0.17749 0.09186 0.05614 0.04973 0.07329 0.07091 0.08420 0.11654 0.23896 0.25188 0.14742 0.08739 0.07822 0.18691 0.13680 0.12562 0.16940 0.25188 0.25119 0.15137 0.12433 0.16632 0.21884 0.18415 0.17179 0.25188 0.25188 0.25188 0.25188 0.18577 0.20492 0.00000 0.00000 0.00000 0.00000 0.00000 0.00000 0.00000 0.00000 0.00000 0.00000 0.00000 0.00000 0.00000 0.00000 0.00000 0.00000 0.00000 0.00000 0.00000 0.00000 0.00000 0.00000 
89	0	2	0.09284 0.08804 0.11584 0.26086 0.26086 0.24787 0.11722 0.08879 0.11227 0.07896 0.08507 0.13628 0.26086 0.26086 0.26086 0.15256 0.09976 0.09082 0.06246 0.06944 0.10050 0.22709 0.26086 0.23406 0.10943 0.07622 0.07489 0.07037 0.07829 0.12164 0.23863 0.26086 0.23856 0.13473 0.09623 0.07974 0.00000 0.00000 0.00000 0.00000 0.00000 0.00000 0.00000 0.00000 0.00000 0.00000 0.00000 0.00000 0.00000 0.00000 0.00000 0.00000 0.00000 0.00000 0.00000 0.00000 0.00000 0.00000 
90	0	2	0.10192 0.08633 0.09472 0.17055 0.25283 0.24826 0.20004 0.15776 0.12851 0.17591 0.16302 0.18569 0.25283 0.25283 0.25283 0.25283 0.23387 0.19833 0.06781 0.05528 0.05814 0.15869 0.25283 0.16579 0.08357 0.05271 0.07480 0.05666 0.05460 0.06634 0.15571 0.25283 0.18607 0.09490 0.06036 0.06219 0.00000 0.00000 0.00000 0.00000 0.00000 0.00000 0.00000 0.00000 0.00000 0.00000 0.00000 0.00000 0.00000 0.00000 0.00000 0.00000 0.00000 0.00000 0.00000 0.00000 0.00000 0.00000 
91	0	2	0.18983 0.16338 0.14697 0.12662 0.11657 0.10060 0.10758 0.13852 0.18079 0.18614 0.13549 0.11058 0.10389 0.11745 0.09521 0.10031 0.13373 0.18841 0.21171 0.20561 0.18161 0.17640 0.19356 0.17289 0.18058 0.21171 0.21171 0.21171 0.16840 0.15832 0.16486 0.21171 0.16101 0.16035 0.20133 0.21171 0.00000 0.00000 0.00000 0.00000 0.00000 0.00000 0.00000 0.00000 0.00000 0.00000 0.00000 0.00000 0.00000 0.00000 0.00000 0.00000 0.00000 0.00000 0.00000 0.00000 0.00000 0.00000 
92	0	2	0.21562 0.21562 0.18118 0.16348 0.16754 0.14224 0.14478 0.17994 0.21562 0.15990 0.13899 0.10795 0.10407 0.12945 0.09805 0.10995 0.13295 0.14461 0.21562 0.21562 0.18728 0.18549 0.20474 0.16660 0.16395 0.21143 0.21562 0.19155 0.13274 0.11782 0.12567 0.15698 0.11419 0.11617 0.14776 0.21342 0.00000 0.00000 0.00000 0.00000 0.00000 0.00000 0.00000 0.00000 0.00000 0.00000 0.00000 0.00000 0.00000 0.00000 0.00000 0.00000 0.00000 0.00000 0.00000 0.00000 0.00000 0.00000 
93	0	2	0.22157 0.15551 0.14680 0.20851 0.22157 0.21660 0.15361 0.15322 0.22157 0.20082 0.15470 0.16838 0.22157 0.22157 0.22157 0.17446 0.16304 0.22049 0.08893 0.06830 0.06270 0.08056 0.11577 0.08788 0.07076 0.07110 0.12362 0.13487 0.12285 0.13740 0.20318 0.22157 0.21722 0.14679 0.12828 0.15677 0.00000 0.00000 0.00000 0.00000 0.00000 0.00000 0.00000 0.00000 0.00000 0.00000 0.00000 0.00000 0.00000 0.00000 0.00000 0.00000 0.00000 0.00000 0.00000 0.00000 0.00000 0.00000 
94	0	2	0.02332 0.01928 0.02345 0.03361 0.09840 0.03209 0.02526 0.02141 0.02503 0.10153 0.09219 0.11616 0.20314 0.25972 0.17161 0.09336 0.07665 0.09758 0.14125 0.12007 0.11961 0.14804 0.23254 0.13500 0.11915 0.12161 0.14329 0.25972 0.25972 0.25972 0.25972 0.25972 0.25972 0.25802 0.23798 0.25972 0.00000 0.00000 0.00000 0.00000 0.00000 0.00000 0.00000 0.00000 0.00000 0.00000 0.00000 0.00000 0.00000 0.00000 0.00000 0.00000 0.00000 0.00000 0.00000 0.00000 0.00000 0.00000 
95	0	2	0.18312 0.15455 0.17325 0.21844 0.21844 0.21844 0.21844 0.19958 0.19249 0.10645 0.09200 0.10992 0.16425 0.21844 0.21844 0.15009 0.12313 0.10983 0.19096 0.15685 0.15300 0.17670 0.21844 0.21844 0.19608 0.18740 0.19735 0.10814 0.09180 0.09096 0.10659 0.15491 0.12738 0.11086 0.10297 0.11001 0.00000 0.00000 0.00000 0.00000 0.00000 0.00000 0.00000 0.00000 0.00000 0.00000 0.00000 0.00000 0.00000 0.00000 0.00000 0.00000 0.00000 0.00000 0.00000 0.00000 0.00000 0.00000 
96	0	2	0.03304 0.01602 0.01966 0.03201 0.11233 0.03377 0.02286 0.01716 0.02845 0.22482 0.20106 0.20064 0.24361 0.24361 0.24361 0.17019 0.17305 0.21890 0.19551 0.05811 0.10352 0.09446 0.10826 0.04865 0.04816 0.06810 0.18193 0.24361 0.17659 0.21821 0.24361 0.24361 0.24361 0.18865 0.19195 0.24361 0.00000 0.00000 0.00000 0.00000 0.00000 0.00000 0.00000 0.00000 0.00000 0.00000 0.00000 0.00000 0.00000 0.00000 0.00000 0.00000 0.00000 0.00000 0.00000 0.00000 0.00000 0.00000 
97	0	2	0.08883 0.08253 0.09404 0.13622 0.21349 0.10999 0.10110 0.07792 0.07644 0.16120 0.16016 0.19336 0.23396 0.23396 0.23337 0.18890 0.15366 0.14594 0.09500 0.09534 0.11305 0.14727 0.22763 0.11508 0.10442 0.08593 0.09101 0.18670 0.19531 0.23396 0.23396 0.23396 0.23396 0.20573 0.18045 0.17644 0.00000 0.00000 0.00000 0.00000 0.00000 0.00000 0.00000 0.00000 0.00000 0.00000 0.00000 0.00000 0.00000 0.00000 0.00000 0.00000 0.00000 0.00000 0.00000 0.00000 0.00000 0.00000 
98	0	2	0.16588 0.13930 0.15338 0.21945 0.21945 0.21945 0.15623 0.13895 0.16795 0.14417 0.11531 0.12062 0.15660 0.21945 0.17138 0.13839 0.13377 0.15294 0.14669 0.13319 0.15382 0.21945 0.21945 0.21945 0.14179 0.13170 0.14287 0.14715 0.12229 0.13087 0.17350 0.21945 0.19556 0.15183 0.14127 0.14614 0.00000 0.00000 0.00000 0.00000 0.00000 0.00000 0.00000 0.00000 0.00000 0.00000 0.00000 0.00000 0.00000 0.00000 0.00000 0.00000 0.00000 0.00000 0.00000 0.00000 0.00000 0.00000 
99	0	2	0.17890 0.15735 0.17210 0.19477 0.20715 0.20715 0.20179 0.19489 0.20312 0.14359 0.12599 0.13918 0.17078 0.20715 0.17558 0.13808 0.13554 0.15251 0.15909 0.13891 0.14513 0.16391 0.20715 0.17874 0.15508 0.16427 0.17433 0.12925 0.11651 0.12989 0.16196 0.20715 0.17770 0.13195 0.12603 0.13555 0.00000 0.00000 0.00000 0.00000 0.00000 0.00000 0.00000 0.00000 0.00000 0.00000 0.00000 0.00000 0.00000 0.00000 0.00000 0.00000 0.00000 0.00000 0.00000 0.00000 0.00000 0.00000 
100	1	0	0.13331 0.18876 0.21205 0.13057 0.10578 0.08913 0.08342 0.08537 0.10136 0.21634 0.21634 0.21634 0.21634 0.21634 0.21634 0.21634 0.21634 0.21634 0.10509 0.18411 0.21634 0.14870 0.08486 0.05986 0.05462 0.05783 0.06848 0.15239 0.19676 0.21634 0.21634 0.19470 0.16204 0.15397 0.13977 0.13755 0.00000 0.00000 0.00000 0.00000 0.00000 0.00000 0.00000 0.00000 0.00000 0.00000 0.00000 0.00000 0.00000 0.00000 0.00000 0.00000 0.00000 0.00000 0.00000 0.00000 0.00000 0.00000 
101	1	0	0.14309 0.12591 0.13611 0.15146 0.16777 0.14474 0.12571 0.12297 0.14328 0.21361 0.18166 0.16547 0.19210 0.21361 0.19576 0.16515 0.18616 0.21361 0.10863 0.11413 0.12784 0.15034 0.16660 0.13929 0.10863 0.09677 0.10317 0.21361 0.16246 0.18176 0.21361 0.21361 0.21361 0.16803 0.16289 0.21361 0.00000 0.00000 0.00000 0.00000 0.00000 0.00000 0.00000 0.00000 0.00000 0.00000 0.00000 0.00000 0.00000 0.00000 0.00000 0.00000 0.00000 0.00000 0.00000 0.00000 0.00000 0.00000 
102	1	0	0.08929 0.09439 0.10669 0.14633 0.19606 0.21058 0.21058 0.19010 0.11250 0.11858 0.13005 0.15362 0.16959 0.21058 0.20353 0.21058 0.15278 0.12385 0.09911 0.13426 0.17074 0.19548 0.19590 0.17811 0.17538 0.12881 0.09654 0.15834 0.20660 0.21058 0.21058 0.21058 0.16761 0.17029 0.14550 0.13835 0.00000 0.00000 0.00000 0.00000 0.00000 0.00000 0.00000 0.00000 0.00000 0.00000 0.00000 0.00000 0.00000 0.00000 0.00000 0.00000 0.00000 0.00000 0.00000 0.00000 0.00000 0.00000 
103	1	0	0.08105 0.08572 0.09842 0.12813 0.16218 0.14877 0.12624 0.09952 0.08356 0.17516 0.17550 0.19348 0.21589 0.21589 0.21589 0.21589 0.19918 0.17967 0.10877 0.12385 0.14335 0.15220 0.15332 0.12449 0.10301 0.09011 0.09349 0.21589 0.21589 0.21589 0.21589 0.21589 0.21589 0.19708 0.17355 0.18240 0.00000 0.00000 0.00000 0.00000 0.00000 0.00000 0.00000 0.00000 0.00000 0.00000 0.00000 0.00000 0.00000 0.00000 0.00000 0.00000 0.00000 0.00000 0.00000 0.00000 0.00000 0.00000 
104	1	0	0.08273 0.08886 0.11505 0.11902 0.13990 0.09986 0.09089 0.07218 0.07924 0.22679 0.22679 0.22679 0.22679 0.22679 0.20711 0.19153 0.19223 0.22539 0.07092 0.07046 0.08478 0.08142 0.13678 0.09069 0.09410 0.07216 0.07365 0.22679 0.22679 0.22679 0.22679 0.22679 0.19678 0.19192 0.19228 0.20466 0.00000 0.00000 0.00000 0.00000 0.00000 0.00000 0.00000 0.00000 0.00000 0.00000 0.00000 0.00000 0.00000 0.00000 0.00000 0.00000 0.00000 0.00000 0.00000 0.00000 0.00000 0.00000 
105	1	0	0.13566 0.14680 0.16006 0.14791 0.17877 0.14839 0.17006 0.15237 0.14034 0.16970 0.19454 0.20297 0.20297 0.19943 0.17586 0.18054 0.16989 0.16389 0.10170 0.09913 0.10676 0.10824 0.16276 0.13924 0.16828 0.13715 0.11345 0.16286 0.17455 0.20297 0.20297 0.20297 0.20214 0.20297 0.18926 0.17038 0.00000 0.00000 0.00000 0.00000 0.00000 0.00000 0.00000 0.00000 0.00000 0.00000 0.00000 0.00000 0.00000 0.00000 0.00000 0.00000 0.00000 0.00000 0.00000 0.00000 0.00000 0.00000 
106	1	0	0.08983 0.10876 0.13109 0.11680 0.12155 0.11410 0.11233 0.08921 0.07932 0.17888 0.17178 0.20057 0.23115 0.23115 0.23115 0.23115 0.23115 0.18876 0.10131 0.12039 0.13978 0.13100 0.13943 0.13622 0.14409 0.11840 0.10310 0.15017 0.15264 0.18030 0.22985 0.23115 0.23115 0.22686 0.17574 0.15004 0.00000 0.00000 0.00000 0.00000 0.00000 0.00000 0.00000 0.00000 0.00000 0.00000 0.00000 0.00000 0.00000 0.00000 0.00000 0.00000 0.00000 0.00000 0.00000 0.00000 0.00000 0.00000 
107	1	0	0.08481 0.09467 0.10057 0.08675 0.11598 0.08676 0.08411 0.06390 0.06771 0.18133 0.17522 0.19461 0.22137 0.22137 0.22137 0.21660 0.18391 0.18115 0.11324 0.11212 0.12365 0.12302 0.16721 0.16129 0.17202 0.12406 0.10334 0.19763 0.18917 0.20587 0.22137 0.22137 0.22137 0.22137 0.21537 0.20044 0.00000 0.00000 0.00000 0.00000 0.00000 0.00000 0.00000 0.00000 0.00000 0.00000 0.00000 0.00000 0.00000 0.00000 0.00000 0.00000 0.00000 0.00000 0.00000 0.00000 0.00000 0.00000 
108	1	0	0.07698 0.08533 0.10782 0.14809 0.26424 0.14796 0.09070 0.07134 0.07355 0.10036 0.11551 0.17798 0.26652 0.26652 0.26652 0.15945 0.10602 0.10060 0.13118 0.13589 0.15633 0.13207 0.20694 0.11320 0.08620 0.07571 0.10882 0.14702 0.15778 0.21636 0.26652 0.26652 0.26652 0.16576 0.12258 0.13434 0.00000 0.00000 0.00000 0.00000 0.00000 0.00000 0.00000 0.00000 0.00000 0.00000 0.00000 0.00000 0.00000 0.00000 0.00000 0.00000 0.00000 0.00000 0.00000 0.00000 0.00000 0.00000 
109	1	0	0.10916 0.11554 0.11946 0.11529 0.15216 0.15083 0.14452 0.12644 0.11496 0.17865 0.20247 0.20476 0.20476 0.20476 0.20476 0.19177 0.17738 0.17145 0.12917 0.11856 0.11554 0.11580 0.15485 0.15360 0.16541 0.14722 0.13556 0.17609 0.19478 0.20476 0.20476 0.20476 0.20476 0.19609 0.18002 0.17573 0.00000 0.00000 0.00000 0.00000 0.00000 0.00000 0.00000 0.00000 0.00000 0.00000 0.00000 0.00000 0.00000 0.00000 0.00000 0.00000 0.00000 0.00000 0.00000 0.00000 0.00000 0.00000 
110	1	0	0.21280 0.20220 0.21831 0.21831 0.21831 0.21831 0.21831 0.20869 0.21831 0.11242 0.07913 0.10594 0.09046 0.15480 0.08653 0.08365 0.06940 0.11188 0.21831 0.21831 0.21831 0.21831 0.21831 0.21831 0.21748 0.19755 0.21387 0.09604 0.06437 0.07974 0.07857 0.15745 0.07046 0.06074 0.04990 0.09064 0.00000 0.00000 0.00000 0.00000 0.00000 0.00000 0.00000 0.00000 0.00000 0.00000 0.00000 0.00000 0.00000 0.00000 0.00000 0.00000 0.00000 0.00000 0.00000 0.00000 0.00000 0.00000 
111	1	0	0.09024 0.08548 0.08823 0.06759 0.08608 0.06853 0.07525 0.08108 0.10539 0.23464 0.23464 0.23464 0.23464 0.23464 0.23464 0.23464 0.23464 0.23464 0.05838 0.06821 0.07921 0.05487 0.07177 0.04850 0.06319 0.06749 0.06028 0.23464 0.23464 0.23464 0.20571 0.19102 0.17060 0.18872 0.21011 0.22149 0.00000 0.00000 0.00000 0.00000 0.00000 0.00000 0.00000 0.00000 0.00000 0.00000 0.00000 0.00000 0.00000 0.00000 0.00000 0.00000 0.00000 0.00000 0.00000 0.00000 0.00000 0.00000 
112	1	0	0.06867 0.08233 0.11082 0.12332 0.11747 0.07708 0.06333 0.05328 0.05960 0.16330 0.16790 0.21543 0.22103 0.22103 0.19182 0.15659 0.13335 0.15121 0.12360 0.13638 0.15163 0.18656 0.18974 0.15437 0.13258 0.10857 0.11331 0.22103 0.22103 0.22103 0.22103 0.22103 0.22103 0.22103 0.20779 0.22103 0.00000 0.00000 0.00000 0.00000 0.00000 0.00000 0.00000 0.00000 0.00000 0.00000 0.00000 0.00000 0.00000 0.00000 0.00000 0.00000 0.00000 0.00000 0.00000 0.00000 0.00000 0.00000 
113	1	0	0.12219 0.12956 0.14397 0.16546 0.19132 0.19419 0.17424 0.14019 0.12107 0.17477 0.18238 0.19730 0.20634 0.20634 0.20634 0.19271 0.17680 0.17577 0.12825 0.13464 0.14364 0.15511 0.18561 0.19377 0.18427 0.15076 0.12636 0.12758 0.12442 0.12965 0.16238 0.20634 0.19741 0.16978 0.14724 0.13592 0.00000 0.00000 0.00000 0.00000 0.00000 0.00000 0.00000 0.00000 0.00000 0.00000 0.00000 0.00000 0.00000 0.00000 0.00000 0.00000 0.00000 0.00000 0.00000 0.00000 0.00000 0.00000 
114	1	0	0.10989 0.14846 0.21087 0.21087 0.17449 0.14403 0.14318 0.11467 0.10447 0.13909 0.14500 0.18746 0.20187 0.18184 0.18615 0.21087 0.19006 0.15637 0.08822 0.09583 0.13125 0.14839 0.18419 0.21087 0.21087 0.14513 0.10568 0.13596 0.12853 0.13677 0.15332 0.19475 0.21087 0.21087 0.21087 0.17388 0.00000 0.00000 0.00000 0.00000 0.00000 0.00000 0.00000 0.00000 0.00000 0.00000 0.00000 0.00000 0.00000 0.00000 0.00000 0.00000 0.00000 0.00000 0.00000 0.00000 0.00000 0.00000 
115	1	0	0.16656 0.17625 0.19334 0.18567 0.21412 0.21412 0.21412 0.20878 0.17314 0.11072 0.09767 0.10847 0.14788 0.21412 0.19925 0.17579 0.14562 0.12093 0.11832 0.09581 0.09497 0.11912 0.19197 0.21412 0.21412 0.21412 0.15525 0.09408 0.07483 0.08089 0.12939 0.21412 0.21026 0.20105 0.15060 0.11228 0.00000 0.00000 0.00000 0.00000 0.00000 0.00000 0.00000 0.00000 0.00000 0.00000 0.00000 0.00000 0.00000 0.00000 0.00000 0.00000 0.00000 0.00000 0.00000 0.00000 0.00000 0.00000 
116	1	0	0.05601 0.05703 0.06583 0.07328 0.11156 0.09869 0.10168 0.07900 0.06107 0.18402 0.18369 0.21101 0.24773 0.24773 0.24301 0.21797 0.18534 0.17247 0.06677 0.09331 0.13478 0.12149 0.11658 0.07657 0.06862 0.05123 0.05233 0.23248 0.24773 0.24773 0.24773 0.24773 0.24773 0.19387 0.15694 0.18623 0.00000 0.00000 0.00000 0.00000 0.00000 0.00000 0.00000 0.00000 0.00000 0.00000 0.00000 0.00000 0.00000 0.00000 0.00000 0.00000 0.00000 0.00000 0.00000 0.00000 0.00000 0.00000 
117	1	0	0.14135 0.13067 0.14738 0.18443 0.20849 0.20849 0.19279 0.17538 0.16651 0.14024 0.12152 0.14467 0.19210 0.20849 0.20849 0.20849 0.18164 0.16762 0.12162 0.14243 0.18204 0.19892 0.20849 0.17579 0.14177 0.12355 0.12016 0.10384 0.12011 0.16556 0.19512 0.20849 0.17694 0.13685 0.10965 0.10302 0.00000 0.00000 0.00000 0.00000 0.00000 0.00000 0.00000 0.00000 0.00000 0.00000 0.00000 0.00000 0.00000 0.00000 0.00000 0.00000 0.00000 0.00000 0.00000 0.00000 0.00000 0.00000 
118	1	0	0.07834 0.07469 0.07472 0.07664 0.09917 0.12102 0.14879 0.12250 0.09081 0.15704 0.14633 0.15488 0.17850 0.18475 0.19702 0.20919 0.20028 0.17574 0.13203 0.14149 0.15097 0.16544 0.19029 0.18047 0.17976 0.15015 0.13124 0.20411 0.19909 0.20919 0.20919 0.20919 0.20919 0.20919 0.20919 0.20714 0.00000 0.00000 0.00000 0.00000 0.00000 0.00000 0.00000 0.00000 0.00000 0.00000 0.00000 0.00000 0.00000 0.00000 0.00000 0.00000 0.00000 0.00000 0.00000 0.00000 0.00000 0.00000 
119	1	0	0.12528 0.12647 0.13480 0.15490 0.19449 0.18527 0.16952 0.13202 0.12376 0.16151 0.16151 0.17137 0.18436 0.20732 0.19717 0.17985 0.15225 0.15657 0.11378 0.11169 0.12551 0.14461 0.20732 0.20732 0.20732 0.16602 0.12717 0.14203 0.14547 0.16381 0.18519 0.20732 0.20732 0.20732 0.16409 0.14109 0.00000 0.00000 0.00000 0.00000 0.00000 0.00000 0.00000 0.00000 0.00000 0.00000 0.00000 0.00000 0.00000 0.00000 0.00000 0.00000 0.00000 0.00000 0.00000 0.00000 0.00000 0.00000 
120	1	0	0.08843 0.10224 0.19017 0.18001 0.19583 0.11336 0.10107 0.08680 0.08677 0.22004 0.21039 0.23232 0.23232 0.23232 0.23232 0.23232 0.23232 0.23232 0.09754 0.09527 0.11781 0.10396 0.14494 0.07700 0.07230 0.06520 0.08212 0.13849 0.13015 0.15774 0.18987 0.23232 0.20930 0.20247 0.14810 0.14025 0.00000 0.00000 0.00000 0.00000 0.00000 0.00000 0.00000 0.00000 0.00000 0.00000 0.00000 0.00000 0.00000 0.00000 0.00000 0.00000 0.00000 0.00000 0.00000 0.00000 0.00000 0.00000 
121	1	0	0.08714 0.08958 0.11356 0.10691 0.11541 0.11185 0.12672 0.11786 0.10184 0.20894 0.18817 0.20169 0.19604 0.20562 0.22657 0.22657 0.22657 0.22657 0.09746 0.09504 0.10909 0.10771 0.11682 0.11197 0.13944 0.13969 0.11557 0.22657 0.17341 0.15600 0.15639 0.17751 0.22276 0.22657 0.22657 0.22657 0.00000 0.00000 0.00000 0.00000 0.00000 0.00000 0.00000 0.00000 0.00000 0.00000 0.00000 0.00000 0.00000 0.00000 0.00000 0.00000 0.00000 0.00000 0.00000 0.00000 0.00000 0.00000 
122	1	0	0.06826 0.07818 0.09470 0.10441 0.13739 0.10164 0.09108 0.06711 0.06383 0.15411 0.16642 0.20226 0.23322 0.23322 0.23322 0.22068 0.18110 0.15717 0.12586 0.14510 0.15112 0.13583 0.15005 0.12014 0.11403 0.08639 0.09727 0.18166 0.18710 0.20129 0.23322 0.23322 0.23322 0.23322 0.23322 0.18354 0.00000 0.00000 0.00000 0.00000 0.00000 0.00000 0.00000 0.00000 0.00000 0.00000 0.00000 0.00000 0.00000 0.00000 0.00000 0.00000 0.00000 0.00000 0.00000 0.00000 0.00000 0.00000 
123	1	0	0.05173 0.04780 0.05759 0.05794 0.07125 0.06677 0.06842 0.06315 0.05919 0.22576 0.20938 0.22576 0.22576 0.22576 0.22576 0.19887 0.20601 0.22576 0.09167 0.09447 0.10181 0.09218 0.10473 0.10296 0.09228 0.08621 0.09061 0.22576 0.22576 0.22576 0.22576 0.22576 0.22576 0.22576 0.20757 0.22576 0.00000 0.00000 0.00000 0.00000 0.00000 0.00000 0.00000 0.00000 0.00000 0.00000 0.00000 0.00000 0.00000 0.00000 0.00000 0.00000 0.00000 0.00000 0.00000 0.00000 0.00000 0.00000 
124	1	0	0.08375 0.07498 0.07961 0.09049 0.10928 0.09885 0.09977 0.10553 0.10302 0.22401 0.19428 0.20456 0.22401 0.22401 0.22401 0.22113 0.22401 0.22401 0.06761 0.06468 0.07434 0.08839 0.09641 0.07900 0.07661 0.07541 0.07305 0.22401 0.19705 0.20737 0.22401 0.22401 0.22401 0.22401 0.22401 0.22401 0.00000 0.00000 0.00000 0.00000 0.00000 0.00000 0.00000 0.00000 0.00000 0.00000 0.00000 0.00000 0.00000 0.00000 0.00000 0.00000 0.00000 0.00000 0.00000 0.00000 0.00000 0.00000 
125	1	0	0.22068 0.16656 0.16051 0.18029 0.22152 0.20559 0.20352 0.22030 0.23148 0.23148 0.23148 0.23148 0.23148 0.23148 0.23148 0.23148 0.23148 0.23148 0.05498 0.05878 0.06401 0.06720 0.08309 0.06490 0.06419 0.05915 0.05410 0.07609 0.07373 0.08272 0.11115 0.21783 0.11817 0.07803 0.07471 0.07478 0.00000 0.00000 0.00000 0.00000 0.00000 0.00000 0.00000 0.00000 0.00000 0.00000 0.00000 0.00000 0.00000 0.00000 0.00000 0.00000 0.00000 0.00000 0.00000 0.00000 0.00000 0.00000 
126	1	0	0.10078 0.11319 0.13603 0.16199 0.22233 0.20732 0.18941 0.13805 0.11141 0.15627 0.16705 0.20512 0.22357 0.22357 0.22357 0.22357 0.17409 0.16165 0.07854 0.08081 0.09694 0.11411 0.16519 0.16586 0.17799 0.12869 0.09221 0.11676 0.12585 0.15994 0.21541 0.22357 0.22357 0.19254 0.14008 0.12149 0.00000 0.00000 0.00000 0.00000 0.00000 0.00000 0.00000 0.00000 0.00000 0.00000 0.00000 0.00000 0.00000 0.00000 0.00000 0.00000 0.00000 0.00000 0.00000 0.00000 0.00000 0.00000 
127	1	0	0.08593 0.09166 0.09701 0.06314 0.07845 0.04722 0.06104 0.08007 0.07862 0.22486 0.22486 0.22486 0.18998 0.17626 0.14164 0.17713 0.22486 0.22486 0.20416 0.17013 0.14842 0.11223 0.11078 0.07988 0.08819 0.11349 0.16996 0.22486 0.22486 0.22486 0.22486 0.19791 0.16097 0.17872 0.22174 0.22486 0.00000 0.00000 0.00000 0.00000 0.00000 0.00000 0.00000 0.00000 0.00000 0.00000 0.00000 0.00000 0.00000 0.00000 0.00000 0.00000 0.00000 0.00000 0.00000 0.00000 0.00000 0.00000 
128	1	0	0.17671 0.16317 0.14366 0.12957 0.15741 0.14269 0.15636 0.16687 0.18771 0.14292 0.14407 0.15736 0.15412 0.16924 0.12122 0.11392 0.11290 0.12849 0.21653 0.20059 0.19070 0.20323 0.21653 0.21653 0.21653 0.21653 0.21653 0.12883 0.11788 0.13186 0.15525 0.19881 0.16003 0.14339 0.13527 0.13943 0.00000 0.00000 0.00000 0.00000 0.00000 0.00000 0.00000 0.00000 0.00000 0.00000 0.00000 0.00000 0.00000 0.00000 0.00000 0.00000 0.00000 0.00000 0.00000 0.00000 0.00000 0.00000 
129	1	0	0.09631 0.09700 0.10201 0.09891 0.11257 0.09878 0.10272 0.09086 0.09391 0.21571 0.21571 0.21571 0.21571 0.21571 0.21571 0.21571 0.21571 0.21571 0.09424 0.09462 0.10690 0.12526 0.13689 0.10973 0.10424 0.09474 0.09273 0.21571 0.19423 0.19458 0.21571 0.21571 0.20932 0.19978 0.20133 0.21571 0.00000 0.00000 0.00000 0.00000 0.00000 0.00000 0.00000 0.00000 0.00000 0.00000 0.00000 0.00000 0.00000 0.00000 0.00000 0.00000 0.00000 0.00000 0.00000 0.00000 0.00000 0.00000 
130	1	0	0.15883 0.15585 0.14624 0.15217 0.19628 0.14378 0.14291 0.14312 0.15360 0.18603 0.12305 0.12034 0.16759 0.21672 0.14296 0.11068 0.11604 0.21587 0.17241 0.17316 0.15959 0.17352 0.21672 0.18719 0.17747 0.17904 0.17448 0.14548 0.13941 0.14709 0.21645 0.21672 0.19945 0.14152 0.13178 0.15333 0.00000 0.00000 0.00000 0.00000 0.00000 0.00000 0.00000 0.00000 0.00000 0.00000 0.00000 0.00000 0.00000 0.00000 0.00000 0.00000 0.00000 0.00000 0.00000 0.00000 0.00000 0.00000 
131	1	0	0.10967 0.07258 0.06536 0.05733 0.09224 0.04723 0.06207 0.05921 0.10903 0.15896 0.10857 0.08722 0.08386 0.12176 0.08320 0.09716 0.09565 0.15698 0.23708 0.23708 0.23708 0.23478 0.23409 0.18011 0.17692 0.21225 0.23708 0.23708 0.23708 0.22583 0.18720 0.18499 0.15023 0.16594 0.20878 0.23708 0.00000 0.00000 0.00000 0.00000 0.00000 0.00000 0.00000 0.00000 0.00000 0.00000 0.00000 0.00000 0.00000 0.00000 0.00000 0.00000 0.00000 0.00000 0.00000 0.00000 0.00000 0.00000 
132	1	0	0.10720 0.09490 0.09831 0.10936 0.18993 0.20875 0.20258 0.14394 0.12383 0.20269 0.16682 0.14789 0.15683 0.20875 0.20875 0.20875 0.20875 0.20875 0.12602 0.12750 0.12283 0.12204 0.14104 0.11627 0.10101 0.09567 0.11589 0.20875 0.20323 0.18953 0.18619 0.20769 0.18552 0.17514 0.17377 0.20875 0.00000 0.00000 0.00000 0.00000 0.00000 0.00000 0.00000 0.00000 0.00000 0.00000 0.00000 0.00000 0.00000 0.00000 0.00000 0.00000 0.00000 0.00000 0.00000 0.00000 0.00000 0.00000 
133	1	0	0.04089 0.04690 0.06004 0.06264 0.09616 0.06407 0.05585 0.04290 0.04052 0.22982 0.23050 0.23050 0.23050 0.23050 0.23050 0.23050 0.23050 0.22916 0.04003 0.03750 0.04263 0.04727 0.08451 0.05018 0.05257 0.04795 0.04332 0.21532 0.21721 0.23050 0.23050 0.23050 0.23050 0.23050 0.23050 0.23050 0.00000 0.00000 0.00000 0.00000 0.00000 0.00000 0.00000 0.00000 0.00000 0.00000 0.00000 0.00000 0.00000 0.00000 0.00000 0.00000 0.00000 0.00000 0.00000 0.00000 0.00000 0.00000 
134	1	0	0.06667 0.07447 0.08450 0.07251 0.16761 0.07954 0.09012 0.07106 0.06084 0.21115 0.22142 0.22643 0.22643 0.22643 0.22643 0.22643 0.22456 0.20069 0.06032 0.06707 0.07670 0.07237 0.15982 0.07484 0.07617 0.05820 0.05643 0.20548 0.22643 0.22643 0.22643 0.22643 0.22643 0.22643 0.19110 0.18506 0.00000 0.00000 0.00000 0.00000 0.00000 0.00000 0.00000 0.00000 0.00000 0.00000 0.00000 0.00000 0.00000 0.00000 0.00000 0.00000 0.00000 0.00000 0.00000 0.00000 0.00000 0.00000 
135	1	0	0.06357 0.08361 0.11366 0.14363 0.22192 0.11720 0.11733 0.08310 0.06493 0.18294 0.21360 0.22192 0.19732 0.22192 0.21259 0.22192 0.22192 0.22192 0.05551 0.06029 0.07691 0.11341 0.22192 0.11975 0.11056 0.07377 0.05464 0.15701 0.14854 0.15793 0.16805 0.22192 0.22192 0.22192 0.22192 0.22192 0.00000 0.00000 0.00000 0.00000 0.00000 0.00000 0.00000 0.00000 0.00000 0.00000 0.00000 0.00000 0.00000 0.00000 0.00000 0.00000 0.00000 0.00000 0.00000 0.00000 0.00000 0.00000 
136	1	0	0.12941 0.12796 0.14804 0.15379 0.15876 0.13861 0.13762 0.15814 0.15058 0.23015 0.22029 0.22343 0.23015 0.23015 0.23015 0.23015 0.23015 0.23015 0.07653 0.09124 0.11019 0.11564 0.12592 0.07970 0.07255 0.07017 0.07051 0.11573 0.10140 0.11755 0.16015 0.23015 0.23015 0.21209 0.16932 0.13760 0.00000 0.00000 0.00000 0.00000 0.00000 0.00000 0.00000 0.00000 0.00000 0.00000 0.00000 0.00000 0.00000 0.00000 0.00000 0.00000 0.00000 0.00000 0.00000 0.00000 0.00000 0.00000 
137	1	0	0.14955 0.12283 0.13188 0.15285 0.22073 0.22073 0.22073 0.22073 0.21011 0.11584 0.09647 0.10005 0.11289 0.18147 0.18816 0.21378 0.19001 0.15037 0.14331 0.13658 0.13840 0.14663 0.17916 0.19488 0.22073 0.22073 0.17436 0.12121 0.10138 0.10075 0.11316 0.16568 0.15539 0.18057 0.17294 0.15006 0.00000 0.00000 0.00000 0.00000 0.00000 0.00000 0.00000 0.00000 0.00000 0.00000 0.00000 0.00000 0.00000 0.00000 0.00000 0.00000 0.00000 0.00000 0.00000 0.00000 0.00000 0.00000 
138	1	0	0.17050 0.22355 0.22355 0.22355 0.22355 0.18843 0.15032 0.13221 0.13748 0.10647 0.15091 0.22355 0.22355 0.16585 0.10033 0.07833 0.07012 0.08221 0.14914 0.16333 0.22204 0.22355 0.22355 0.21423 0.18816 0.16719 0.15992 0.09327 0.11243 0.16196 0.18932 0.16623 0.12042 0.10163 0.08905 0.08979 0.00000 0.00000 0.00000 0.00000 0.00000 0.00000 0.00000 0.00000 0.00000 0.00000 0.00000 0.00000 0.00000 0.00000 0.00000 0.00000 0.00000 0.00000 0.00000 0.00000 0.00000 0.00000 
139	1	0	0.15190 0.12611 0.12881 0.14044 0.22462 0.22462 0.22462 0.22462 0.19212 0.09905 0.07417 0.08386 0.08776 0.18077 0.18606 0.19682 0.13986 0.12112 0.14591 0.10916 0.10861 0.10407 0.19287 0.22462 0.22462 0.22462 0.17167 0.11748 0.08108 0.08523 0.09076 0.19396 0.22462 0.22462 0.20431 0.15304 0.00000 0.00000 0.00000 0.00000 0.00000 0.00000 0.00000 0.00000 0.00000 0.00000 0.00000 0.00000 0.00000 0.00000 0.00000 0.00000 0.00000 0.00000 0.00000 0.00000 0.00000 0.00000 
140	1	0	0.11056 0.13113 0.16509 0.15312 0.16412 0.16867 0.15260 0.12241 0.10618 0.17494 0.15649 0.15940 0.16357 0.20778 0.20572 0.16887 0.14695 0.14961 0.10248 0.11634 0.14196 0.13944 0.15250 0.17275 0.18400 0.14655 0.11398 0.18879 0.18189 0.19960 0.20778 0.20778 0.20778 0.20778 0.20778 0.19537 0.00000 0.00000 0.00000 0.00000 0.00000 0.00000 0.00000 0.00000 0.00000 0.00000 0.00000 0.00000 0.00000 0.00000 0.00000 0.00000 0.00000 0.00000 0.00000 0.00000 0.00000 0.00000 
141	1	0	0.13960 0.16112 0.18313 0.15817 0.15456 0.11222 0.12478 0.12369 0.12044 0.19839 0.20527 0.20527 0.20527 0.20527 0.19714 0.20527 0.20527 0.20030 0.12903 0.18756 0.20527 0.18211 0.13662 0.08517 0.07831 0.07904 0.08597 0.17383 0.20527 0.20527 0.20527 0.18794 0.14517 0.12840 0.13611 0.14169 0.00000 0.00000 0.00000 0.00000 0.00000 0.00000 0.00000 0.00000 0.00000 0.00000 0.00000 0.00000 0.00000 0.00000 0.00000 0.00000 0.00000 0.00000 0.00000 0.00000 0.00000 0.00000 
142	1	0	0.16625 0.20527 0.20527 0.17664 0.14743 0.12924 0.13623 0.15285 0.15990 0.19455 0.20527 0.20527 0.20527 0.18298 0.15254 0.15183 0.16126 0.18055 0.16090 0.20252 0.20527 0.18859 0.14870 0.10778 0.10783 0.11669 0.13471 0.15383 0.19120 0.20527 0.19871 0.17050 0.12047 0.10830 0.10837 0.12493 0.00000 0.00000 0.00000 0.00000 0.00000 0.00000 0.00000 0.00000 0.00000 0.00000 0.00000 0.00000 0.00000 0.00000 0.00000 0.00000 0.00000 0.00000 0.00000 0.00000 0.00000 0.00000 
143	1	0	0.14314 0.17791 0.16275 0.13636 0.14673 0.12021 0.10745 0.08530 0.10535 0.21405 0.21405 0.21385 0.17999 0.21207 0.18379 0.17514 0.13049 0.16090 0.16547 0.18593 0.17067 0.13435 0.13912 0.10698 0.11221 0.09742 0.12508 0.21405 0.21405 0.21405 0.21405 0.20896 0.15422 0.15557 0.14329 0.19884 0.00000 0.00000 0.00000 0.00000 0.00000 0.00000 0.00000 0.00000 0.00000 0.00000 0.00000 0.00000 0.00000 0.00000 0.00000 0.00000 0.00000 0.00000 0.00000 0.00000 0.00000 0.00000 
144	1	0	0.21571 0.23787 0.23787 0.23605 0.17767 0.12630 0.11307 0.12181 0.15043 0.23787 0.23787 0.23787 0.23787 0.18272 0.13810 0.13009 0.15364 0.20853 0.08708 0.10139 0.11835 0.08232 0.09652 0.05930 0.06298 0.06623 0.07196 0.19527 0.23787 0.23787 0.16598 0.12208 0.09681 0.11034 0.13106 0.15545 0.00000 0.00000 0.00000 0.00000 0.00000 0.00000 0.00000 0.00000 0.00000 0.00000 0.00000 0.00000 0.00000 0.00000 0.00000 0.00000 0.00000 0.00000 0.00000 0.00000 0.00000 0.00000 
145	1	0	0.13985 0.11115 0.10566 0.10921 0.13618 0.15177 0.16033 0.17185 0.16811 0.16955 0.13969 0.13201 0.13340 0.16482 0.18196 0.18662 0.19947 0.19839 0.15123 0.13691 0.12723 0.14153 0.15527 0.16303 0.17120 0.17608 0.17061 0.20591 0.18542 0.16421 0.17019 0.19968 0.20591 0.20591 0.20591 0.20591 0.00000 0.00000 0.00000 0.00000 0.00000 0.00000 0.00000 0.00000 0.00000 0.00000 0.00000 0.00000 0.00000 0.00000 0.00000 0.00000 0.00000 0.00000 0.00000 0.00000 0.00000 0.00000 
146	1	0	0.15625 0.13958 0.13897 0.14962 0.21135 0.22364 0.22364 0.22364 0.19502 0.16388 0.15935 0.19151 0.22364 0.22364 0.22364 0.22364 0.18868 0.16573 0.06952 0.05867 0.06189 0.05881 0.12281 0.10245 0.16444 0.15389 0.09451 0.11748 0.12866 0.16386 0.20436 0.22364 0.18119 0.14152 0.11269 0.10970 0.00000 0.00000 0.00000 0.00000 0.00000 0.00000 0.00000 0.00000 0.00000 0.00000 0.00000 0.00000 0.00000 0.00000 0.00000 0.00000 0.00000 0.00000 0.00000 0.00000 0.00000 0.00000 
147	1	0	0.17200 0.20253 0.20253 0.17840 0.14918 0.15000 0.17005 0.17841 0.16129 0.18548 0.18958 0.17489 0.13369 0.12005 0.13779 0.16162 0.17697 0.17964 0.14839 0.17516 0.19307 0.17194 0.16277 0.15908 0.17792 0.16406 0.14496 0.16624 0.13999 0.13529 0.11776 0.11674 0.13806 0.20253 0.20253 0.18986 0.00000 0.00000 0.00000 0.00000 0.00000 0.00000 0.00000 0.00000 0.00000 0.00000 0.00000 0.00000 0.00000 0.00000 0.00000 0.00000 0.00000 0.00000 0.00000 0.00000 0.00000 0.00000 
148	1	0	0.12799 0.16667 0.20169 0.18804 0.15569 0.12739 0.10808 0.10306 0.10731 0.13738 0.17641 0.20656 0.19687 0.15940 0.12227 0.11105 0.10467 0.11730 0.15995 0.20049 0.20656 0.19770 0.16424 0.14306 0.15173 0.15460 0.14482 0.20656 0.20656 0.20656 0.20656 0.18995 0.16796 0.17041 0.17446 0.19320 0.00000 0.00000 0.00000 0.00000 0.00000 0.00000 0.00000 0.00000 0.00000 0.00000 0.00000 0.00000 0.00000 0.00000 0.00000 0.00000 0.00000 0.00000 0.00000 0.00000 0.00000 0.00000 
149	1	0	0.09475 0.12329 0.12980 0.14560 0.22721 0.19644 0.12728 0.09832 0.09401 0.16564 0.15886 0.16576 0.22036 0.22745 0.22745 0.21140 0.18570 0.20276 0.12345 0.15106 0.14107 0.13114 0.15702 0.15336 0.13956 0.12184 0.10518 0.13925 0.13754 0.13874 0.17222 0.22745 0.22745 0.21377 0.16817 0.15734 0.00000 0.00000 0.00000 0.00000 0.00000 0.00000 0.00000 0.00000 0.00000 0.00000 0.00000 0.00000 0.00000 0.00000 0.00000 0.00000 0.00000 0.00000 0.00000 0.00000 0.00000 0.00000 
150	1	0	0.16200 0.18383 0.20043 0.19207 0.18995 0.13588 0.13172 0.12040 0.13071 0.14759 0.18353 0.21498 0.21498 0.21498 0.18897 0.13870 0.11674 0.12404 0.12549 0.12404 0.12910 0.15008 0.21498 0.20412 0.21498 0.15163 0.12880 0.10648 0.13099 0.17135 0.21498 0.21498 0.20748 0.14152 0.10760 0.10126 0.00000 0.00000 0.00000 0.00000 0.00000 0.00000 0.00000 0.00000 0.00000 0.00000 0.00000 0.00000 0.00000 0.00000 0.00000 0.00000 0.00000 0.00000 0.00000 0.00000 0.00000 0.00000 
151	1	0	0.09090 0.11175 0.14036 0.15830 0.17571 0.14870 0.11580 0.09139 0.08176 0.20538 0.21836 0.21926 0.21926 0.21926 0.21926 0.20960 0.18675 0.19154 0.10684 0.13395 0.16106 0.16038 0.16043 0.13122 0.10617 0.08573 0.08719 0.15482 0.17475 0.21377 0.21926 0.21926 0.21135 0.15937 0.13441 0.13609 0.00000 0.00000 0.00000 0.00000 0.00000 0.00000 0.00000 0.00000 0.00000 0.00000 0.00000 0.00000 0.00000 0.00000 0.00000 0.00000 0.00000 0.00000 0.00000 0.00000 0.00000 0.00000 
152	1	0	0.16234 0.17658 0.20083 0.20575 0.22569 0.22569 0.22569 0.22569 0.17343 0.13701 0.13176 0.15592 0.18914 0.22569 0.22569 0.22569 0.21096 0.15629 0.04619 0.04725 0.06013 0.06743 0.14275 0.09747 0.11344 0.09331 0.05810 0.09216 0.09852 0.13453 0.17550 0.22569 0.22569 0.19501 0.14195 0.10613 0.00000 0.00000 0.00000 0.00000 0.00000 0.00000 0.00000 0.00000 0.00000 0.00000 0.00000 0.00000 0.00000 0.00000 0.00000 0.00000 0.00000 0.00000 0.00000 0.00000 0.00000 0.00000 
153	1	0	0.10695 0.07476 0.07051 0.07893 0.13413 0.22700 0.22994 0.22994 0.18192 0.12104 0.09648 0.09565 0.11728 0.18097 0.22994 0.22994 0.22994 0.17252 0.10271 0.09221 0.10644 0.12021 0.17261 0.21676 0.22994 0.18460 0.13085 0.11755 0.10276 0.12880 0.15332 0.18897 0.22994 0.22994 0.20033 0.14626 0.00000 0.00000 0.00000 0.00000 0.00000 0.00000 0.00000 0.00000 0.00000 0.00000 0.00000 0.00000 0.00000 0.00000 0.00000 0.00000 0.00000 0.00000 0.00000 0.00000 0.00000 0.00000 
154	1	0	0.14001 0.17639 0.19943 0.16997 0.16764 0.13568 0.12066 0.11861 0.12127 0.17740 0.17883 0.18803 0.17465 0.18899 0.17889 0.18037 0.17421 0.17396 0.11067 0.13292 0.15227 0.16120 0.17198 0.14668 0.12579 0.10917 0.10052 0.18490 0.17280 0.17560 0.17702 0.20124 0.20362 0.20362 0.20362 0.19859 0.00000 0.00000 0.00000 0.00000 0.00000 0.00000 0.00000 0.00000 0.00000 0.00000 0.00000 0.00000 0.00000 0.00000 0.00000 0.00000 0.00000 0.00000 0.00000 0.00000 0.00000 0.00000 
155	1	0	0.16243 0.11109 0.10725 0.13787 0.20746 0.19309 0.16009 0.13575 0.14770 0.16352 0.09856 0.09433 0.13087 0.17958 0.13584 0.10850 0.10011 0.14874 0.20803 0.15315 0.15165 0.15606 0.20803 0.20803 0.20803 0.20135 0.20803 0.18265 0.14338 0.14484 0.16475 0.20803 0.20803 0.19516 0.18129 0.19523 0.00000 0.00000 0.00000 0.00000 0.00000 0.00000 0.00000 0.00000 0.00000 0.00000 0.00000 0.00000 0.00000 0.00000 0.00000 0.00000 0.00000 0.00000 0.00000 0.00000 0.00000 0.00000 
156	1	0	0.20334 0.16801 0.16217 0.17815 0.20334 0.18661 0.17886 0.19397 0.20334 0.20334 0.16631 0.16297 0.17241 0.19747 0.16984 0.15438 0.17139 0.20334 0.19105 0.13990 0.12274 0.12970 0.14708 0.12906 0.12972 0.15614 0.20334 0.18524 0.13400 0.11801 0.12309 0.14933 0.12753 0.12431 0.14043 0.17793 0.00000 0.00000 0.00000 0.00000 0.00000 0.00000 0.00000 0.00000 0.00000 0.00000 0.00000 0.00000 0.00000 0.00000 0.00000 0.00000 0.00000 0.00000 0.00000 0.00000 0.00000 0.00000 
157	1	0	0.10621 0.08817 0.07944 0.08678 0.11337 0.11761 0.11870 0.12016 0.12328 0.22161 0.22161 0.20570 0.22161 0.22161 0.22161 0.22161 0.22161 0.22161 0.06882 0.05980 0.05299 0.05537 0.07624 0.07215 0.08235 0.07698 0.07627 0.22161 0.21993 0.18487 0.19732 0.22161 0.22110 0.22078 0.22161 0.22161 0.00000 0.00000 0.00000 0.00000 0.00000 0.00000 0.00000 0.00000 0.00000 0.00000 0.00000 0.00000 0.00000 0.00000 0.00000 0.00000 0.00000 0.00000 0.00000 0.00000 0.00000 0.00000 
158	1	0	0.07586 0.13512 0.22328 0.22832 0.22832 0.14900 0.08180 0.06382 0.06523 0.06633 0.09543 0.15214 0.22832 0.22832 0.22766 0.11839 0.07121 0.06364 0.10350 0.13110 0.20871 0.22832 0.22832 0.22832 0.19255 0.12832 0.10666 0.12213 0.12602 0.18865 0.22832 0.22832 0.22832 0.16055 0.10996 0.11444 0.00000 0.00000 0.00000 0.00000 0.00000 0.00000 0.00000 0.00000 0.00000 0.00000 0.00000 0.00000 0.00000 0.00000 0.00000 0.00000 0.00000 0.00000 0.00000 0.00000 0.00000 0.00000 
159	1	0	0.14941 0.18206 0.20857 0.20857 0.19111 0.16331 0.14176 0.12027 0.13449 0.20857 0.18246 0.17188 0.16255 0.20857 0.20857 0.16636 0.17360 0.20857 0.11705 0.12316 0.13643 0.15266 0.17178 0.14148 0.12058 0.10584 0.11103 0.19346 0.14197 0.12401 0.12828 0.20857 0.20857 0.14980 0.15959 0.18923 0.00000 0.00000 0.00000 0.00000 0.00000 0.00000 0.00000 0.00000 0.00000 0.00000 0.00000 0.00000 0.00000 0.00000 0.00000 0.00000 0.00000 0.00000 0.00000 0.00000 0.00000 0.00000 
160	1	0	0.12717 0.12629 0.13517 0.14253 0.16391 0.13759 0.10842 0.10362 0.12599 0.16773 0.14063 0.15264 0.16857 0.20271 0.15733 0.11690 0.12365 0.16925 0.19026 0.18434 0.18597 0.18384 0.20159 0.18053 0.16363 0.16633 0.18893 0.20271 0.17170 0.18957 0.20174 0.20271 0.19978 0.15339 0.15899 0.20271 0.00000 0.00000 0.00000 0.00000 0.00000 0.00000 0.00000 0.00000 0.00000 0.00000 0.00000 0.00000 0.00000 0.00000 0.00000 0.00000 0.00000 0.00000 0.00000 0.00000 0.00000 0.00000 
161	1	0	0.19656 0.18347 0.17419 0.15606 0.15247 0.18037 0.20543 0.20543 0.20543 0.17181 0.14223 0.12854 0.12117 0.13619 0.16843 0.20543 0.20543 0.20035 0.13387 0.11155 0.10504 0.10146 0.12323 0.16165 0.19389 0.20127 0.15896 0.14989 0.12591 0.11633 0.11467 0.14909 0.19115 0.20543 0.20543 0.17775 0.00000 0.00000 0.00000 0.00000 0.00000 0.00000 0.00000 0.00000 0.00000 0.00000 0.00000 0.00000 0.00000 0.00000 0.00000 0.00000 0.00000 0.00000 0.00000 0.00000 0.00000 0.00000 
162	1	0	0.03369 0.03166 0.04092 0.07219 0.17521 0.22460 0.15314 0.07285 0.04499 0.16934 0.16026 0.18093 0.23508 0.23875 0.23875 0.23875 0.19872 0.17842 0.02922 0.03234 0.05501 0.09689 0.18202 0.17934 0.10684 0.04645 0.03217 0.18790 0.17242 0.20272 0.23875 0.23875 0.23875 0.23875 0.17305 0.18358 0.00000 0.00000 0.00000 0.00000 0.00000 0.00000 0.00000 0.00000 0.00000 0.00000 0.00000 0.00000 0.00000 0.00000 0.00000 0.00000 0.00000 0.00000 0.00000 0.00000 0.00000 0.00000 
163	1	0	0.10684 0.13367 0.17370 0.16277 0.16396 0.14372 0.14536 0.10948 0.09691 0.12250 0.12579 0.14271 0.14728 0.19761 0.20738 0.20738 0.19583 0.14188 0.15285 0.20105 0.20738 0.20738 0.17926 0.12554 0.11653 0.11309 0.11799 0.16376 0.20358 0.20738 0.19989 0.20738 0.20738 0.20681 0.16324 0.14448 0.00000 0.00000 0.00000 0.00000 0.00000 0.00000 0.00000 0.00000 0.00000 0.00000 0.00000 0.00000 0.00000 0.00000 0.00000 0.00000 0.00000 0.00000 0.00000 0.00000 0.00000 0.00000 
164	1	0	0.18866 0.14994 0.14490 0.15985 0.19925 0.14844 0.12547 0.12744 0.17583 0.21900 0.21900 0.19203 0.21900 0.21900 0.21900 0.19940 0.19642 0.21900 0.12191 0.10021 0.09333 0.10796 0.14944 0.12402 0.11445 0.10618 0.11379 0.16969 0.14533 0.14840 0.18360 0.21900 0.18426 0.13137 0.12541 0.15725 0.00000 0.00000 0.00000 0.00000 0.00000 0.00000 0.00000 0.00000 0.00000 0.00000 0.00000 0.00000 0.00000 0.00000 0.00000 0.00000 0.00000 0.00000 0.00000 0.00000 0.00000 0.00000 
165	1	0	0.09614 0.11142 0.14699 0.18932 0.21288 0.15003 0.11547 0.09097 0.09244 0.20472 0.20334 0.21288 0.21288 0.21288 0.15765 0.13213 0.12859 0.16765 0.11817 0.13733 0.16709 0.21056 0.21288 0.21190 0.14933 0.10694 0.10474 0.16775 0.18166 0.21222 0.21288 0.21288 0.15355 0.13106 0.12497 0.14643 0.00000 0.00000 0.00000 0.00000 0.00000 0.00000 0.00000 0.00000 0.00000 0.00000 0.00000 0.00000 0.00000 0.00000 0.00000 0.00000 0.00000 0.00000 0.00000 0.00000 0.00000 0.00000 
166	1	0	0.04761 0.04732 0.06758 0.10489 0.17639 0.10309 0.07124 0.05277 0.04904 0.17127 0.17374 0.21206 0.23587 0.23587 0.23587 0.23587 0.20413 0.18851 0.05184 0.05079 0.06954 0.10428 0.17798 0.11875 0.09123 0.07140 0.06004 0.18511 0.17545 0.20754 0.23587 0.23587 0.23587 0.23587 0.23587 0.22641 0.00000 0.00000 0.00000 0.00000 0.00000 0.00000 0.00000 0.00000 0.00000 0.00000 0.00000 0.00000 0.00000 0.00000 0.00000 0.00000 0.00000 0.00000 0.00000 0.00000 0.00000 0.00000 
167	1	0	0.16243 0.20497 0.18949 0.15458 0.15616 0.12747 0.14317 0.13654 0.13275 0.16726 0.20547 0.20547 0.20547 0.20547 0.13286 0.12217 0.12257 0.12934 0.14743 0.15073 0.16275 0.14910 0.17303 0.20095 0.20547 0.17533 0.15577 0.16590 0.17347 0.19075 0.17259 0.20547 0.14736 0.14307 0.13710 0.15323 0.00000 0.00000 0.00000 0.00000 0.00000 0.00000 0.00000 0.00000 0.00000 0.00000 0.00000 0.00000 0.00000 0.00000 0.00000 0.00000 0.00000 0.00000 0.00000 0.00000 0.00000 0.00000 
168	1	0	0.05444 0.05780 0.07637 0.11786 0.19516 0.16283 0.10962 0.06802 0.05678 0.09183 0.09051 0.10648 0.16355 0.23766 0.23766 0.20674 0.12474 0.09656 0.11128 0.14469 0.16672 0.17611 0.23766 0.20002 0.14292 0.10844 0.09969 0.18246 0.22486 0.23766 0.23766 0.23766 0.23766 0.23766 0.17166 0.15917 0.00000 0.00000 0.00000 0.00000 0.00000 0.00000 0.00000 0.00000 0.00000 0.00000 0.00000 0.00000 0.00000 0.00000 0.00000 0.00000 0.00000 0.00000 0.00000 0.00000 0.00000 0.00000 
169	1	0	0.17183 0.19315 0.17729 0.15177 0.13731 0.11450 0.11174 0.10808 0.13540 0.17511 0.21342 0.21342 0.19673 0.14672 0.11172 0.09416 0.09621 0.12048 0.18675 0.21342 0.21342 0.17778 0.15831 0.13341 0.12084 0.12531 0.14732 0.21342 0.21342 0.21342 0.21342 0.21342 0.17150 0.13853 0.13849 0.16433 0.00000 0.00000 0.00000 0.00000 0.00000 0.00000 0.00000 0.00000 0.00000 0.00000 0.00000 0.00000 0.00000 0.00000 0.00000 0.00000 0.00000 0.00000 0.00000 0.00000 0.00000 0.00000 
170	1	0	0.18131 0.19024 0.19533 0.15527 0.16502 0.17109 0.18880 0.17689 0.17286 0.20145 0.19995 0.17467 0.13518 0.14779 0.13322 0.14308 0.16136 0.19327 0.20145 0.20145 0.20145 0.17308 0.17120 0.16253 0.18121 0.18580 0.19704 0.15215 0.12794 0.11192 0.09964 0.12214 0.10577 0.12163 0.13671 0.15926 0.00000 0.00000 0.00000 0.00000 0.00000 0.00000 0.00000 0.00000 0.00000 0.00000 0.00000 0.00000 0.00000 0.00000 0.00000 0.00000 0.00000 0.00000 0.00000 0.00000 0.00000 0.00000 
171	1	0	0.23781 0.13959 0.10511 0.09752 0.13083 0.15755 0.22773 0.23781 0.23781 0.23781 0.19439 0.13920 0.11894 0.14329 0.18065 0.23781 0.23781 0.23781 0.09589 0.05922 0.05670 0.03807 0.05490 0.05974 0.08885 0.10814 0.13200 0.19730 0.13264 0.10580 0.09151 0.12445 0.16156 0.22730 0.23781 0.23781 0.00000 0.00000 0.00000 0.00000 0.00000 0.00000 0.00000 0.00000 0.00000 0.00000 0.00000 0.00000 0.00000 0.00000 0.00000 0.00000 0.00000 0.00000 0.00000 0.00000 0.00000 0.00000 
172	1	0	0.19542 0.20619 0.20619 0.15604 0.15297 0.15581 0.18188 0.19434 0.19780 0.10082 0.10784 0.11625 0.11689 0.15326 0.16636 0.16095 0.12336 0.10474 0.20185 0.20619 0.20619 0.19890 0.18070 0.15030 0.17032 0.16655 0.18072 0.12751 0.14164 0.16275 0.16182 0.18830 0.19154 0.18066 0.14040 0.13048 0.00000 0.00000 0.00000 0.00000 0.00000 0.00000 0.00000 0.00000 0.00000 0.00000 0.00000 0.00000 0.00000 0.00000 0.00000 0.00000 0.00000 0.00000 0.00000 0.00000 0.00000 0.00000 
173	1	0	0.04101 0.04088 0.05756 0.08811 0.14897 0.11648 0.10190 0.08126 0.05843 0.20217 0.17179 0.18895 0.19855 0.23131 0.23131 0.23131 0.23131 0.23131 0.03590 0.05898 0.08674 0.08950 0.14044 0.06759 0.04502 0.03276 0.03005 0.20489 0.22133 0.23131 0.23131 0.23131 0.23131 0.23131 0.23131 0.23128 0.00000 0.00000 0.00000 0.00000 0.00000 0.00000 0.00000 0.00000 0.00000 0.00000 0.00000 0.00000 0.00000 0.00000 0.00000 0.00000 0.00000 0.00000 0.00000 0.00000 0.00000 0.00000 
174	1	0	0.08763 0.08514 0.10133 0.11117 0.12781 0.10345 0.10244 0.08638 0.08343 0.11235 0.12334 0.16026 0.19305 0.21864 0.19889 0.16822 0.13098 0.10815 0.17819 0.21379 0.22105 0.22105 0.19219 0.12917 0.11000 0.10309 0.13029 0.19679 0.22105 0.22105 0.22105 0.22105 0.22105 0.22105 0.19634 0.18444 0.00000 0.00000 0.00000 0.00000 0.00000 0.00000 0.00000 0.00000 0.00000 0.00000 0.00000 0.00000 0.00000 0.00000 0.00000 0.00000 0.00000 0.00000 0.00000 0.00000 0.00000 0.00000 
175	1	0	0.09641 0.12025 0.14880 0.15680 0.15566 0.11984 0.10167 0.09211 0.09518 0.15897 0.15845 0.18791 0.21384 0.21384 0.21384 0.16542 0.15036 0.16559 0.12355 0.16364 0.20012 0.20094 0.18723 0.14041 0.12398 0.11549 0.11674 0.19113 0.16218 0.17166 0.21384 0.21384 0.21384 0.19540 0.17789 0.20440 0.00000 0.00000 0.00000 0.00000 0.00000 0.00000 0.00000 0.00000 0.00000 0.00000 0.00000 0.00000 0.00000 0.00000 0.00000 0.00000 0.00000 0.00000 0.00000 0.00000 0.00000 0.00000 
176	1	0	0.07613 0.04497 0.06023 0.05409 0.11492 0.06618 0.05494 0.04658 0.07708 0.31191 0.19933 0.16026 0.15591 0.25561 0.16865 0.16764 0.21160 0.31191 0.09898 0.05571 0.05403 0.05617 0.16367 0.07447 0.05487 0.05033 0.09594 0.31191 0.21321 0.13219 0.12893 0.31191 0.15001 0.11720 0.17067 0.31191 0.00000 0.00000 0.00000 0.00000 0.00000 0.00000 0.00000 0.00000 0.00000 0.00000 0.00000 0.00000 0.00000 0.00000 0.00000 0.00000 0.00000 0.00000 0.00000 0.00000 0.00000 0.00000 
177	1	0	0.15010 0.14496 0.14742 0.13911 0.15745 0.15570 0.14885 0.13701 0.14365 0.21410 0.19413 0.19679 0.21410 0.21410 0.21410 0.17739 0.17824 0.20977 0.12257 0.12847 0.13440 0.12903 0.13128 0.12444 0.11932 0.11242 0.11320 0.18745 0.16597 0.16475 0.19300 0.21410 0.19695 0.16617 0.15853 0.18034 0.00000 0.00000 0.00000 0.00000 0.00000 0.00000 0.00000 0.00000 0.00000 0.00000 0.00000 0.00000 0.00000 0.00000 0.00000 0.00000 0.00000 0.00000 0.00000 0.00000 0.00000 0.00000 
178	1	0	0.05261 0.07679 0.11729 0.13815 0.17016 0.08295 0.06114 0.04719 0.04332 0.10001 0.16633 0.25802 0.25802 0.25802 0.16603 0.09989 0.08087 0.07668 0.10057 0.15082 0.20378 0.20840 0.22273 0.11944 0.09260 0.07244 0.07251 0.17419 0.24443 0.25802 0.25802 0.25802 0.25802 0.17198 0.13623 0.13994 0.00000 0.00000 0.00000 0.00000 0.00000 0.00000 0.00000 0.00000 0.00000 0.00000 0.00000 0.00000 0.00000 0.00000 0.00000 0.00000 0.00000 0.00000 0.00000 0.00000 0.00000 0.00000 
179	1	0	0.13787 0.13680 0.14898 0.14762 0.17608 0.18264 0.17212 0.15865 0.14050 0.17307 0.14950 0.15351 0.21919 0.21919 0.21919 0.21919 0.20308 0.18473 0.10084 0.09710 0.10153 0.10845 0.14828 0.13611 0.12655 0.10428 0.10121 0.18842 0.14723 0.14945 0.19986 0.21919 0.21919 0.18144 0.17217 0.19074 0.00000 0.00000 0.00000 0.00000 0.00000 0.00000 0.00000 0.00000 0.00000 0.00000 0.00000 0.00000 0.00000 0.00000 0.00000 0.00000 0.00000 0.00000 0.00000 0.00000 0.00000 0.00000 
180	1	0	0.10444 0.12481 0.14721 0.17426 0.22260 0.19884 0.16548 0.11585 0.09908 0.12175 0.13772 0.16519 0.22260 0.22260 0.22260 0.16033 0.12312 0.12183 0.10239 0.12216 0.16092 0.18966 0.22260 0.21418 0.18325 0.12565 0.10219 0.11842 0.15349 0.21693 0.22260 0.22260 0.21433 0.14609 0.10302 0.09988 0.00000 0.00000 0.00000 0.00000 0.00000 0.00000 0.00000 0.00000 0.00000 0.00000 0.00000 0.00000 0.00000 0.00000 0.00000 0.00000 0.00000 0.00000 0.00000 0.00000 0.00000 0.00000 
181	1	0	0.10494 0.14512 0.14966 0.11552 0.11111 0.06246 0.05212 0.04841 0.06453 0.23362 0.23362 0.23362 0.23362 0.18306 0.13259 0.11921 0.12304 0.16639 0.17913 0.23362 0.23362 0.20774 0.16098 0.10054 0.08761 0.08748 0.11887 0.23362 0.23362 0.23362 0.23362 0.17705 0.11752 0.11574 0.12652 0.18756 0.00000 0.00000 0.00000 0.00000 0.00000 0.00000 0.00000 0.00000 0.00000 0.00000 0.00000 0.00000 0.00000 0.00000 0.00000 0.00000 0.00000 0.00000 0.00000 0.00000 0.00000 0.00000 
182	1	0	0.15914 0.13552 0.11748 0.12097 0.13579 0.15146 0.16645 0.16155 0.15737 0.22035 0.22035 0.22035 0.22035 0.22035 0.22035 0.22035 0.22035 0.22035 0.08663 0.08759 0.09377 0.09136 0.11133 0.13008 0.13830 0.11685 0.09532 0.16170 0.16293 0.16875 0.16353 0.17987 0.19385 0.17839 0.16651 0.16683 0.00000 0.00000 0.00000 0.00000 0.00000 0.00000 0.00000 0.00000 0.00000 0.00000 0.00000 0.00000 0.00000 0.00000 0.00000 0.00000 0.00000 0.00000 0.00000 0.00000 0.00000 0.00000 
183	1	0	0.23424 0.23424 0.23424 0.23424 0.23424 0.19114 0.13679 0.13489 0.20206 0.09283 0.09920 0.11705 0.15789 0.18251 0.11563 0.07971 0.06590 0.07697 0.23424 0.23424 0.23424 0.23424 0.23424 0.18703 0.15046 0.14877 0.18610 0.07978 0.08918 0.11046 0.13469 0.16596 0.11215 0.07833 0.06515 0.06925 0.00000 0.00000 0.00000 0.00000 0.00000 0.00000 0.00000 0.00000 0.00000 0.00000 0.00000 0.00000 0.00000 0.00000 0.00000 0.00000 0.00000 0.00000 0.00000 0.00000 0.00000 0.00000 
184	1	0	0.03903 0.03767 0.07141 0.13352 0.27010 0.15394 0.09301 0.05306 0.04039 0.12017 0.13707 0.16139 0.17914 0.27010 0.26211 0.19722 0.12964 0.11863 0.06233 0.08268 0.13195 0.24522 0.27010 0.22666 0.12974 0.08500 0.06014 0.10192 0.13343 0.16309 0.21286 0.27010 0.27010 0.22134 0.12008 0.09593 0.00000 0.00000 0.00000 0.00000 0.00000 0.00000 0.00000 0.00000 0.00000 0.00000 0.00000 0.00000 0.00000 0.00000 0.00000 0.00000 0.00000 0.00000 0.00000 0.00000 0.00000 0.00000 
185	1	0	0.11345 0.09901 0.10681 0.11141 0.12817 0.14155 0.14962 0.13758 0.12354 0.22611 0.22611 0.22611 0.22611 0.22611 0.22611 0.22611 0.22611 0.22611 0.08679 0.07669 0.08952 0.09459 0.10377 0.10566 0.10844 0.10193 0.10134 0.20799 0.18040 0.19025 0.19959 0.20973 0.17157 0.13847 0.15436 0.21241 0.00000 0.00000 0.00000 0.00000 0.00000 0.00000 0.00000 0.00000 0.00000 0.00000 0.00000 0.00000 0.00000 0.00000 0.00000 0.00000 0.00000 0.00000 0.00000 0.00000 0.00000 0.00000 
186	1	0	0.16972 0.13453 0.12422 0.13161 0.15523 0.14819 0.18638 0.22204 0.22204 0.22204 0.22204 0.19477 0.19189 0.20758 0.21905 0.22204 0.22204 0.22204 0.05906 0.04837 0.05083 0.04993 0.08429 0.05808 0.07236 0.09301 0.08874 0.20301 0.14925 0.13376 0.13127 0.15946 0.15345 0.19253 0.22204 0.22204 0.00000 0.00000 0.00000 0.00000 0.00000 0.00000 0.00000 0.00000 0.00000 0.00000 0.00000 0.00000 0.00000 0.00000 0.00000 0.00000 0.00000 0.00000 0.00000 0.00000 0.00000 0.00000 
187	1	0	0.12800 0.15238 0.17445 0.17207 0.15643 0.13971 0.13107 0.12303 0.12634 0.18868 0.21620 0.21978 0.21978 0.20503 0.18149 0.16175 0.16857 0.18851 0.12791 0.19842 0.21978 0.19255 0.13523 0.09107 0.08063 0.08277 0.09352 0.20404 0.21978 0.21978 0.21978 0.18651 0.11637 0.09583 0.10144 0.13313 0.00000 0.00000 0.00000 0.00000 0.00000 0.00000 0.00000 0.00000 0.00000 0.00000 0.00000 0.00000 0.00000 0.00000 0.00000 0.00000 0.00000 0.00000 0.00000 0.00000 0.00000 0.00000 
188	1	0	0.21581 0.21581 0.16215 0.14471 0.14436 0.13604 0.18300 0.21581 0.21581 0.21581 0.20091 0.17443 0.17421 0.18564 0.16338 0.17746 0.21287 0.21581 0.21581 0.19322 0.14799 0.11767 0.11326 0.09147 0.11498 0.14862 0.20518 0.13804 0.13014 0.12756 0.12964 0.14562 0.10165 0.10332 0.11240 0.13056 0.00000 0.00000 0.00000 0.00000 0.00000 0.00000 0.00000 0.00000 0.00000 0.00000 0.00000 0.00000 0.00000 0.00000 0.00000 0.00000 0.00000 0.00000 0.00000 0.00000 0.00000 0.00000 
189	1	0	0.04420 0.05961 0.11203 0.15089 0.17377 0.09657 0.06683 0.04746 0.04148 0.11950 0.11857 0.15581 0.19211 0.21502 0.20332 0.21502 0.21428 0.15865 0.11066 0.15280 0.21502 0.21502 0.21502 0.13627 0.11873 0.09486 0.09468 0.18427 0.19642 0.21502 0.21502 0.21502 0.21502 0.21502 0.21502 0.19952 0.00000 0.00000 0.00000 0.00000 0.00000 0.00000 0.00000 0.00000 0.00000 0.00000 0.00000 0.00000 0.00000 0.00000 0.00000 0.00000 0.00000 0.00000 0.00000 0.00000 0.00000 0.00000 
190	1	0	0.07867 0.07782 0.11038 0.17249 0.25072 0.23517 0.18001 0.12576 0.10438 0.10852 0.09898 0.12317 0.20261 0.25072 0.25072 0.22443 0.16765 0.14503 0.07398 0.09862 0.14713 0.22854 0.25072 0.20215 0.12683 0.08075 0.06927 0.09539 0.11276 0.15313 0.22615 0.25072 0.21711 0.13735 0.09857 0.08836 0.00000 0.00000 0.00000 0.00000 0.00000 0.00000 0.00000 0.00000 0.00000 0.00000 0.00000 0.00000 0.00000 0.00000 0.00000 0.00000 0.00000 0.00000 0.00000 0.00000 0.00000 0.00000 
191	1	0	0.18953 0.16797 0.16784 0.17802 0.19407 0.18186 0.18211 0.18369 0.19270 0.16145 0.13746 0.12555 0.12674 0.13772 0.12200 0.12648 0.13965 0.15778 0.20324 0.18972 0.19405 0.20324 0.20324 0.19821 0.17665 0.18505 0.20324 0.15926 0.13981 0.13276 0.14132 0.16074 0.12840 0.11876 0.13844 0.16261 0.00000 0.00000 0.00000 0.00000 0.00000 0.00000 0.00000 0.00000 0.00000 0.00000 0.00000 0.00000 0.00000 0.00000 0.00000 0.00000 0.00000 0.00000 0.00000 0.00000 0.00000 0.00000 
192	1	0	0.13336 0.11141 0.10435 0.12139 0.20546 0.17191 0.18726 0.18149 0.14977 0.21850 0.21850 0.21850 0.21850 0.21850 0.21782 0.21850 0.21850 0.21850 0.04476 0.03665 0.03997 0.05877 0.15801 0.09185 0.08160 0.07027 0.05250 0.21850 0.18275 0.15031 0.13751 0.16966 0.16161 0.18411 0.19627 0.21045 0.00000 0.00000 0.00000 0.00000 0.00000 0.00000 0.00000 0.00000 0.00000 0.00000 0.00000 0.00000 0.00000 0.00000 0.00000 0.00000 0.00000 0.00000 0.00000 0.00000 0.00000 0.00000 
193	1	0	0.16603 0.15693 0.15116 0.15272 0.16567 0.14773 0.13714 0.14167 0.15777 0.21094 0.21094 0.21094 0.21094 0.21094 0.21094 0.20462 0.20731 0.21094 0.12480 0.14553 0.17439 0.13992 0.11298 0.09515 0.08495 0.08992 0.10466 0.17157 0.18219 0.19186 0.17533 0.17075 0.17250 0.15159 0.13968 0.15415 0.00000 0.00000 0.00000 0.00000 0.00000 0.00000 0.00000 0.00000 0.00000 0.00000 0.00000 0.00000 0.00000 0.00000 0.00000 0.00000 0.00000 0.00000 0.00000 0.00000 0.00000 0.00000 
194	1	0	0.03776 0.05497 0.10299 0.12307 0.14374 0.08701 0.05991 0.03965 0.03457 0.13758 0.13521 0.19550 0.23564 0.23564 0.22087 0.16987 0.14312 0.14272 0.06036 0.08976 0.14982 0.20329 0.22930 0.13524 0.09720 0.06728 0.05657 0.19854 0.20566 0.23564 0.23564 0.23564 0.23564 0.23564 0.23564 0.22247 0.00000 0.00000 0.00000 0.00000 0.00000 0.00000 0.00000 0.00000 0.00000 0.00000 0.00000 0.00000 0.00000 0.00000 0.00000 0.00000 0.00000 0.00000 0.00000 0.00000 0.00000 0.00000 
195	1	0	0.14084 0.15886 0.18078 0.18837 0.21008 0.21008 0.20985 0.15867 0.14211 0.14944 0.18190 0.21008 0.21008 0.21008 0.19492 0.17103 0.13994 0.13441 0.11837 0.13215 0.14568 0.15837 0.17135 0.14346 0.13507 0.12290 0.11484 0.12513 0.15441 0.20760 0.21008 0.20748 0.15606 0.13602 0.11943 0.11457 0.00000 0.00000 0.00000 0.00000 0.00000 0.00000 0.00000 0.00000 0.00000 0.00000 0.00000 0.00000 0.00000 0.00000 0.00000 0.00000 0.00000 0.00000 0.00000 0.00000 0.00000 0.00000 
196	1	0	0.15126 0.12634 0.10822 0.09851 0.11663 0.15567 0.17643 0.16452 0.15882 0.21089 0.19450 0.17432 0.15118 0.15541 0.19243 0.21089 0.21089 0.21089 0.18175 0.13600 0.11881 0.11065 0.10963 0.13252 0.15552 0.16876 0.18890 0.20325 0.13879 0.11887 0.12060 0.15255 0.21089 0.21089 0.21089 0.21089 0.00000 0.00000 0.00000 0.00000 0.00000 0.00000 0.00000 0.00000 0.00000 0.00000 0.00000 0.00000 0.00000 0.00000 0.00000 0.00000 0.00000 0.00000 0.00000 0.00000 0.00000 0.00000 
197	1	0	0.09223 0.08119 0.09080 0.09987 0.16197 0.15004 0.15670 0.10639 0.09619 0.12790 0.10928 0.11743 0.12700 0.17343 0.12602 0.15496 0.12586 0.12762 0.12166 0.11207 0.11910 0.13177 0.19980 0.18619 0.19205 0.15521 0.13834 0.23489 0.23489 0.23489 0.23489 0.23489 0.23489 0.23489 0.23489 0.23489 0.00000 0.00000 0.00000 0.00000 0.00000 0.00000 0.00000 0.00000 0.00000 0.00000 0.00000 0.00000 0.00000 0.00000 0.00000 0.00000 0.00000 0.00000 0.00000 0.00000 0.00000 0.00000 
198	1	0	0.16616 0.14089 0.14494 0.17559 0.20484 0.19400 0.16936 0.16699 0.17465 0.15354 0.17211 0.20163 0.20537 0.20537 0.17901 0.14316 0.13901 0.14983 0.11953 0.12094 0.14127 0.17365 0.20537 0.17940 0.14458 0.11967 0.11720 0.14166 0.16621 0.20537 0.20537 0.20537 0.17974 0.13949 0.12165 0.12783 0.00000 0.00000 0.00000 0.00000 0.00000 0.00000 0.00000 0.00000 0.00000 0.00000 0.00000 0.00000 0.00000 0.00000 0.00000 0.00000 0.00000 0.00000 0.00000 0.00000 0.00000 0.00000 
199	1	0	0.07797 0.10323 0.12960 0.17825 0.22780 0.15228 0.10840 0.07553 0.06969 0.15500 0.15408 0.17202 0.22238 0.22780 0.22780 0.22780 0.20440 0.17876 0.08315 0.12107 0.16721 0.17816 0.22780 0.12384 0.07970 0.06184 0.06641 0.14368 0.15371 0.20053 0.22780 0.22780 0.22780 0.18198 0.14267 0.14857 0.00000 0.00000 0.00000 0.00000 0.00000 0.00000 0.00000 0.00000 0.00000 0.00000 0.00000 0.00000 0.00000 0.00000 0.00000 0.00000 0.00000 0.00000 0.00000 0.00000 0.00000 0.00000 
