0.00425932,-0.00472905,-0.00335178,0.00137713,-3.07446e-18,-3.07446e-18,-3.07446e-18,-3.07446e-18,-5.52729,0.00530089
0.00520004,-0.00587103,-0.00347829,0.00163968,0.00324079,0.00324079,0.00324079,0.00324079,-6.85983,0.00646622
-0.000143103,-0.00352293,0.00825899,0.0140982,0.00648157,0.00648157,0.00648157,0.00648157,-4.11319,0.00166771
-0.000719611,-0.000282464,-0.00297537,0.0108972,0.00972236,0.00972236,0.00972236,0.00972236,-0.323549,0.000556837
0.00143701,-0.00192611,0.00417028,-0.00336553,0.0129631,0.0129631,0.0129631,0.0129631,-2.24244,0.00128859
0.00207735,-0.00141654,-0.00340052,-0.00271815,0.0162039,0.0162039,0.0162039,0.0162039,-1.64466,0.00214299
0.00459114,-0.00466058,-0.00284989,-0.00189693,0.0194447,0.0194447,0.0194447,0.0194447,-5.43408,0.0052726
-0.00412202,0.00492801,-0.00167917,0.0024549,0.0226855,0.0226855,0.0226855,0.0226855,5.77522,-0.00463574
0.00117277,-0.00204518,-0.00332274,0.00822498,0.0226855,0.0226855,0.0226855,0.0226855,-2.37502,0.00248342
-0.000660943,-0.000149663,-0.003414,0.0103014,0.0226855,0.0226855,0.0226855,0.0226855,-0.15954,0.000549622
-0.000479152,0.00113509,-0.00140749,-0.00159842,0.0226855,0.0226855,0.0226855,0.0226855,1.34207,-0.000784696
0.00580877,-0.00574086,-0.00341607,-0.00363887,0.0226855,0.0226855,0.0226855,0.0226855,-6.69451,0.00650929
0.00205341,-0.00173237,-0.00340363,-0.000423545,0.0226855,0.0226855,0.0226855,0.0226855,-2.0094,0.00241364
0.00560226,-0.00555163,-0.00341607,-0.00326363,0.0226855,0.0226855,0.0226855,0.0226855,-6.47333,0.00630997
-0.0051358,0.00690855,-0.00194567,-0.00208995,0.0226855,0.0226855,0.0226855,0.0226855,8.09008,-0.00644775
0.0034993,-0.0030047,-0.00294426,-0.00392539,0.0226855,0.0226855,0.0226855,0.0226855,-3.4965,0.00369512
-0.00489472,0.00599004,-0.000526081,0.000275387,0.0226855,0.0226855,0.0226855,0.0226855,7.01652,-0.00584921
-0.00274764,0.00338857,0.00118489,-0.00157564,0.0226855,0.0226855,0.0226855,0.0226855,3.97593,-0.00350923
0.00177259,-0.00213905,-0.00207114,0.00278099,0.0226855,0.0226855,0.0226855,0.0226855,-2.48472,0.00249418
0.00202416,-0.00160709,-0.00255747,-0.00197606,0.0226855,0.0226855,0.0226855,0.0226855,-1.86298,0.00217587
0.00158392,-0.0032545,0.00581593,0.00221633,0.0226855,0.0226855,0.0226855,0.0226855,-3.78846,0.00219364
0.000949681,-0.00422643,-0.00301892,0.0234852,0.0226855,0.0226855,0.0226855,0.0226855,-4.92446,0.0042066
0.00447631,-0.00511993,-0.00341089,0.00260716,0.0226855,0.0226855,0.0226855,0.0226855,-5.96877,0.00572231
0.00239197,-0.00531951,0.00115793,0.0145705,0.0226855,0.0226855,0.0226855,0.0226855,-6.20203,0.00477739
0.00390857,-0.00548899,-0.00341607,0.00931713,0.0226855,0.0226855,0.0226855,0.0226855,-6.40012,0.00591531
-0.00119349,0.00217756,0.000132384,-0.00455,0.0226855,0.0226855,0.0226855,0.0226855,2.56051,-0.00202875
-0.0018551,0.00292207,0.000497392,-0.0046459,0.0226855,0.0226855,0.0226855,0.0226855,3.43069,-0.00283676
0.00101883,0.000146412,-0.00294529,-0.00499837,0.0226855,0.0226855,0.0226855,0.0226855,0.186512,0.000572713
0.000977997,0.000166915,-0.00315579,-0.00457517,0.0226855,0.0226855,0.0226855,0.0226855,0.210476,0.000578843
-0.00100356,0.00224114,-0.003386,-0.00234171,0.0226855,0.0226855,0.0226855,0.0226855,2.63482,-0.00151222
0.00490513,-0.00443335,-0.00327297,-0.00521296,0.0226855,0.0226855,0.0226855,0.0226855,-5.1663,0.00521739
0.000324831,0.000655797,-0.00194256,-0.00408844,0.0226855,0.0226855,0.0226855,0.0226855,0.781879,-0.000142971
0.00356454,-0.00483608,-0.00340985,0.007785,0.0226855,0.0226855,0.0226855,0.0226855,-5.637,0.00530173
0.00201509,-0.00197069,-0.0030801,0.00101508,0.0226855,0.0226855,0.0226855,0.0226855,-2.28795,0.0025553
-0.00101092,0.000365741,-0.00323979,0.00949696,0.0226855,0.0226855,0.0226855,0.0226855,0.442863,2.38581e-05
0.000547299,0.000523372,-0.00302721,-0.00369402,0.0226855,0.0226855,0.0226855,0.0226855,0.627101,0.000175983
-0.00161605,0.00330768,-0.00341503,-0.00441453,0.0226855,0.0226855,0.0226855,0.0226855,3.88139,-0.00251914
0.0042468,-0.00398435,-0.00148526,-0.00509787,0.0226855,0.0226855,0.0226855,0.0226855,-4.6415,0.00444087
0.00296957,-0.00397419,-0.0026311,0.00595076,0.0226855,0.0226855,0.0226855,0.0226855,-4.62963,0.00434701
0.00176446,-0.00155988,-0.00178702,-0.00117882,0.0226855,0.0226855,0.0226855,0.0226855,-1.80779,0.00196766
0.00158861,-0.00169757,-0.00314854,0.00262154,0.0226855,0.0226855,0.0226855,0.0226855,-1.96873,0.00225216
0.00410694,-0.00534753,-0.00325223,0.00670603,0.0226855,0.0226855,0.0226855,0.0226855,-6.23479,0.00581308
0.00495614,-0.00455863,-0.00341607,-0.00463991,0.0226855,0.0226855,0.0226855,0.0226855,-5.31272,0.0053535
0.00504875,-0.00516996,-0.00320868,-0.00169193,0.0226855,0.0226855,0.0226855,0.0226855,-6.02725,0.00584956
-8.8347e-05,-0.000101697,-0.00337356,0.00556113,0.0226855,0.0226855,0.0226855,0.0226855,-0.103477,0.000619489
0.000927308,-0.000545998,6.08346e-05,-0.00336193,0.0226855,0.0226855,0.0226855,0.0226855,-0.622774,0.000676222
0.000544482,0.000390194,-0.00329786,-0.00251075,0.0226855,0.0226855,0.0226855,0.0226855,0.471444,0.000327011
-8.56875e-05,-0.00339125,-0.00325431,0.0263684,0.0226855,0.0226855,0.0226855,0.0226855,-3.9483,0.00333798
0.00548899,-0.00646844,-0.00341607,0.00344875,0.0226855,0.0226855,0.0226855,0.0226855,-7.54491,0.00704973
0.00315496,-0.00376615,-0.00284782,0.00345474,0.0226855,0.0226855,0.0226855,0.0226855,-4.38647,0.00424419
0.000157431,0.000952436,-0.00173206,-0.00493842,0.0226855,0.0226855,0.0226855,0.0226855,1.12859,-0.000455164
0.00232548,-0.00294112,-0.00308839,0.00482983,0.0226855,0.0226855,0.0226855,0.0226855,-3.42219,0.00342631
0.00488933,-0.00513046,-0.00277938,-0.00121838,0.0226855,0.0226855,0.0226855,0.0226855,-5.98108,0.00571968
0.00177525,-0.00500236,-0.00341503,0.0225621,0.0226855,0.0226855,0.0226855,0.0226855,-5.83136,0.00507876
0.00455923,-0.00483946,-0.00212092,-0.0013071,0.0226855,0.0226855,0.0226855,0.0226855,-5.64096,0.0053112
0.00509616,-0.00552698,0.000413399,-0.00396975,0.0226855,0.0226855,0.0226855,0.0226855,-6.44453,0.0056093
-0.00131474,0.000921023,0.00788569,-0.00457757,0.0226855,0.0226855,0.0226855,0.0226855,1.09187,-0.00217813
-0.00101561,0.0023224,-0.00272857,-0.00352737,0.0226855,0.0226855,0.0226855,0.0226855,2.72979,-0.00168143
0.00117371,-0.0029082,-0.00323875,0.013621,0.0226855,0.0226855,0.0226855,0.0226855,-3.38371,0.00318872
0.00558443,-0.0056342,-0.00341607,-0.00259946,0.0226855,0.0226855,0.0226855,0.0226855,-6.56985,0.00637519
0.00444299,-0.00447812,-0.00243096,-0.00235969,0.0226855,0.0226855,0.0226855,0.0226855,-5.21862,0.00503408
0.00171439,-0.00087706,-0.00340777,-0.00327082,0.0226855,0.0226855,0.0226855,0.0226855,-1.00972,0.00163446
-0.000979157,0.000186667,0.0100965,-0.00502354,0.0226855,0.0226855,0.0226855,0.0226855,0.233561,-0.00183285
0.000860349,-0.00174723,-0.00316305,0.00853548,0.0226855,0.0226855,0.0226855,0.0226855,-2.02677,0.0021483
0.00137944,-0.00080069,-0.00318483,-0.00144976,0.0226855,0.0226855,0.0226855,0.0226855,-0.920458,0.00146938
0.0046883,-0.0045259,-0.00204729,-0.00437856,0.0226855,0.0226855,0.0226855,0.0226855,-5.27446,0.00506557
0.00578499,-0.00563176,-0.00271094,-0.0049672,0.0226855,0.0226855,0.0226855,0.0226855,-6.56699,0.00630736
-0.00124074,0.00157562,-0.00319935,0.0035003,0.0226855,0.0226855,0.0226855,0.0226855,1.85697,-0.00103502
0.00251149,-0.00210876,-0.0031952,-0.00177585,0.0226855,0.0226855,0.0226855,0.0226855,-2.44933,0.00278794
0.00453482,-0.00436093,-0.00329682,-0.00281046,0.0226855,0.0226855,0.0226855,0.0226855,-5.08165,0.00508567
0.00589591,-0.00580237,-0.00339637,-0.00393738,0.0226855,0.0226855,0.0226855,0.0226855,-6.7664,0.00657511
0.0045403,-0.00427252,-0.00340155,-0.0032948,0.0226855,0.0226855,0.0226855,0.0226855,-4.97832,0.00502905
0.00576262,-0.00563138,-0.00293492,-0.00454041,0.0226855,0.0226855,0.0226855,0.0226855,-6.56655,0.00633616
-0.00123025,0.00152973,-0.00341607,0.00396306,0.0226855,0.0226855,0.0226855,0.0226855,1.80332,-0.000962024
0.00484615,-0.0045084,-0.00338392,-0.00415437,0.0226855,0.0226855,0.0226855,0.0226855,-5.25402,0.00528462
0.00356485,-0.00330491,-0.0028613,-0.00265821,0.0194447,0.0194447,0.0194447,0.0194447,-3.84958,0.0039393
-0.00096977,0.00173721,-0.00255644,-0.000445124,0.0162039,0.0162039,0.0162039,0.0162039,2.04143,-0.00122409
0.00344204,-0.00352857,-0.00256681,-0.000728053,0.0129631,0.0129631,0.0129631,0.0129631,-4.11539,0.00404352
-5.36151e-05,0.000861018,-0.00191767,-0.00271575,0.00972236,0.00972236,0.00972236,0.00972236,1.01295,-0.000418862
0.0040331,-0.0037701,-0.00225468,-0.00417595,0.00648157,0.00648157,0.00648157,0.00648157,-4.40208,0.00430423
-0.00312389,0.00277328,-0.00311328,0.00991057,0.00324079,0.00324079,0.00324079,0.00324079,3.2436,-0.0024627
0.000761944,0.000158262,-0.00201515,-0.00451763,-3.07446e-18,-3.07446e-18,-3.07446e-18,-3.07446e-18,0.184976,0.000326582
0.00308941,-0.00276731,-0.00221217,-0.00352737,-0.00324079,-0.00324079,-0.00324079,-0.00324079,-3.23662,0.00325423
0.000225486,0.000268679,-0.000488751,-0.00292195,-0.00324079,-0.00324079,-0.00324079,-0.00324079,0.311833,-0.000110195
0.00534491,-0.00541694,-0.00345755,-0.00248437,-0.00324079,-0.00324079,-0.00324079,-0.00324079,-6.3335,0.00610223
0.000771644,0.000166539,-0.00292041,-0.00364606,-0.00324079,-0.00324079,-0.00324079,-0.00324079,0.192452,0.000451982
0.00307251,-0.00334498,-0.00259584,0.000726155,-0.00324079,-0.00324079,-0.00324079,-0.00324079,-3.9118,0.00378899
-0.000675962,0.00151694,-0.00345962,-0.000536237,-0.00324079,-0.00324079,-0.00324079,-0.00324079,1.77079,-0.000882718
0.00127822,-0.000559729,-0.000866202,-0.0052741,-0.00324079,-0.00324079,-0.00324079,-0.00324079,-0.656408,0.000848606
0.00202948,-0.00297404,0.00749268,-0.00530767,-0.00324079,-0.00324079,-0.00324079,-0.00324079,-3.47825,0.0017475
0.00317968,-0.00472773,-0.00336215,0.00960486,-0.00324079,-0.00324079,-0.00324079,-0.00324079,-5.52795,0.00507648
0.000162282,-0.000190858,-0.00335904,0.00380841,-0.00324079,-0.00324079,-0.00324079,-0.00324079,-0.225272,0.000692106
0.00225867,-0.00294357,-0.00144378,0.00307231,-0.00324079,-0.00324079,-0.00324079,-0.00324079,-3.44263,0.00311664
0.00392374,-0.00512444,-0.00330719,0.00636796,-0.00324079,-0.00324079,-0.00324079,-0.00324079,-5.99163,0.0055487
0.00355562,-0.00407896,-0.00288515,0.0020377,-0.00324079,-0.00324079,-0.00324079,-0.00324079,-4.76967,0.004541
-0.00224341,-0.00217855,-0.0017051,0.0329993,-0.00324079,-0.00324079,-0.00324079,-0.00324079,-2.54848,0.00160897
0.00110691,-0.00213209,-0.0034731,0.00907377,-0.00324079,-0.00324079,-0.00324079,-0.00324079,-2.49417,0.00251499
0.000993329,-0.00178861,-0.00288204,0.00707168,-0.00324079,-0.00324079,-0.00324079,-0.00324079,-2.09272,0.00211716
0.0017025,-0.00106686,-0.00221632,-0.00373238,-0.00324079,-0.00324079,-0.00324079,-0.00324079,-1.24914,0.00155993
0.00356861,-0.00322459,-0.00345236,-0.00285122,-0.00324079,-0.00324079,-0.00324079,-0.00324079,-3.77109,0.00391862
0.000806844,-1.40405e-05,-0.00340259,-0.00220624,-0.00324079,-0.00324079,-0.00324079,-0.00324079,-0.0186085,0.000682197
0.00285396,-0.00273252,-0.000141371,-0.004339,-0.00324079,-0.00324079,-0.00324079,-0.00324079,-3.19595,0.00286522
-0.00460247,0.0057472,0.000591755,-0.00209235,-0.00324079,-0.00324079,-0.00324079,-0.00324079,6.71511,-0.00580681
0.00477653,-0.00558285,0.00276521,-0.00426467,-0.00324079,-0.00324079,-0.00324079,-0.00324079,-6.52741,0.00518652
0.00212413,-0.0023343,0.00316755,-0.00510986,-0.00324079,-0.00324079,-0.00324079,-0.00324079,-2.73052,0.00188712
0.00454577,-0.00462954,-0.00256162,-0.00241484,-0.00324079,-0.00324079,-0.00324079,-0.00324079,-5.41319,0.00515047
0.00305781,-0.00306057,0.000554424,-0.00461354,-0.00324079,-0.00324079,-0.00324079,-0.00324079,-3.57938,0.00307449
-0.00788254,0.0103781,-0.00299403,-0.00232612,-0.00324079,-0.00324079,-0.00324079,-0.00324079,12.1277,-0.0097811
-0.00124465,-0.00267458,0.0275598,-0.00532565,-0.00324079,-0.00324079,-0.00324079,-0.00324079,-3.12824,-0.00219148
-0.000627307,-0.000840756,0.0024002,0.00734382,-0.00324079,-0.00324079,-0.00324079,-0.00324079,-0.984871,0.000204109
-0.000295952,-0.000655474,-0.00308321,0.00996212,-0.00324079,-0.00324079,-0.00324079,-0.00324079,-0.768314,0.000944193
0.00309285,-0.00315443,-0.00243511,-0.000827558,-0.00324079,-0.00324079,-0.00324079,-0.00324079,-3.68909,0.00361068
0.00362195,-0.00323927,-0.00349592,-0.00311737,-0.00324079,-0.00324079,-0.00324079,-0.00324079,-3.78824,0.00394804
-0.0068769,0.00924593,-0.00193426,-0.00404168,-0.00324079,-0.00324079,-0.00324079,-0.00324079,10.8044,-0.00879585
-0.00770998,0.00853226,-0.00349903,0.00869973,-0.00324079,-0.00324079,-0.00324079,-0.00324079,9.97028,-0.00813478
0.0027518,-0.00282149,-0.00310913,0.000442027,-0.00324079,-0.00324079,-0.00324079,-0.00324079,-3.29994,0.00336629
-0.00493774,0.00456741,0.0121258,-0.00533884,-0.00324079,-0.00324079,-0.00324079,-0.00324079,5.33618,-0.00663358
-0.00696185,0.00632016,-0.00349903,0.0170653,-0.00324079,-0.00324079,-0.00324079,-0.00324079,7.38479,-0.00614358
0.000322327,7.07945e-05,-0.00323771,0.000774109,-0.00324079,-0.00324079,-0.00324079,-0.00324079,0.0805464,0.000488568
-0.000810038,0.000255512,-0.00349695,0.00857385,-0.00324079,-0.00324079,-0.00324079,-0.00324079,0.296444,0.000144919
-0.000124956,-2.87124e-05,0.0048246,-0.00448526,-0.00324079,-0.00324079,-0.00324079,-0.00324079,-0.0357569,-0.000735555
-0.000707721,0.000639996,-0.00345755,0.00529378,-0.00324079,-0.00324079,-0.00324079,-0.00324079,0.745827,-0.000160101
0.00476214,-0.0062288,-0.000282397,0.00348472,-0.00324079,-0.00324079,-0.00324079,-0.00324079,-7.28239,0.00618049
-0.00337577,0.00474461,-0.00162007,-0.00254671,-0.00324079,-0.00324079,-0.00324079,-0.00324079,5.54328,-0.00439119
-0.00644088,0.00734495,0.00672637,-0.0052801,-0.00324079,-0.00324079,-0.00324079,-0.00324079,8.58256,-0.00843321
0.000916514,-0.000753664,-0.00340259,0.00166606,-0.00324079,-0.00324079,-0.00324079,-0.00324079,-0.883078,0.00131938
0.00285364,-0.00255476,-0.000609037,-0.00492883,-0.00324079,-0.00324079,-0.00324079,-0.00324079,-2.98819,0.00278787
-0.00170632,0.00104047,0.00859911,-0.00354536,-0.00324079,-0.00324079,-0.00324079,-0.00324079,1.2139,-0.00251425
-0.000960853,-0.000270614,-0.00341192,0.0129844,-0.00324079,-0.00324079,-0.00324079,-0.00324079,-0.31849,0.000539156
-0.00470182,0.00559484,0.00429264,-0.00463871,-0.00324079,-0.00324079,-0.00324079,-0.00324079,6.53702,-0.00625855
0.00121267,-0.00104673,0.00174381,-0.00468547,-0.00324079,-0.00324079,-0.00324079,-0.00324079,-1.22561,0.000846606
0.00559209,-0.0065655,-0.000902495,-1.11395e-05,-0.00324079,-0.00324079,-0.00324079,-0.00324079,-7.67593,0.00672218
0.00390293,-0.00429735,-0.001057,-0.00134546,-0.00324079,-0.00324079,-0.00324079,-0.00324079,-5.02492,0.0045171
-0.00669339,0.00272306,-0.00345651,0.0378846,-0.00324079,-0.00324079,-0.00324079,-0.00324079,3.1805,-0.00310393
-0.00108945,0.00148609,0.00251841,-0.00408244,-0.00324079,-0.00324079,-0.00324079,-0.00324079,1.73473,-0.00184265
-0.00527926,-0.00458289,-0.00341918,0.0735673,-0.00324079,-0.00324079,-0.00324079,-0.00324079,-5.35866,0.00325283
0.00017511,0.00033508,-0.000743841,-0.0026654,-0.00324079,-0.00324079,-0.00324079,-0.00324079,0.389443,-0.000137285
-0.00717869,0.00993081,-0.00319001,-0.00464231,-0.00324079,-0.00324079,-0.00324079,-0.00324079,11.6049,-0.00923708
0.00103604,-0.000195184,-0.00152156,-0.00498398,-0.00324079,-0.00324079,-0.00324079,-0.00324079,-0.230329,0.000595282
-0.00690819,0.00968873,-0.00318172,-0.00518299,-0.00324079,-0.00324079,-0.00324079,-0.00324079,11.3219,-0.00898241
0.00254529,-0.00228765,0.00015416,-0.00515182,-0.00324079,-0.00324079,-0.00324079,-0.00324079,-2.67599,0.00238802
-0.000961322,0.00255094,-0.0031475,-0.00530048,-0.00324079,-0.00324079,-0.00324079,-0.00324079,2.97933,-0.00184754
0.00225461,-0.00226564,0.00212748,-0.00534484,-0.00324079,-0.00324079,-0.00324079,-0.00324079,-2.65027,0.00201333
-0.0029784,-0.000550324,-0.00205248,0.0286558,-0.00324079,-0.00324079,-0.00324079,-0.00324079,-0.645415,0.000158448
-0.00654961,0.00746778,0.00668178,-0.00517939,-0.00324079,-0.00324079,-0.00324079,-0.00324079,8.72612,-0.0085508
-0.0029687,0.00445192,-0.000952269,-0.00457158,-0.00324079,-0.00324079,-0.00324079,-0.00324079,5.20119,-0.00416598
-0.00448717,0.00560311,0.0034216,-0.00532925,-0.00324079,-0.00324079,-0.00324079,-0.00324079,6.5467,-0.00609059
-0.00202986,0.00332461,-0.0015537,-0.00388463,-0.00324079,-0.00324079,-0.00324079,-0.00324079,3.8836,-0.00294752
0.00289322,-0.00242816,-0.00310291,-0.00315573,-0.00324079,-0.00324079,-0.00324079,-0.00324079,-2.84023,0.00306684
0.00120187,-0.000279266,-0.00241334,-0.00468786,-0.00324079,-0.00324079,-0.00324079,-0.00324079,-0.328604,0.000833314
0.0021368,-0.00189828,-8.43387e-05,-0.00422631,-0.00324079,-0.00324079,-0.00324079,-0.00324079,-2.22089,0.00201765
0.000555121,0.00010597,-0.00279079,-0.00175187,-0.00324079,-0.00324079,-0.00324079,-0.00324079,0.121659,0.000438832
-0.0040474,0.00277479,0.0125623,-0.00124116,-0.00324079,-0.00324079,-0.00324079,-0.00324079,3.24096,-0.00502834
-0.00357211,0.0028521,0.0120553,-0.00478977,-0.00324079,-0.00324079,-0.00324079,-0.00324079,3.33132,-0.00491997
-0.00282633,0.00419027,0.000144828,-0.00526451,-0.00324079,-0.00324079,-0.00324079,-0.00324079,4.89537,-0.00408523
0.00265073,-0.00195283,-0.00249837,-0.00502594,-0.00324079,-0.00324079,-0.00324079,-0.00324079,-2.28465,0.00253122
-0.00522419,0.00694316,-0.00249629,-0.00138023,-0.00324079,-0.00324079,-0.00324079,-0.00324079,8.11294,-0.00646141
0.0011382,-0.00146376,0.0032868,-0.00324085,-0.00324079,-0.00324079,-0.00324079,-0.00324079,-1.71303,0.000945588
0.00312962,-0.00292532,-0.00341503,-0.00143777,-0.00324079,-0.00324079,-0.00324079,-0.00324079,-3.4213,0.00357526
0.00429859,-0.00434231,-0.000236771,-0.00503913,-0.00324079,-0.00324079,-0.00324079,-0.00324079,-5.07747,0.0045108
-0.00357712,-0.00114906,-0.00343992,0.0386639,-0.00324079,-0.00324079,-0.00324079,-0.00324079,-1.34521,0.000744596
-0.000424865,0.000767718,0.000642565,-0.00242923,-0.00324079,-0.00324079,-0.00324079,-0.00324079,0.895108,-0.000827842
0.000876306,0.00012478,-0.00267465,-0.00446608,-0.00324079,-0.00324079,-0.00324079,-0.00324079,0.143645,0.000470813
-0.00711674,0.00937215,-0.00101863,-0.00406686,-0.00324079,-0.00324079,-0.00324079,-0.00324079,10.9519,-0.0090875
-0.0061549,0.00792168,-0.00349592,0.000669809,-0.00324079,-0.00324079,-0.00324079,-0.00324079,9.25663,-0.00731291
-0.00103986,0.00244654,-0.00260932,-0.0046543,-0.00324079,-0.00324079,-0.00324079,-0.00324079,2.85731,-0.00185764
0.00377871,-0.00402911,7.94991e-06,-0.00333556,-0.00324079,-0.00324079,-0.00324079,-0.00324079,-4.71141,0.00410804
0.00242576,-0.0017935,-0.00236356,-0.00447327,-0.00324079,-0.00324079,-0.00324079,-0.00324079,-2.09844,0.00233285
0.00371254,-0.00340273,-0.00134009,-0.00526092,-0.00324079,-0.00324079,-0.00324079,-0.00324079,-3.97929,0.00377722
0.000218289,0.00099476,-0.00264458,-0.00500316,-0.00324079,-0.00324079,-0.00324079,-0.00324079,1.16047,-0.00039044
0.00268703,-0.00271427,0.000880028,-0.00435698,-0.00324079,-0.00324079,-0.00324079,-0.00324079,-3.17463,0.00266216
-0.00499093,0.00657373,-0.00231379,-0.00102417,-0.00324079,-0.00324079,-0.00324079,-0.00324079,7.68115,-0.00613448
-0.00103235,0.000335268,0.00801323,-0.00353816,-0.00324079,-0.00324079,-0.00324079,-0.00324079,0.389662,-0.00170296
-0.00553036,0.00800501,-0.00344303,-0.00470705,-0.00324079,-0.00324079,-0.00324079,-0.00324079,9.35403,-0.00726367
-0.000427681,7.24875e-05,0.00152086,0.00100908,-0.00324079,-0.00324079,-0.00324079,-0.00324079,0.0825251,-0.000382538
0.00169625,-0.00131327,0.00035844,-0.00509068,-0.00324079,-0.00324079,-0.00324079,-0.00324079,-1.53715,0.00137516
-0.000779374,0.0007348,-0.000245067,0.00152459,-0.00324079,-0.00324079,-0.00324079,-0.00324079,0.856634,-0.000738122
0.000728777,-0.000874239,-0.00161385,0.00180512,-0.00324079,-0.00324079,-0.00324079,-0.00324079,-1.024,0.00111181
-0.00511593,0.00658539,-0.00313817,0.000812473,-0.00324079,-0.00324079,-0.00324079,-0.00324079,7.69478,-0.0060451
0.00274695,-0.00238264,-0.000674365,-0.00513384,-0.00324079,-0.00324079,-0.00324079,-0.00324079,-2.78702,0.00263283
-0.00280067,0.00361711,0.00190972,-0.00384627,-0.00324079,-0.00324079,-0.00324079,-0.00324079,4.22547,-0.00386931
-0.00457259,0.00659592,-0.00276486,-0.00384987,-0.00324079,-0.00324079,-0.00324079,-0.00324079,7.70709,-0.00600024
-0.00175467,0.000222782,0.00994611,0.000479191,-0.00324079,-0.00324079,-0.00324079,-0.00324079,0.258189,-0.00204718
-0.000856346,-5.93734e-05,-0.00348036,0.0109164,-0.00324079,-0.00324079,-0.00324079,-0.00324079,-0.0715934,0.000394938
-0.00768417,0.0103181,-0.00140853,-0.00529688,-0.00324079,-0.00324079,-0.00324079,-0.00324079,12.0576,-0.00993026
0.00141136,-0.00101795,9.71281e-05,-0.00448766,-0.00324079,-0.00324079,-0.00324079,-0.00324079,-1.19197,0.00111131
0.00359379,-0.00425032,-0.00349903,0.00354706,-0.00324079,-0.00324079,-0.00324079,-0.00324079,-4.96996,0.00478387
0.00393062,-0.00432143,-0.00274931,0.000552321,-0.00324079,-0.00324079,-0.00324079,-0.00324079,-5.05307,0.00479805
-0.00429349,0.00481214,-0.00283952,0.00546642,-0.00324079,-0.00324079,-0.00324079,-0.00324079,5.62221,-0.00444891
-0.000484315,0.00192644,-0.00300855,-0.00513504,-0.00324079,-0.00324079,-0.00324079,-0.00324079,2.24942,-0.00125242
-0.00129127,0.00183521,-0.00347829,0.00217197,-0.00324079,-0.00324079,-0.00324079,-0.00324079,2.14278,-0.00126912
0.000882408,-0.000220202,-0.00251599,-0.00249636,-0.00324079,-0.00324079,-0.00324079,-0.00324079,-0.259569,0.000735191
-0.00319101,0.00432457,-0.00238845,-0.000395971,-0.00324079,-0.00324079,-0.00324079,-0.00324079,5.05235,-0.00388837
-0.00317833,0.00339741,0.00219385,0.000118337,-0.00324079,-0.00324079,-0.00324079,-0.00324079,3.96868,-0.00380602
0.00118857,-0.00213134,0.000555461,0.00378563,-0.00324079,-0.00324079,-0.00324079,-0.00324079,-2.4933,0.00192309
0.0035539,-0.00452157,0.00103557,0.000337727,-0.00324079,-0.00324079,-0.00324079,-0.00324079,-5.28699,0.00431709
-0.00530179,0.00704794,-0.00281256,-0.00108771,-0.00324079,-0.00324079,-0.00324079,-0.00324079,8.2354,-0.00651653
0.00147675,-0.00120003,-0.00272339,-0.000567407,-0.00324079,-0.00324079,-0.00324079,-0.00324079,-1.40479,0.00170152
0.00333753,-0.00293868,-0.00257095,-0.003923,-0.00324079,-0.00324079,-0.00324079,-0.00324079,-3.43691,0.00350093
0.00218952,-0.00205967,0.00139539,-0.00531247,-0.00324079,-0.00324079,-0.00324079,-0.00324079,-2.40953,0.0019393
-0.00505382,0.00724996,-0.00349903,-0.00348182,-0.00324079,-0.00324079,-0.00324079,-0.00324079,8.47153,-0.00653082
-0.00720263,0.00992837,-0.00349799,-0.00408724,-0.00324079,-0.00324079,-0.00324079,-0.00324079,11.602,-0.00919343
-0.00583121,0.00609105,-0.00349488,0.00985662,-0.00324079,-0.00324079,-0.00324079,-0.00324079,7.117,-0.00572487
0.00456705,-0.0042381,-0.00334971,-0.00416157,-0.00324079,-0.00324079,-0.00324079,-0.00324079,-4.95567,0.0049481
-0.00699533,0.00839137,-0.00349903,0.00412131,-0.00324079,-0.00324079,-0.00324079,-0.00324079,9.80561,-0.00787299
-0.00739005,0.00998819,-0.00349384,-0.00303585,-0.00324079,-0.00324079,-0.00324079,-0.00324079,11.672,-0.00928157
0.00391764,-0.00438275,-0.00146349,-0.000443925,-0.00324079,-0.00324079,-0.00324079,-0.00324079,-5.12474,0.00465243
0.000643513,-0.00305643,-0.00349177,0.0185375,-0.00324079,-0.00324079,-0.00324079,-0.00324079,-3.57454,0.00319282
0.00166715,-0.0022173,-0.00349903,0.00535373,-0.00324079,-0.00324079,-0.00324079,-0.00324079,-2.59377,0.00270314
-0.00530821,0.00563942,0.00340501,0.000750132,-0.00324079,-0.00324079,-0.00324079,-0.00324079,6.58913,-0.00628441
0.00700309,-0.00724004,-0.00349488,-0.00352857,-0.00324079,-0.00324079,-0.00324079,-0.00324079,-8.46433,0.00795967
-0.00291926,0.00452923,-0.00348762,-0.00251315,-0.00324079,-0.00324079,-0.00324079,-0.00324079,5.29155,-0.00383792
0.00187272,-0.0030553,-0.00314335,0.00870812,-0.00324079,-0.00324079,-0.00324079,-0.00324079,-3.57322,0.00338804
-0.00586719,0.00692435,-0.00349903,0.00482743,-0.00324079,-0.00324079,-0.00324079,-0.00324079,8.09096,-0.00642443
0.00497068,-0.00471757,-0.00349695,-0.0040273,-0.00324079,-0.00324079,-0.00324079,-0.00324079,-5.51608,0.00545093
0.00417891,-0.00453511,-0.00133594,-0.0016224,-0.00324079,-0.00324079,-0.00324079,-0.00324079,-5.30282,0.00481277
-0.00232069,0.0019033,-0.00349592,0.00964682,-0.00324079,-0.00324079,-0.00324079,-0.00324079,2.22237,-0.00153139
0.00553483,-0.00692911,-0.00288515,0.00503603,-0.00324079,-0.00324079,-0.00324079,-0.00324079,-8.10091,0.00731198
0.00282845,-0.00606703,-0.00349799,0.0209892,-0.00324079,-0.00324079,-0.00324079,-0.00324079,-7.09332,0.00613981
-0.00614786,0.00812746,0.000487022,-0.00529928,-0.00324079,-0.00324079,-0.00324079,-0.00324079,9.49715,-0.0080834
-0.00192566,0.00170861,-0.00347518,0.00783655,-0.00324079,-0.00324079,-0.00324079,-0.00324079,1.99482,-0.00129266
-0.00186199,0.00305299,-0.000915976,-0.00417835,-0.00324079,-0.00324079,-0.00324079,-0.00324079,3.56613,-0.00278402
-0.00743088,0.0100661,-0.00349903,-0.00321567,-0.00324079,-0.00324079,-0.00324079,-0.00324079,11.763,-0.00935413
-0.000840701,0.000406748,-0.00349799,0.00784614,-0.00324079,-0.00324079,-0.00324079,-0.00324079,0.473207,1.30867e-05
0.0033524,-0.00350299,-0.00262695,-0.00037559,-0.00324079,-0.00324079,-0.00324079,-0.00324079,-4.09648,0.00398173
0.00619786,-0.00630592,-0.00220906,-0.00479816,-0.00324079,-0.00324079,-0.00324079,-0.00324079,-7.37254,0.00682582
-0.0064171,0.00898258,-0.00336941,-0.0042275,-0.00324079,-0.00324079,-0.00324079,-0.00324079,10.4966,-0.00826726
0.00247926,-0.00195884,-0.0034451,-0.00257908,-0.00324079,-0.00324079,-0.00324079,-0.00324079,-2.29169,0.00264437
-0.00545057,0.00519211,-0.00347932,0.0126523,-0.00324079,-0.00324079,-0.00324079,-0.00324079,6.06632,-0.00490238
-0.0053506,0.00624116,0.00429264,-0.00378513,-0.00324079,-0.00324079,-0.00324079,-0.00324079,7.29245,-0.00692723
0.00266043,-0.00193176,-0.00344199,-0.00414478,-0.00324079,-0.00324079,-0.00324079,-0.00324079,-2.26003,0.00265788
-0.00623766,0.00526133,-0.00349903,0.0182642,-0.00324079,-0.00324079,-0.00324079,-0.00324079,6.14722,-0.0051164
0.00620099,-0.00604502,-0.00332171,-0.00519858,-0.00324079,-0.00324079,-0.00324079,-0.00324079,-7.0676,0.00677733
0.00170469,-0.00412674,-0.00295359,0.0166038,-0.00324079,-0.00324079,-0.00324079,-0.00324079,-4.82552,0.00421638
0.00413682,-0.00493615,-0.00348969,0.00374726,-0.00324079,-0.00324079,-0.00324079,-0.00324079,-5.77155,0.0054629
-0.000688009,0.00165199,-0.00108085,-0.00405367,-0.00324079,-0.00324079,-0.00324079,-0.00324079,1.92865,-0.00135622
0.00670741,-0.00706153,-0.00349903,-0.00239566,-0.00324079,-0.00324079,-0.00324079,-0.00324079,-8.25569,0.007752
-0.00586923,0.00814966,-0.0034534,-0.00302026,-0.00324079,-0.00324079,-0.00324079,-0.00324079,9.52309,-0.00745098
-0.00328753,0.00541858,-0.00349903,-0.00534484,-0.00324079,-0.00324079,-0.00324079,-0.00324079,6.33102,-0.00465024
-0.000488851,5.31129e-05,-0.00200063,0.00567262,-0.00324079,-0.00324079,-0.00324079,-0.00324079,0.0598801,0.000152494
-0.00408823,0.00473276,-0.00323875,0.004861,-0.00324079,-0.00324079,-0.00324079,-0.00324079,5.52943,-0.00428112
-0.00341207,0.00531531,-0.00348036,-0.00375396,-0.00324079,-0.00324079,-0.00324079,-0.00324079,6.21032,-0.00459237
-0.0027212,-0.00319092,-0.0031755,0.0448128,-0.00324079,-0.00324079,-0.00324079,-0.00324079,-3.73174,0.00257613
-0.00468336,0.00679832,-0.00349903,-0.00344226,-0.00324079,-0.00324079,-0.00324079,-0.00324079,7.94366,-0.00608022
-0.00507541,0.00756823,-0.00349903,-0.00534484,-0.00324079,-0.00324079,-0.00324079,-0.00324079,8.84352,-0.00679989
-0.00556447,0.00720933,-0.00346584,0.000650627,-0.00324079,-0.00324079,-0.00324079,-0.00324079,8.42404,-0.00660551
0.00151445,-0.00231003,-0.00349903,0.00711364,-0.00324079,-0.00324079,-0.00324079,-0.00324079,-2.70216,0.00274921
-0.00472826,0.00692868,-0.00256992,-0.00500316,-0.00324079,-0.00324079,-0.00324079,-0.00324079,8.09602,-0.0063379
-0.00181349,-0.00398604,-0.00349903,0.0432986,-0.00324079,-0.00324079,-0.00324079,-0.00324079,-4.66106,0.00346991
-0.00495792,0.00650357,-0.00349903,0.000540333,-0.00324079,-0.00324079,-0.00324079,-0.00324079,7.59914,-0.00589063
-0.00356539,0.000512086,0.00785769,0.0149266,-0.00324079,-0.00324079,-0.00324079,-0.00324079,0.596326,-0.00233895
-0.00747031,0.00968797,-0.00348244,-0.00052305,-0.00324079,-0.00324079,-0.00324079,-0.00324079,11.3211,-0.00905015
0.00237992,-0.00250961,0.000208082,-0.00253113,-0.00324079,-0.00324079,-0.00324079,-0.00324079,-2.93542,0.00253118
0.00547773,-0.00636743,-0.00349903,0.00260356,-0.00324079,-0.00324079,-0.00324079,-0.00324079,-7.44443,0.00692589
-0.004602,0.00192813,-0.00349799,0.0269714,-0.00324079,-0.00324079,-0.00324079,-0.00324079,2.25139,-0.0020135
-0.0069861,0.00692134,-0.00349903,0.0134208,-0.00324079,-0.00324079,-0.00324079,-0.00324079,8.08744,-0.00664834
-0.000574272,-0.000851854,-0.00330201,0.0136006,-0.00324079,-0.00324079,-0.00324079,-0.00324079,-0.997842,0.00108437
-0.00465895,0.00628367,-0.00349903,-0.000349216,-0.00324079,-0.00324079,-0.00324079,-0.00324079,7.34213,-0.00564725
0.00619332,-0.00608227,-0.00349903,-0.00469626,-0.00324079,-0.00324079,-0.00324079,-0.00324079,-7.11113,0.00683367
-0.00765507,0.0101906,-0.00349903,-0.00229016,-0.00324079,-0.00324079,-0.00324079,-0.00324079,11.9085,-0.00950291
0.00258033,-0.00258598,-0.00165843,-0.00142219,-0.00324079,-0.00324079,-0.00324079,-0.00324079,-3.02468,0.00291686
0.00649651,-0.0069893,-0.00339533,-0.00136105,-0.00324079,-0.00324079,-0.00324079,-0.00324079,-8.17127,0.00763345
0.00655534,-0.00699005,-0.00349903,-0.00168594,-0.00324079,-0.00324079,-0.00324079,-0.00324079,-8.17215,0.00766178
-0.00650956,0.00696291,0.0008147,0.00451573,-0.00324079,-0.00324079,-0.00324079,-0.00324079,8.13603,-0.00723746
-0.00332993,0.0048001,-0.00349903,-0.00107812,-0.00324079,-0.00324079,-0.00324079,-0.00324079,5.60814,-0.00414442
0.00101899,-0.00380471,-0.00230964,0.0190626,-0.00324079,-0.00324079,-0.00324079,-0.00324079,-4.44912,0.0037128
-0.0015358,0.00308967,-0.00349903,-0.00392539,-0.00324079,-0.00324079,-0.00324079,-0.00324079,3.609,-0.00235881
0.00632489,-0.00631119,-0.00273479,-0.00513024,-0.00324079,-0.00324079,-0.00324079,-0.00324079,-7.37869,0.00693523
0.00746602,-0.007655,-0.00349799,-0.00442891,-0.00324079,-0.00324079,-0.00324079,-0.00324079,-8.94933,0.00839878
-0.00148088,0.00297512,-0.00239675,-0.00489167,-0.00324079,-0.00324079,-0.00324079,-0.00324079,3.47511,-0.00241888
-0.000748554,0.0022306,-0.00280323,-0.00528729,-0.00324079,-0.00324079,-0.00324079,-0.00324079,2.60492,-0.00159
0.00171205,-0.00352142,-0.00306869,0.0128238,-0.00324079,-0.00324079,-0.00324079,-0.00324079,-4.11802,0.00373194
4.04088e-05,0.000866849,-0.00348866,-0.00185018,-0.00324079,-0.00324079,-0.00324079,-0.00324079,1.01097,-0.000192858
0.00693019,-0.00731717,-0.00316513,-0.00285961,-0.00324079,-0.00324079,-0.00324079,-0.00324079,-8.55448,0.00795931
0.00728673,-0.00749229,-0.00348762,-0.00410282,-0.00324079,-0.00324079,-0.00324079,-0.00324079,-8.75916,0.00822577
-0.00639896,0.00811787,-0.00349592,0.00129201,-0.00324079,-0.00324079,-0.00324079,-0.00324079,9.48594,-0.00752516
0.00409974,-0.00418129,-0.00349177,-0.000778405,-0.00324079,-0.00324079,-0.00324079,-0.00324079,-4.88927,0.00482773
-0.00649971,0.00877906,-0.000752137,-0.00532326,-0.00324079,-0.00324079,-0.00324079,-0.00324079,10.2587,-0.00850957
0.0058507,-0.00649308,-0.00349903,0.000547526,-0.00324079,-0.00324079,-0.00324079,-0.00324079,-7.59129,0.00710602
-0.00665099,0.00931402,-0.00320972,-0.00473222,-0.00324079,-0.00324079,-0.00324079,-0.00324079,10.884,-0.00861434
-0.00522638,0.007205,-0.00348451,-0.00188974,-0.00324079,-0.00324079,-0.00324079,-0.00324079,8.41898,-0.00653053
0.00430281,-0.00602038,-0.000733472,0.00619892,-0.00324079,-0.00324079,-0.00324079,-0.00324079,-7.0388,0.00598241
0.00601857,-0.00640223,-0.00349695,-0.00132268,-0.00324079,-0.00324079,-0.00324079,-0.00324079,-7.4851,0.0070638
-0.00660406,0.00860412,-0.0032232,-0.000550623,-0.00324079,-0.00324079,-0.00324079,-0.00324079,10.0543,-0.00801222
-0.00581979,0.00524082,-0.002404,0.0139267,-0.00324079,-0.00324079,-0.00324079,-0.00324079,6.12326,-0.00518
0.00243984,-0.00267063,-0.0034451,0.00225949,-0.00324079,-0.00324079,-0.00324079,-0.00324079,-3.12362,0.00322839
-0.00315252,0.00148007,-0.00349903,0.0187233,-0.00324079,-0.00324079,-0.00324079,-0.00324079,1.7277,-0.00134708
0.00449055,-0.0054335,0.00467735,-0.00523574,-0.00324079,-0.00324079,-0.00324079,-0.00324079,-6.35285,0.00471595
-0.00333994,0.00157111,-0.00349903,0.0195781,-0.00324079,-0.00324079,-0.00324079,-0.00324079,1.83411,-0.00146088
0.00482628,-0.00595436,-0.00349903,0.0049641,-0.00324079,-0.00324079,-0.00324079,-0.00324079,-6.96163,0.00645067
0.0019342,-0.00254968,-0.000755248,0.00225349,-0.00324079,-0.00324079,-0.00324079,-0.00324079,-2.98225,0.00261966
-0.00724189,-0.00668946,-0.00349903,0.102126,-0.00324079,-0.00324079,-0.00324079,-0.00324079,-7.82082,0.00461995
0.003731,-0.00442056,-0.00349799,0.00357943,-0.00324079,-0.00324079,-0.00324079,-0.00324079,-5.16893,0.00495306
-0.0044648,0.00420324,-0.0023563,0.0101012,-0.00324079,-0.00324079,-0.00324079,-0.00324079,4.91054,-0.00405006
0.00664733,-0.00748646,-0.00349903,0.000771712,-0.00324079,-0.00324079,-0.00324079,-0.00324079,-8.75234,0.0080931
-0.001571,-0.00404774,0.0371495,-0.00516261,-0.00324079,-0.00324079,-0.00324079,-0.00324079,-4.73318,-0.00256259
0.00331469,-0.00289052,-0.00345133,-0.00303585,-0.00324079,-0.00324079,-0.00324079,-0.00324079,-3.38063,0.00358924
0.00105716,-0.00167406,-0.00349903,0.00656697,-0.00324079,-0.00324079,-0.00324079,-0.00324079,-1.95883,0.00212804
-0.00518321,0.00574908,-0.00349903,0.00707528,-0.00324079,-0.00324079,-0.00324079,-0.00324079,6.71731,-0.0053087
-0.00557714,0.00806219,-0.00349592,-0.0046519,-0.00324079,-0.00324079,-0.00324079,-0.00324079,9.42086,-0.00731271
-0.00773533,0.00127898,0.0488008,-0.00534484,-0.00324079,-0.00324079,-0.00324079,-0.00324079,1.49267,-0.00999803
-0.000992611,-0.00448132,0.0356335,-0.00507749,-0.00324079,-0.00324079,-0.00324079,-0.00324079,-5.23994,-0.00185606
-0.00713379,0.00965016,-0.00142201,-0.00524173,-0.00324079,-0.00324079,-0.00324079,-0.00324079,11.2769,-0.00926132
-0.00727647,0.00907344,0.00269055,-0.00522735,-0.00324079,-0.00324079,-0.00324079,-0.00324079,10.6028,-0.00943099
-0.00159274,0.00212301,-0.00346584,0.00263353,-0.00324079,-0.00324079,-0.00324079,-0.00324079,2.47916,-0.00157136
-0.00667243,0.00696724,0.0100187,-0.00490486,-0.00324079,-0.00324079,-0.00324079,-0.00324079,8.14109,-0.00866264
-0.00151984,0.00149192,0.00535448,-0.00410043,-0.00324079,-0.00324079,-0.00324079,-0.00324079,1.74155,-0.00236247
-0.00301062,0.00118362,-0.00349592,0.0195218,-0.00324079,-0.00324079,-0.00324079,-0.00324079,1.38121,-0.00107227
-0.00611766,0.00845966,-0.00215513,-0.00459315,-0.00324079,-0.00324079,-0.00324079,-0.00324079,9.88542,-0.00795495
-0.00584404,0.00624624,0.00883553,-0.00528969,-0.00324079,-0.00324079,-0.00324079,-0.00324079,7.29838,-0.00771685
-0.00618885,0.00631584,0.0103993,-0.00490006,-0.00324079,-0.00324079,-0.00324079,-0.00324079,7.37973,-0.00808058
-0.00360982,0.00474931,0.00192631,-0.00488328,-0.00324079,-0.00324079,-0.00324079,-0.00324079,5.54878,-0.0049775
0.00195892,-0.00135973,-0.00336319,-0.00250595,-0.00324079,-0.00324079,-0.00324079,-0.00324079,-1.59145,0.00202828
-0.00607621,0.00780788,-0.00311017,0.000346119,-0.00324079,-0.00324079,-0.00324079,-0.00324079,9.12362,-0.00726054
-0.00713207,0.00924875,0.000794998,-0.00525972,-0.00324079,-0.00324079,-0.00324079,-0.00324079,10.8077,-0.0092616
-0.00695779,0.00893669,0.00143376,-0.00534484,-0.00324079,-0.00324079,-0.00324079,-0.00324079,10.443,-0.00906316
-0.00638503,0.00457118,0.0212582,-0.00483053,-0.00324079,-0.00324079,-0.00324079,-0.00324079,5.34057,-0.00830739
-0.00434496,0.00121766,0.026667,-0.00534244,-0.00324079,-0.00324079,-0.00324079,-0.00324079,1.421,-0.00592132
-0.00525204,0.0072272,-0.00325638,-0.00209834,-0.00324079,-0.00324079,-0.00324079,-0.00324079,8.44493,-0.0065886
0.00267248,-0.00188135,-0.00336215,-0.0046483,-0.00324079,-0.00324079,-0.00324079,-0.00324079,-2.20111,0.00260665
-0.00553787,0.00756616,-0.0034814,-0.00180822,-0.00324079,-0.00324079,-0.00324079,-0.00324079,8.84111,-0.00689441
-0.00634733,-0.00214206,0.0584589,-0.00534244,-0.00324079,-0.00324079,-0.00324079,-0.00324079,-2.50583,-0.00832886
0.00373381,-0.00477306,-0.00349903,0.00580569,-0.00324079,-0.00324079,-0.00324079,-0.00324079,-5.58094,0.00524697
0.0016562,-0.00235856,-0.00349903,0.00633799,-0.00324079,-0.00324079,-0.00324079,-0.00324079,-2.75888,0.00281841
-0.00565302,0.00180248,0.0321131,-0.00534244,-0.00324079,-0.00324079,-0.00324079,-0.00324079,2.10453,-0.00749406
-0.00710844,0.00420118,0.0284516,-0.00524533,-0.00324079,-0.00324079,-0.00324079,-0.00324079,4.90812,-0.00923132
-0.000767953,0.00139881,-0.0025948,-7.94741e-05,-0.00324079,-0.00324079,-0.00324079,-0.00324079,1.63272,-0.000933717
-0.00373607,-0.000873674,0.0317481,-0.00255511,-0.00324079,-0.00324079,-0.00324079,-0.00324079,-1.02335,-0.00482548
0.00325884,-0.00300978,-0.00194671,-0.00358732,-0.00324079,-0.00324079,-0.00324079,-0.00324079,-3.52002,0.00345012
-0.000642326,-0.0051963,0.0367099,-0.00444929,-0.00324079,-0.00324079,-0.00324079,-0.00324079,-6.07561,-0.00135292
-0.00295821,0.00297813,0.00760467,-0.00515182,-0.00324079,-0.00324079,-0.00324079,-0.00324079,3.47862,-0.0042291
-0.00363657,0.00360056,0.00845082,-0.00489886,-0.00324079,-0.00324079,-0.00324079,-0.00324079,4.20612,-0.0050117
-0.00347558,0.00399426,-0.00195293,0.00338641,-0.00324079,-0.00324079,-0.00324079,-0.00324079,4.66628,-0.00373694
-0.00717462,0.00992103,-0.00304899,-0.00477418,-0.00324079,-0.00324079,-0.00324079,-0.00324079,11.5935,-0.0092494
-0.00593853,0.0055986,0.000355329,0.00936629,-0.00324079,-0.00324079,-0.00324079,-0.00324079,6.54142,-0.0059179
-0.00395494,0.00560669,-0.00142201,-0.00383188,-0.00324079,-0.00324079,-0.00324079,-0.00324079,6.55088,-0.00525526
-0.00675331,-0.0026552,0.0631159,-0.00434499,-0.00324079,-0.00324079,-0.00324079,-0.00324079,-3.10559,-0.00868683
-0.00679445,0.00859528,0.00189935,-0.00495881,-0.00324079,-0.00324079,-0.00324079,-0.00324079,10.0439,-0.0088164
-0.00586485,0.00812897,-0.00190212,-0.00471664,-0.00324079,-0.00324079,-0.00324079,-0.00324079,9.49891,-0.00766709
-0.00409371,-0.000917315,0.0346412,-0.00288119,-0.00324079,-0.00324079,-0.00324079,-0.00324079,-1.07435,-0.00529804
-0.00611015,0.00773959,0.00241472,-0.00534484,-0.00324079,-0.00324079,-0.00324079,-0.00324079,9.04381,-0.00804401
-0.000386379,-0.000180324,0.00161315,0.00219715,-0.00324079,-0.00324079,-0.00324079,-0.00324079,-0.21296,-0.000177839
-0.00742666,0.0102781,-0.00303551,-0.00513504,-0.00324079,-0.00324079,-0.00324079,-0.00324079,12.0108,-0.00959952
-0.0051721,0.00748848,-0.00271198,-0.00500676,-0.00324079,-0.00324079,-0.00324079,-0.00324079,8.75031,-0.00687202
-0.000747459,-1.61097e-05,0.00162767,0.00390072,-0.00324079,-0.00324079,-0.00324079,-0.00324079,-0.0210269,-0.000389671
-0.00747797,0.00887405,0.00522694,-0.00534484,-0.00324079,-0.00324079,-0.00324079,-0.00324079,10.3698,-0.0096886
-0.0077056,0.00987213,0.00123259,-0.00534484,-0.00324079,-0.00324079,-0.00324079,-0.00324079,11.5363,-0.00996229
-0.00528521,0.00371662,0.0191242,-0.00534484,-0.00324079,-0.00324079,-0.00324079,-0.00324079,4.34177,-0.00705214
-0.00497998,0.00428545,-0.00267361,0.013892,-0.00324079,-0.00324079,-0.00324079,-0.00324079,5.00661,-0.0041748
-0.00634107,0.00490318,0.0189977,-0.00466988,-0.00324079,-0.00324079,-0.00324079,-0.00324079,5.72862,-0.00823357
-0.00696655,0.00605908,0.0170648,-0.00500796,-0.00324079,-0.00324079,-0.00324079,-0.00324079,7.07963,-0.00902973
-0.00452581,0.00512006,0.00546336,-0.00431382,-0.00324079,-0.00324079,-0.00324079,-0.00324079,5.98211,-0.00600454
-0.00714818,0.00987608,-0.00312676,-0.00460035,-0.00324079,-0.00324079,-0.00324079,-0.00324079,11.5409,-0.00919492
0.000400864,-0.00202468,-0.00349903,0.0138296,-0.00324079,-0.00324079,-0.00324079,-0.00324079,-2.36864,0.00228671
-0.00751489,0.01043,-0.00329164,-0.00513024,-0.00324079,-0.00324079,-0.00324079,-0.00324079,12.1884,-0.00970499
-0.00735297,0.00989752,-0.00136187,-0.00520817,-0.00324079,-0.00324079,-0.00324079,-0.00324079,11.566,-0.00952047
-0.0061233,0.00437649,0.0210426,-0.00534484,-0.00324079,-0.00324079,-0.00324079,-0.00324079,5.11302,-0.00805981
-0.00509043,0.00508188,-0.0034534,0.0105639,-0.00324079,-0.00324079,-0.00324079,-0.00324079,5.93748,-0.0047419
-0.00230426,0.00225712,0.00579726,-0.00347822,-0.00324079,-0.00324079,-0.00324079,-0.00324079,2.63592,-0.00322442
-0.00532745,0.00228176,0.025601,-0.00336433,-0.00324079,-0.00324079,-0.00324079,-0.00324079,2.66472,-0.00684448
-0.00779071,-0.00373417,0.0767031,-0.00522615,-0.00324079,-0.00324079,-0.00324079,-0.00324079,-4.36668,-0.0100491
-0.0080077,-0.00265934,0.0723178,-0.00534484,-0.00324079,-0.00324079,-0.00324079,-0.00324079,-3.11043,-0.0103255
-0.00662909,0.00598948,0.0146788,-0.00439295,-0.00324079,-0.00324079,-0.00324079,-0.00324079,6.99828,-0.00854373
-0.0077602,0.0096496,0.00277869,-0.00529568,-0.00324079,-0.00324079,-0.00324079,-0.00324079,11.2762,-0.0100215
0.00470598,-0.00512595,0.000731744,-0.00428625,-0.00324079,-0.00324079,-0.00324079,-0.00324079,-5.99339,0.00509887
-0.00702772,0.00683388,-0.00349903,0.014296,-0.00324079,-0.00324079,-0.00324079,-0.00324079,7.98521,-0.00658416
-0.00270852,0.00264292,-0.00349903,0.00790848,-0.00324079,-0.00324079,-0.00324079,-0.00324079,3.08684,-0.00222455
-0.00547545,0.0072573,-9.67825e-05,-0.0042299,-0.00324079,-0.00324079,-0.00324079,-0.00324079,8.4801,-0.00713538
-0.00495151,0.00715365,-0.00225261,-0.00509188,-0.00324079,-0.00324079,-0.00324079,-0.00324079,8.35896,-0.0066179
-0.00478004,0.00604948,-0.00288204,0.00135795,-0.00324079,-0.00324079,-0.00324079,-0.00324079,7.06841,-0.00557006
-0.00429537,0.00583975,0.000240228,-0.00462912,-0.00324079,-0.00324079,-0.00324079,-0.00324079,6.82328,-0.00576861
-0.00223449,0.00259477,-0.000401647,0.00100189,-0.00324079,-0.00324079,-0.00324079,-0.00324079,3.03056,-0.00255589
0.000601273,-0.00184617,-0.00349903,0.0111562,-0.00324079,-0.00324079,-0.00324079,-0.00324079,-2.15999,0.00217879
-0.00680603,0.00947372,-0.00260206,-0.00526451,-0.00324079,-0.00324079,-0.00324079,-0.00324079,11.0707,-0.00887021
-0.00467006,0.00296947,0.0133432,0.00138672,-0.00324079,-0.00324079,-0.00324079,-0.00324079,3.46851,-0.00543406
-0.00044927,0.00147123,-0.00327712,-0.00219185,-0.00324079,-0.00324079,-0.00324079,-0.00324079,1.71737,-0.00082621
-0.00745012,0.00896622,-0.00349903,0.00394268,-0.00324079,-0.00324079,-0.00324079,-0.00324079,10.4775,-0.00844312
-0.00518039,0.00695746,-0.000200478,-0.00446128,-0.00324079,-0.00324079,-0.00324079,-0.00324079,8.12965,-0.00681081
-0.00800927,0.00904428,0.00781102,-0.00534484,-0.00324079,-0.00324079,-0.00324079,-0.00324079,10.5687,-0.0103274
-0.0073647,0.0100266,-0.00188553,-0.00533405,-0.00324079,-0.00324079,-0.00324079,-0.00324079,11.7168,-0.00955101
-0.00800958,-0.00558022,0.0884321,-0.00534484,-0.00324079,-0.00324079,-0.00324079,-0.00324079,-6.52433,-0.0103278
-0.00462578,0.00573479,0.00147731,-0.00285961,-0.00324079,-0.00324079,-0.00324079,-0.00324079,6.7006,-0.00593497
-0.00745857,0.00362294,0.0340439,-0.00534364,-0.00324079,-0.00324079,-0.00324079,-0.00324079,4.23229,-0.00966512
-0.00696639,0.00875178,0.00251012,-0.00534484,-0.00324079,-0.00324079,-0.00324079,-0.00324079,10.2269,-0.0090735
-0.0078644,0.00983338,0.00249975,-0.00534484,-0.00324079,-0.00324079,-0.00324079,-0.00324079,11.491,-0.0101532
-0.0014607,0.000996265,0.00770733,-0.00411481,-0.00324079,-0.00324079,-0.00324079,-0.00324079,1.16223,-0.00229324
-0.00676457,0.00725485,0.00942452,-0.00534484,-0.00324079,-0.00324079,-0.00324079,-0.00324079,8.47725,-0.00883085
-0.00407259,0.0059718,-0.00221632,-0.0043378,-0.00324079,-0.00324079,-0.00324079,-0.00324079,6.97761,-0.00546273
-0.00596591,0.00570544,0.0123363,-0.00495521,-0.00324079,-0.00324079,-0.00324079,-0.00324079,6.6663,-0.00781973
-0.00308321,0.000198893,0.0211846,-0.00218226,-0.00324079,-0.00324079,-0.00324079,-0.00324079,0.230267,-0.00399187
-0.00660437,0.00411502,0.0251976,-0.00479696,-0.00324079,-0.00324079,-0.00324079,-0.00324079,4.80743,-0.00856673
-0.00413172,0.00474442,0.00502266,-0.00443131,-0.00324079,-0.00324079,-0.00324079,-0.00324079,5.54306,-0.00554604
-0.00782278,0.00758704,0.0146072,-0.00534484,-0.00324079,-0.00324079,-0.00324079,-0.00324079,8.86551,-0.0101032
-0.00714333,0.00953203,-0.00113374,-0.00474901,-0.00324079,-0.00324079,-0.00324079,-0.00324079,11.1388,-0.00920849
-0.0071923,0.00618981,0.0181297,-0.00534364,-0.00324079,-0.00324079,-0.00324079,-0.00324079,7.23243,-0.00934497
-0.0068029,0.00901663,-0.000630813,-0.0046543,-0.00324079,-0.00324079,-0.00324079,-0.00324079,10.5364,-0.00878682
0.0026695,-0.00340329,-0.00163873,0.0030807,-0.00324079,-0.00324079,-0.00324079,-0.00324079,-3.97995,0.00361169
-0.00766993,-0.00129521,0.0625362,-0.00531846,-0.00324079,-0.00324079,-0.00324079,-0.00324079,-1.51604,-0.00991596
-0.0059645,0.00588,-0.000301062,0.00853069,-0.00324079,-0.00324079,-0.00324079,-0.00324079,6.87033,-0.00605817
-0.00439252,0.00429184,-0.00349903,0.0103038,-0.00324079,-0.00324079,-0.00324079,-0.00324079,5.01409,-0.00393672
0.00518314,-0.00480862,-0.00330926,-0.00529329,-0.00324079,-0.00324079,-0.00324079,-0.00324079,-5.62249,0.00554117
0.00497913,-0.00458665,-0.00347725,-0.00495041,-0.00324079,-0.00324079,-0.00324079,-0.00324079,-5.36306,0.00534063
0.00458379,-0.00464854,-0.00346999,-0.00153608,-0.00324079,-0.00324079,-0.00324079,-0.00324079,-5.43539,0.00531085
0.00456392,-0.00411451,-0.00315891,-0.00514702,-0.00324079,-0.00324079,-0.00324079,-0.00324079,-4.81123,0.00481574
0.00485132,-0.00438576,-0.00347725,-0.00525133,-0.00324079,-0.00324079,-0.00324079,-0.00324079,-5.12826,0.00514768
0.00508536,-0.00467676,-0.00346999,-0.00519858,-0.00324079,-0.00324079,-0.00324079,-0.00324079,-5.46837,0.00543597
0.00549322,-0.00516187,-0.00347621,-0.00522495,-0.00324079,-0.00324079,-0.00324079,-0.00324079,-6.03538,0.00592291
0.00489497,-0.00448451,-0.00347103,-0.0049636,-0.00324079,-0.00324079,-0.00324079,-0.00324079,-5.24368,0.00523771
0.00452653,-0.00440795,-0.00348347,-0.00261385,-0.00324079,-0.00324079,-0.00324079,-0.00324079,-5.1542,0.00510136
0.00424962,-0.00373943,-0.00347207,-0.00476579,-0.00324079,-0.00324079,-0.00324079,-0.00324079,-4.37283,0.00448759
0.00498915,-0.0045686,-0.0034814,-0.00513743,-0.00324079,-0.00324079,-0.00324079,-0.00324079,-5.34196,0.00532826
0.00460288,-0.00408235,-0.00346481,-0.00529448,-0.00324079,-0.00324079,-0.00324079,-0.00324079,-4.77363,0.00484334
0.004846,-0.00438651,-0.00348036,-0.00520097,-0.00324079,-0.00324079,-0.00324079,-0.00324079,-5.12914,0.00514785
0.0044045,-0.00383969,-0.00349903,-0.0052825,-0.00324079,-0.00324079,-0.00324079,-0.00324079,-4.49002,0.00460639
0.00555595,-0.0052326,-0.00349903,-0.00522975,-0.00324079,-0.00324079,-0.00324079,-0.00324079,-6.11804,0.00599771
0.00536571,-0.00508381,-0.00348347,-0.00473702,-0.00324079,-0.00324079,-0.00324079,-0.00324079,-5.94414,0.00583328
0.00521005,-0.00493747,-0.00346377,-0.00449964,-0.00324079,-0.00324079,-0.00324079,-0.00324079,-5.77309,0.00567709
0.00530407,-0.00494161,-0.00348658,-0.00516741,-0.00324079,-0.00324079,-0.00324079,-0.00324079,-5.77793,0.005703
0.00475447,-0.00440382,-0.00346999,-0.00440254,-0.00324079,-0.00324079,-0.00324079,-0.00324079,-5.14936,0.00514201
0.00498633,-0.00459117,-0.0034814,-0.00497199,-0.00324079,-0.00324079,-0.00324079,-0.00324079,-5.36834,0.00534647
0.00476324,-0.00433497,-0.00345651,-0.00492524,-0.00324079,-0.00324079,-0.00324079,-0.00324079,-5.0689,0.00508433
0.00534428,-0.00499014,-0.00348866,-0.00516381,-0.00324079,-0.00324079,-0.00324079,-0.00324079,-5.83465,0.00575181
0.00544112,-0.00515454,-0.00346584,-0.00488448,-0.00324079,-0.00324079,-0.00324079,-0.00324079,-6.0268,0.0059047
0.00533661,-0.00508287,-0.00346792,-0.00453801,-0.00324079,-0.00324079,-0.00324079,-0.00324079,-5.94304,0.00582426
0.00433441,-0.00379793,-0.00334867,-0.00518539,-0.00324079,-0.00324079,-0.00324079,-0.00324079,-4.44121,0.00453479
0.000831093,-0.00279929,-0.0034337,0.0153941,-0.00324079,-0.00324079,-0.00324079,-0.00324079,-3.274,0.00300815
0.00488933,-0.00443786,-0.00339326,-0.00530887,-0.00324079,-0.00324079,-0.00324079,-0.00324079,-5.18916,0.00518588
0.00487776,-0.00446589,-0.00318172,-0.00528489,-0.00324079,-0.00324079,-0.00324079,-0.00324079,-5.22191,0.00517509
0.00350837,-0.00281547,-0.00329993,-0.0051734,-0.00324079,-0.00324079,-0.00324079,-0.00324079,-3.29291,0.00354317
0.00272801,-0.00424562,-0.00349695,0.0101491,-0.00324079,-0.00324079,-0.00324079,-0.00324079,-4.96446,0.00460446
0.00355296,-0.00288131,-0.00347518,-0.00489287,-0.00324079,-0.00324079,-0.00324079,-0.00324079,-3.36986,0.00363338
0.00389714,-0.003272,-0.00343162,-0.00509188,-0.00324079,-0.00324079,-0.00324079,-0.00324079,-3.8265,0.00402124
0.000205461,-0.00142689,-0.00224535,0.0100664,-0.00324079,-0.00324079,-0.00324079,-0.00324079,-1.66994,0.00156068
0.00365418,-0.00298439,-0.00348866,-0.00499597,-0.00324079,-0.00324079,-0.00324079,-0.00324079,-3.49034,0.00374163
-0.00293271,0.00151769,-0.00347621,0.0167716,-0.00324079,-0.00324079,-0.00324079,-0.00324079,1.77167,-0.00133749
0.00467281,-0.0041843,-0.00349903,-0.00514223,-0.00324079,-0.00324079,-0.00324079,-0.00324079,-4.89279,0.00494729
0.00462854,-0.0042302,-0.00327193,-0.00477178,-0.00324079,-0.00324079,-0.00324079,-0.00324079,-4.94644,0.0049424
0.00521646,-0.00502719,-0.00349903,-0.00393618,-0.00324079,-0.00324079,-0.00324079,-0.00324079,-5.87796,0.00575834
0.00548868,-0.00523655,-0.00308217,-0.0051698,-0.00324079,-0.00324079,-0.00324079,-0.00324079,-6.12266,0.00592465
0.00506565,-0.00480467,-0.0025274,-0.00532326,-0.00324079,-0.00324079,-0.00324079,-0.00324079,-5.61787,0.00539599
0.00510977,-0.00482366,-0.0027265,-0.00530887,-0.00324079,-0.00324079,-0.00324079,-0.00324079,-5.64008,0.00545092
0.00501261,-0.0046064,-0.00324912,-0.00534484,-0.00324079,-0.00324079,-0.00324079,-0.00324079,-5.38615,0.00532941
0.00495129,-0.00453511,-0.00332171,-0.00524653,-0.00324079,-0.00324079,-0.00324079,-0.00324079,-5.30282,0.0052685
0.00484584,-0.00482291,-0.00316305,-0.00278768,-0.00324079,-0.00324079,-0.00324079,-0.00324079,-5.6392,0.00546259
0.00507347,-0.00468014,-0.00345236,-0.00510626,-0.00324079,-0.00324079,-0.00324079,-0.00324079,-5.47233,0.00543372
0.00543346,-0.00558548,-0.0034928,-0.00204799,-0.00324079,-0.00324079,-0.00324079,-0.00324079,-6.53049,0.00626564
0.00429781,-0.00377085,-0.00316824,-0.00528609,-0.00324079,-0.00324079,-0.00324079,-0.00324079,-4.40955,0.00447763
0.00441279,-0.00394898,-0.0034928,-0.00465669,-0.00324079,-0.00324079,-0.00324079,-0.00324079,-4.61775,0.00469802
0.00403998,-0.00345201,-0.00349903,-0.00496,-0.00324079,-0.00324079,-0.00324079,-0.00324079,-4.0369,0.00421019
-0.00181177,0.00291925,-0.00349903,-0.000723258,-0.00324079,-0.00324079,-0.00324079,-0.00324079,3.40981,-0.00227276
0.0042745,-0.00371385,-0.00349592,-0.00509068,-0.00324079,-0.00324079,-0.00324079,-0.00324079,-4.34293,0.0044751
-0.00347308,0.0024014,-0.00349488,0.0153018,-0.00324079,-0.00324079,-0.00324079,-0.00324079,2.80455,-0.002179
0.00460147,-0.00407727,-0.00349903,-0.0052777,-0.00324079,-0.00324079,-0.00324079,-0.00324079,-4.76769,0.00484384
-0.00452488,0.00574814,-0.00319209,0.00168164,-0.00324079,-0.00324079,-0.00324079,-0.00324079,6.71621,-0.00522102
0.00537901,-0.00509096,-0.00313713,-0.00519258,-0.00324079,-0.00324079,-0.00324079,-0.00324079,-5.95249,0.00578982
-0.00541506,0.0077522,-0.00226713,-0.00534004,-0.00324079,-0.00324079,-0.00324079,-0.00324079,9.05854,-0.00720764
0.0051495,-0.00482536,-0.00323253,-0.00501755,-0.00324079,-0.00324079,-0.00324079,-0.00324079,-5.64206,0.00553671
-0.00587642,0.00828773,-0.00216032,-0.00534004,-0.00324079,-0.00324079,-0.00324079,-0.00324079,9.68447,-0.00776236
0.00552028,-0.00523072,-0.00338807,-0.00509547,-0.00324079,-0.00324079,-0.00324079,-0.00324079,-6.11584,0.00597235
0.00546944,-0.00516733,-0.00337356,-0.00512664,-0.00324079,-0.00324079,-0.00324079,-0.00324079,-6.04175,0.00590715
-0.00638863,0.00899124,-0.00264147,-0.00534244,-0.00324079,-0.00324079,-0.00324079,-0.00324079,10.5067,-0.00837852
0.00557911,-0.00537105,-0.00281256,-0.00531606,-0.00324079,-0.00324079,-0.00324079,-0.00324079,-6.27986,0.00601429
0.00546021,-0.00522075,-0.00285612,-0.00531247,-0.00324079,-0.00324079,-0.00324079,-0.00324079,-6.10419,0.0058718
0.00553828,-0.00528715,-0.00314854,-0.00515062,-0.00324079,-0.00324079,-0.00324079,-0.00324079,-6.1818,0.00598678
-0.00603944,0.0086092,-0.00286337,-0.00532685,-0.00324079,-0.00324079,-0.00324079,-0.00324079,10.0602,-0.00795664
0.00552967,-0.00522545,-0.00327712,-0.00532925,-0.00324079,-0.00324079,-0.00324079,-0.00324079,-6.10969,0.00595313
-0.00644996,0.00911143,-0.00291833,-0.00531846,-0.00324079,-0.00324079,-0.00324079,-0.00324079,10.6472,-0.00844913
0.0039228,-0.00336116,-0.00334763,-0.00481614,-0.00324079,-0.00324079,-0.00324079,-0.00324079,-3.93071,0.00408807
0.00472553,-0.00442169,-0.00349903,-0.00403209,-0.00324079,-0.00324079,-0.00324079,-0.00324079,-5.17025,0.00515555
0.000271482,0.000880393,-0.00219972,-0.00519618,-0.00324079,-0.00324079,-0.00324079,-0.00324079,1.0268,-0.000351672
-0.00166236,0.00290194,-0.00222254,-0.00323366,-0.00324079,-0.00324079,-0.00324079,-0.00324079,3.38958,-0.00242072
-0.00242582,0.00419365,-0.00335696,-0.00430423,-0.00324079,-0.00324079,-0.00324079,-0.00324079,4.89933,-0.00347837
-4.2508e-05,0.000721069,-0.00298262,-0.000869518,-0.00324079,-0.00324079,-0.00324079,-0.00324079,0.840584,-0.000164579
-7.95859e-05,0.00099476,-0.00299922,-0.00230934,-0.00324079,-0.00324079,-0.00324079,-0.00324079,1.16047,-0.000397053
0.00495269,-0.00452364,-0.00342229,-0.00521296,-0.00324079,-0.00324079,-0.00324079,-0.00324079,-5.28941,0.00527458
-0.00561093,0.00631904,-0.00348244,0.00670124,-0.00324079,-0.00324079,-0.00324079,-0.00324079,7.38347,-0.00587179
-0.000866984,0.00111533,-0.00348866,0.00352068,-0.00324079,-0.00324079,-0.00324079,-0.00324079,1.3014,-0.000582976
0.000805749,-0.000998011,-0.00332378,0.00398104,-0.00324079,-0.00324079,-0.00324079,-0.00324079,-1.16867,0.0014883
0.00156264,-0.00147843,-0.0032906,0.0012033,-0.00324079,-0.00324079,-0.00324079,-0.00324079,-1.73018,0.00203586
0.00123817,-0.00174497,-0.00226298,0.00420163,-0.00324079,-0.00324079,-0.00324079,-0.00324079,-2.04171,0.00203701
-0.00310324,0.00478505,-0.00237186,-0.0040225,-0.00324079,-0.00324079,-0.00324079,-0.00324079,5.59055,-0.0042561
0.000804653,-0.00222633,-0.003358,0.0118575,-0.00324079,-0.00324079,-0.00324079,-0.00324079,-2.60432,0.00251485
-0.00240048,0.00428018,-0.00323875,-0.00518898,-0.00324079,-0.00324079,-0.00324079,-0.00324079,5.00046,-0.00356336
-0.00112763,0.00277892,-0.00346066,-0.00511825,-0.00324079,-0.00324079,-0.00324079,-0.00324079,3.2458,-0.00202371
0.000320137,0.000522243,-0.00345236,-0.00183819,-0.00324079,-0.00324079,-0.00324079,-0.00324079,0.608198,0.000145036
-0.00148745,0.00221875,-0.00349903,0.00125485,-0.00324079,-0.00324079,-0.00324079,-0.00324079,2.59107,-0.00162468
-0.00230348,0.0033485,-0.00347414,0.000277784,-0.00324079,-0.00324079,-0.00324079,-0.00324079,3.91152,-0.00273333
0.00392953,-0.0034159,-0.00316305,-0.00473102,-0.00324079,-0.00324079,-0.00324079,-0.00324079,-3.99468,0.00410727
-0.00261278,0.00396304,-0.00347518,-0.00126634,-0.00324079,-0.00324079,-0.00324079,-0.00324079,4.62978,-0.00330672
-0.00255599,0.0040347,-0.00349592,-0.00213431,-0.00324079,-0.00324079,-0.00324079,-0.00324079,4.71355,-0.00335171
-0.0015904,0.00240102,-0.00348555,0.00086762,-0.00324079,-0.00324079,-0.00324079,-0.00324079,2.80411,-0.00179899
-0.00163921,0.00336035,-0.00349384,-0.00486529,-0.00324079,-0.00324079,-0.00324079,-0.00324079,3.92537,-0.0026058
-0.00062058,0.00105834,-0.00349903,0.00200773,-0.00324079,-0.00324079,-0.00324079,-0.00324079,1.23478,-0.000484149
-0.0018465,0.00362595,-0.003414,-0.00506071,-0.00324079,-0.00324079,-0.00324079,-0.00324079,4.2358,-0.00288054
-0.00118426,0.00138902,-0.0034814,0.00419923,-0.00324079,-0.00324079,-0.00324079,-0.00324079,1.62129,-0.000875901
-0.000711319,0.00220408,-0.0033383,-0.00478497,-0.00324079,-0.00324079,-0.00324079,-0.00324079,2.57392,-0.00147968
-0.000137315,0.000550835,0.00238257,-0.00526092,-0.00324079,-0.00324079,-0.00324079,-0.00324079,0.641616,-0.000851636
0.000881782,-0.000106211,-0.00346895,-0.00211752,-0.00324079,-0.00324079,-0.00324079,-0.00324079,-0.126337,0.000783876
0.00140432,-0.0039614,-0.00349903,0.0184824,-0.00324079,-0.00324079,-0.00324079,-0.00324079,-4.63226,0.00410037
0.00427324,-0.00382145,-0.00320764,-0.00472982,-0.00324079,-0.00324079,-0.00324079,-0.00324079,-4.46869,0.00452069
0.00703688,-0.00712662,-0.00330615,-0.00472863,-0.00324079,-0.00324079,-0.00324079,-0.00324079,-8.33176,0.0078437
0.0013239,-0.0016259,-0.00338807,0.00408654,-0.00324079,-0.00324079,-0.00324079,-0.00324079,-1.90255,0.00212507
0.00174615,-0.00220658,-0.00284782,0.00392709,-0.00324079,-0.00324079,-0.00324079,-0.00324079,-2.58124,0.00261196
-0.00606009,0.00843577,-0.00176317,-0.00533524,-0.00324079,-0.00324079,-0.00324079,-0.00324079,9.85749,-0.00798257
0.00455939,-0.00409363,-0.00308217,-0.00533405,-0.00324079,-0.00324079,-0.00324079,-0.00324079,-4.78682,0.00478588
0.00550135,-0.00529317,-0.00342437,-0.00451043,-0.00324079,-0.00324079,-0.00324079,-0.00324079,-6.18884,0.00602593
-0.00686673,0.00961612,-0.00292248,-0.00533644,-0.00324079,-0.00324079,-0.00324079,-0.00324079,11.2371,-0.00895258
0.00138054,-0.000250863,-0.00348036,-0.00500316,-0.00324079,-0.00324079,-0.00324079,-0.00324079,-0.295406,0.00100698
0.000965481,0.000269432,-0.00338081,-0.00525612,-0.00324079,-0.00324079,-0.00324079,-0.00324079,0.312713,0.000474933
0.00630049,-0.00645264,-0.00349903,-0.00315813,-0.00324079,-0.00324079,-0.00324079,-0.00324079,-7.54402,0.00716324
0.0020495,-0.0014741,-0.00337044,-0.00246159,-0.00324079,-0.00324079,-0.00324079,-0.00324079,-1.72512,0.00214298
0.00514622,-0.00505033,-0.0034928,-0.00325763,-0.00324079,-0.00324079,-0.00324079,-0.00324079,-5.905,0.00576243
0.00418031,-0.00357108,-0.00344718,-0.00533524,-0.00324079,-0.00324079,-0.00324079,-0.00324079,-4.17606,0.00432995
-0.00576519,0.00783609,-0.00132972,-0.00427546,-0.00324079,-0.00324079,-0.00324079,-0.00324079,9.1566,-0.00748969
0.00446693,-0.00431089,-0.00229823,-0.00414598,-0.00324079,-0.00324079,-0.00324079,-0.00324079,-5.04075,0.00482975
-0.00259369,0.00380089,0.000771148,-0.00528849,-0.00324079,-0.00324079,-0.00324079,-0.00324079,4.44027,-0.00380865
0.00350525,-0.00337564,-0.00348658,-0.00136345,-0.00324079,-0.00324079,-0.00324079,-0.00324079,-3.94764,0.00403659
0.0034932,-0.00305775,-0.00308113,-0.00376595,-0.00324079,-0.00324079,-0.00324079,-0.00324079,-3.57608,0.00370859
0.00409208,-0.00402366,-0.00282812,-0.00249157,-0.00324079,-0.00324079,-0.00324079,-0.00324079,-4.70504,0.00459495
0.00268765,-0.00410003,-0.00342229,0.00944421,-0.00324079,-0.00324079,-0.00324079,-0.00324079,-4.7943,0.00446393
0.00292154,-0.0024434,-0.00348244,-0.00283684,-0.00324079,-0.00324079,-0.00324079,-0.00324079,-2.85803,0.0031425
-0.00250154,-0.00124048,0.0173769,0.00693861,-0.00324079,-0.00324079,-0.00324079,-0.00324079,-1.45206,-0.00210225
-0.00509481,0.00428338,-0.00327504,0.0154804,-0.00324079,-0.00324079,-0.00324079,-0.00324079,5.0042,-0.00410557
-0.00053297,0.00100247,-0.0030718,0.0011985,-0.00324079,-0.00324079,-0.00324079,-0.00324079,1.16949,-0.000484413
-0.0015965,0.00236058,-0.00349592,0.00118292,-0.00324079,-0.00324079,-0.00324079,-0.00324079,2.75684,-0.00176518
0.00239729,-0.00200399,-0.00343266,-0.00167874,-0.00324079,-0.00324079,-0.00324079,-0.00324079,-2.34445,0.0026633
-0.00509716,0.00709778,-0.00346066,-0.00222422,-0.00324079,-0.00324079,-0.00324079,-0.00324079,8.29367,-0.00641881
0.00440982,-0.00448244,-0.00349592,-0.00122917,-0.00324079,-0.00324079,-0.00324079,-0.00324079,-5.24126,0.00514173
0.00381298,-0.00587686,-0.00349903,0.0122339,-0.00324079,-0.00324079,-0.00324079,-0.00324079,-6.87105,0.00618102
0.00290417,-0.00279478,-0.001506,-0.00274932,-0.00324079,-0.00324079,-0.00324079,-0.00324079,-3.26872,0.00313305
0.00351041,-0.003117,-0.00335593,-0.00320129,-0.00324079,-0.00324079,-0.00324079,-0.00324079,-3.64534,0.00380297
-0.00127046,0.000653728,0.00434345,0.000500771,-0.00324079,-0.00324079,-0.00324079,-0.00324079,0.761877,-0.00146219
-0.00449437,0.00381199,0.0128994,-0.00481734,-0.00324079,-0.00324079,-0.00324079,-0.00324079,4.45324,-0.00603244
0.0016684,-0.00080765,-0.00296085,-0.00426227,-0.00324079,-0.00324079,-0.00324079,-0.00324079,-0.946176,0.00144978
-0.00183883,0.00194224,-0.00275138,0.00484421,-0.00324079,-0.00324079,-0.00324079,-0.00324079,2.26788,-0.00157876
0.00424336,-0.00486335,-0.0022412,0.00102227,-0.00324079,-0.00324079,-0.00324079,-0.00324079,-5.68647,0.0052354
0.00100209,-0.000881198,-0.00197159,0.00016749,-0.00324079,-0.00324079,-0.00324079,-0.00324079,-1.03214,0.00122672
0.00359442,-0.00434231,-0.0020701,0.00247648,-0.00324079,-0.00324079,-0.00324079,-0.00324079,-5.07747,0.00464491
0.00698917,-0.00724851,-0.00349903,-0.00336313,-0.00324079,-0.00324079,-0.00324079,-0.00324079,-8.47423,0.00796452
0.00631128,-0.00636329,-0.00346999,-0.00384387,-0.00324079,-0.00324079,-0.00324079,-0.00324079,-7.43959,0.00708673
0.0035758,-0.00384628,-0.00189486,-0.000744837,-0.00324079,-0.00324079,-0.00324079,-0.00324079,-4.49771,0.00420215
0.00403717,-0.00409476,-0.00349903,-0.000841944,-0.00324079,-0.00324079,-0.00324079,-0.00324079,-4.78814,0.0047442
0.0039095,-0.00336097,-0.00281464,-0.00533165,-0.00324079,-0.00324079,-0.00324079,-0.00324079,-3.93049,0.00400481
0.0060763,-0.00669022,-0.00349903,7.39794e-05,-0.00324079,-0.00324079,-0.00324079,-0.00324079,-7.8217,0.00731547
0.00523977,-0.00537462,-0.00330823,-0.00212112,-0.00324079,-0.00324079,-0.00324079,-0.00324079,-6.28403,0.00602322
0.00500792,-0.00459267,-0.00330512,-0.00533165,-0.00324079,-0.00324079,-0.00324079,-0.00324079,-5.3701,0.00532549
0.0031814,-0.00288751,-0.00348555,-0.00199524,-0.00324079,-0.00324079,-0.00324079,-0.00324079,-3.37711,0.00356477
0.00385131,-0.00322666,-0.00345962,-0.00499597,-0.00324079,-0.00324079,-0.00324079,-0.00324079,-3.77351,0.00397864
0.00594723,-0.00621695,-0.00349695,-0.00195568,-0.00324079,-0.00324079,-0.00324079,-0.00324079,-7.26854,0.00689542
0.00555877,-0.00562743,-0.00343577,-0.00280686,-0.00324079,-0.00324079,-0.00324079,-0.00324079,-6.57952,0.00631728
0.0053119,-0.00531029,-0.00346688,-0.00290037,-0.00324079,-0.00324079,-0.00324079,-0.00324079,-6.20884,0.00600825
0.00472381,-0.00498957,-0.00336111,-0.000559015,-0.00324079,-0.00324079,-0.00324079,-0.00324079,-5.83399,0.00560671
0.00622023,-0.00610973,-0.00348866,-0.00474061,-0.00324079,-0.00324079,-0.00324079,-0.00324079,-7.14323,0.00686023
0.00331109,-0.00274719,-0.00348036,-0.00388823,-0.00324079,-0.00324079,-0.00324079,-0.00324079,-3.2131,0.00347368
0.00318062,-0.00371931,-0.0034534,0.00327731,-0.00324079,-0.00324079,-0.00324079,-0.00324079,-4.34931,0.00425188
0.00488902,-0.00492599,-0.00323564,-0.00237648,-0.00324079,-0.00324079,-0.00324079,-0.00324079,-5.75968,0.00556817
0.00524415,-0.00485903,-0.00343681,-0.00529209,-0.00324079,-0.00324079,-0.00324079,-0.00324079,-5.68141,0.00561469
0.00488605,-0.00497584,-0.00277005,-0.00257429,-0.00324079,-0.00324079,-0.00324079,-0.00324079,-5.81794,0.00553878
0.00588105,-0.0057181,-0.00290174,-0.00531606,-0.00324079,-0.00324079,-0.00324079,-0.00324079,-6.68549,0.00637733
0.00592861,-0.00578393,-0.00300129,-0.00514702,-0.00324079,-0.00324079,-0.00324079,-0.00324079,-6.76244,0.00645657
0.00399164,-0.00438576,-0.00120321,-0.00129151,-0.00324079,-0.00324079,-0.00324079,-0.00324079,-5.12826,0.00463079
0.00229325,-0.00146865,-0.00263006,-0.00522015,-0.00324079,-0.00324079,-0.00324079,-0.00324079,-1.71875,0.00207606
0.00166793,-0.000765327,-0.00245378,-0.00511466,-0.00324079,-0.00324079,-0.00324079,-0.00324079,-0.896709,0.00133798
0.000933566,-0.00231398,-0.00340466,0.0114823,-0.00324079,-0.00324079,-0.00324079,-0.00324079,-2.70677,0.00262088
0.00224037,-0.00189,-0.00258443,-0.00218226,-0.00324079,-0.00324079,-0.00324079,-0.00324079,-2.21122,0.00240892
0.00429812,-0.00384872,-0.00349488,-0.00441453,-0.00324079,-0.00324079,-0.00324079,-0.00324079,-4.50057,0.00459174
0.0058241,-0.00571979,-0.0034928,-0.00418555,-0.00324079,-0.00324079,-0.00324079,-0.00324079,-6.68747,0.00645639
-0.0017955,0.00319783,-0.00321801,-0.00295073,-0.00324079,-0.00324079,-0.00324079,-0.00324079,3.73541,-0.00254387
0.00544206,-0.00565038,-0.00343681,-0.00176506,-0.00324079,-0.00324079,-0.00324079,-0.00324079,-6.60634,0.00631291
-0.00582417,0.00800783,-0.00328334,-0.00265821,-0.00324079,-0.00324079,-0.00324079,-0.00324079,9.35732,-0.00734956
-0.00396526,0.00588019,-0.0034254,-0.00317851,-0.00324079,-0.00324079,-0.00324079,-0.00324079,6.87055,-0.00518241
0.00662292,-0.00651716,-0.00344614,-0.0052789,-0.00324079,-0.00324079,-0.00324079,-0.00324079,-7.61943,0.00727417
0.0026986,-0.00300884,-0.00349903,0.00249446,-0.00324079,-0.00324079,-0.00324079,-0.00324079,-3.51892,0.00357018
-0.00055409,0.00120318,-0.00241541,-0.000677702,-0.00324079,-0.00324079,-0.00324079,-0.00324079,1.40407,-0.000754646
0.00649949,-0.00653654,-0.003414,-0.00424669,-0.00324079,-0.00324079,-0.00324079,-0.00324079,-7.64208,0.00726045
0.0013796,-0.00167029,-0.00340777,0.00396546,-0.00324079,-0.00324079,-0.00324079,-0.00324079,-1.95443,0.00217624
0.00389887,-0.00340856,-0.00320972,-0.00449005,-0.00324079,-0.00324079,-0.00324079,-0.00324079,-3.98611,0.00410185
0.000534783,0.000631907,-0.0030044,-0.00469985,-0.00324079,-0.00324079,-0.00324079,-0.00324079,0.736373,2.96757e-05
-0.00030925,-0.00146488,-0.00343162,0.0156255,-0.00324079,-0.00324079,-0.00324079,-0.00324079,-1.71435,0.00166726
0.00427669,-0.00370313,-0.0034254,-0.00525732,-0.00324079,-0.00324079,-0.00324079,-0.00324079,-4.3304,0.00445599
0.00421051,-0.0054809,-0.00349903,0.00666407,-0.00324079,-0.00324079,-0.00324079,-0.00324079,-6.40825,0.00593213
-0.00288609,0.00333609,-0.00335696,0.00468716,-0.00324079,-0.00324079,-0.00324079,-0.00324079,3.89701,-0.00285842
-0.00543728,0.00721873,-0.00332378,-0.000547027,-0.00324079,-0.00324079,-0.00324079,-0.00324079,8.43503,-0.00660887
-0.00110228,0.000288995,0.00986627,-0.00484971,-0.00324079,-0.00324079,-0.00324079,-0.00324079,0.335578,-0.0019582
0.00186646,-0.00229329,-0.00298573,0.00371729,-0.00324079,-0.00324079,-0.00324079,-0.00324079,-2.68259,0.00272923
-0.00494275,-0.00499973,0.0231372,0.0429438,-0.00324079,-0.00324079,-0.00324079,-0.00324079,-5.84586,-0.000338845
0.00215026,-0.0018599,-0.00344096,-0.000693286,-0.00324079,-0.00324079,-0.00324079,-0.00324079,-2.17604,0.00249488
0.000157432,0.00117797,-0.00339844,-0.00483412,-0.00324079,-0.00324079,-0.00324079,-0.00324079,1.37461,-0.000441553
-0.00126264,0.000777688,-0.00285197,0.00796723,-0.00324079,-0.00324079,-0.00324079,-0.00324079,0.906761,-0.000478428
-0.00253471,0.000334516,-0.00293078,0.0206319,-0.00324079,-0.00324079,-0.00324079,-0.00324079,0.388783,-0.000355191
0.00209221,-0.00118386,-0.00286026,-0.00522855,-0.00324079,-0.00324079,-0.00324079,-0.00324079,-1.38589,0.00183325
0.00542908,-0.00550817,-0.00348969,-0.00251195,-0.00324079,-0.00324079,-0.00324079,-0.00324079,-6.44013,0.00619983
0.000204992,0.00110649,-0.00349799,-0.00462672,-0.00324079,-0.00324079,-0.00324079,-0.00324079,1.29107,-0.000357304
-0.00145491,0.0028615,-0.00224328,-0.0045428,-0.00324079,-0.00324079,-0.00324079,-0.00324079,3.34231,-0.00234213
0.00420425,-0.00377668,-0.00339741,-0.00426707,-0.00324079,-0.00324079,-0.00324079,-0.00324079,-4.41637,0.00449813
0.00421974,-0.00362732,-0.00348036,-0.00524293,-0.00324079,-0.00324079,-0.00324079,-0.00324079,-4.2418,0.0043894
0.00558724,-0.00528226,-0.00348451,-0.0051686,-0.00324079,-0.00324079,-0.00324079,-0.00324079,-6.17608,0.00604331
0.00530298,-0.00520683,-0.0031952,-0.00380671,-0.00324079,-0.00324079,-0.00324079,-0.00324079,-6.08792,0.00587925
0.00597382,-0.00601812,-0.00349592,-0.00342787,-0.00324079,-0.00324079,-0.00324079,-0.00324079,-7.03616,0.00673528
0.00433269,-0.00383706,-0.00307284,-0.00524173,-0.00324079,-0.00324079,-0.00324079,-0.00324079,-4.48694,0.00452537
