200,2,128
data/elefante-cavalo//Artificial/4-Rebalanced2/original//0/treino/0.png,0,1,0,34,0,0,0,0,86,0,125,0,152,111,136,182,340,203,331,218,386,527,614,650,1138,786,1348,1029,1750,2002,2203,2551,3691,3145,3370,4894,5289,5556,5682,6839,5163,5566,4597,3628,2983,2326,1735,1494,1004,705,445,301,205,165,126,126,116,91,117,119,153,327,609,1085,1094,84,2,0,0,0,0,0,0,0,6,0,0,1,0,0,10,1,0,0,0,9,18,9,15,5,18,1,11,31,27,22,26,19,15,43,24,19,20,60,7,38,29,12,6,5,0,1,1,3,1,0,0,0,0,0,0,0,0,0,0,283,868,1059,5847,0,0
data/elefante-cavalo//Artificial/4-Rebalanced2/original//0/treino/1.png,0,1,0,8,0,0,0,0,35,0,80,0,103,214,194,275,417,271,498,273,533,555,547,600,953,611,870,574,776,733,812,823,1145,880,1244,1338,1441,1616,1654,2073,1709,2201,2156,2204,2201,2339,2899,2460,3225,3362,3499,3596,4149,3664,3984,3686,3335,3133,3194,2952,3188,2361,591,151,33,8,1,0,0,0,0,0,1,0,3,0,6,40,67,71,21,4,14,0,6,6,1,16,28,8,6,0,3,0,0,0,0,0,0,0,0,0,0,2,0,1,1,0,0,2,1,0,4,4,5,7,7,4,11,41,126,743,1354,1643,3545,2075,0,0,0,0,0
data/elefante-cavalo//Artificial/4-Rebalanced2/original//0/treino/2.png,0,1,0,48,0,0,0,0,86,0,157,0,168,163,100,93,248,139,293,171,490,569,750,970,1035,1020,1400,1061,526,553,477,597,475,645,413,798,934,1149,1354,1466,1943,2054,1803,2415,2531,3378,3106,4155,3583,4064,3177,3673,3518,3147,2948,2268,1889,2260,3368,4886,4893,3102,1764,734,167,34,4,0,0,0,0,0,1,0,16,0,1,14,0,0,1,1,0,0,2,4,19,40,28,52,267,32,2,5,1,0,0,0,0,5,5,5,3,2,8,9,5,41,16,27,27,54,29,36,25,67,83,94,153,72,11,5,194,5275,2004,145,110,94,2,0,0
data/elefante-cavalo//Artificial/4-Rebalanced2/original//0/treino/3.png,0,1,0,9,0,0,0,0,49,0,74,0,130,89,49,36,93,74,147,87,138,163,189,203,277,129,120,71,104,135,149,149,255,209,275,468,539,660,926,1365,1281,1968,2312,2493,2405,2369,2324,2721,2647,2735,2903,3001,2959,3676,3934,5249,6381,7492,8042,5945,3778,1243,327,121,90,39,11,0,0,0,0,0,1,0,1,0,5,3,1,0,3,0,0,2,0,0,2,2,8,1,0,0,0,0,0,0,0,1,0,5,0,0,3,22,6,35,57,103,128,61,19,60,40,98,53,80,46,82,103,267,478,662,2213,3051,4734,51,1,0,9,0,0
data/elefante-cavalo//Artificial/4-Rebalanced2/original//0/treino/4.png,0,1,0,12,0,0,0,0,25,0,75,0,112,197,239,281,336,808,412,928,967,544,945,852,813,1116,715,1051,1116,1108,719,1120,1159,1555,1168,1578,1728,1733,1706,1275,2104,1716,2132,2127,2120,1925,2027,2196,1434,2143,2101,2237,2716,3839,4436,3246,2928,1539,1982,2003,2181,2138,1402,331,95,11,4,0,0,0,0,0,0,0,0,0,5,10,5,8,22,35,0,27,29,0,2,0,0,0,0,0,0,0,0,0,0,0,0,0,1,1,0,0,2,0,0,0,0,1,0,1,1,1,2,18,1057,5028,3107,713,819,423,902,1146,1463,1992,1977,0,0,0,0
data/elefante-cavalo//Artificial/4-Rebalanced2/original//0/treino/5.png,0,1,0,34,0,0,0,0,59,0,102,0,95,120,187,157,441,154,371,112,384,301,406,412,344,448,599,546,324,568,592,863,708,883,664,843,868,831,788,888,769,934,947,1078,1018,905,1327,1696,1625,2386,2785,3415,4592,4518,5700,5888,4812,5390,3862,3032,2244,1394,1226,1360,736,43,5,0,0,0,0,0,0,0,0,0,0,0,1,4,46,3,4,0,1,5,10,2,5,12,17,3,0,6,4,15,5,24,0,0,11,6,2,2,13,11,10,17,8,6,25,20,11,19,23,35,99,73,196,341,178,252,439,861,1646,2243,3853,8726,1232,0,0
data/elefante-cavalo//Artificial/4-Rebalanced2/original//0/treino/6.png,0,1,0,92,0,0,0,0,106,0,127,0,133,90,129,112,200,108,239,135,273,347,464,502,551,679,856,815,554,787,790,1119,930,1319,723,1661,1936,2059,2274,2664,3472,3858,3434,4509,5012,6433,5575,5872,4178,4331,3119,3185,2449,2030,1748,1323,1162,1057,1042,1098,1086,838,665,730,1239,542,2,0,0,0,0,0,2,0,0,0,2,0,0,0,0,0,0,0,1,1,6,8,12,58,39,15,3,11,4,10,0,1,0,5,2,3,2,5,17,32,3,43,47,125,74,118,53,63,14,59,25,28,48,35,34,105,127,302,485,349,216,422,2238,289,0
data/elefante-cavalo//Artificial/4-Rebalanced2/original//0/treino/7.png,0,1,0,4,3,9,18,34,51,39,33,97,129,60,129,158,84,166,162,254,149,149,271,187,190,242,266,314,188,422,311,349,423,637,539,847,1032,1245,1148,1768,2762,2647,3183,4799,5246,4319,4497,6653,5948,4819,7036,3776,3673,2844,3001,1770,1775,1156,504,186,108,105,51,29,17,3,1,0,0,0,0,0,1,0,0,0,2,0,0,2,0,0,4,1,0,0,3,0,0,0,0,1,0,4,0,0,0,1,0,1,8,14,3,11,61,52,103,224,582,265,470,1310,1022,380,2216,680,821,669,1213,822,2038,1707,595,3,0,0,0,0,0,0,0
data/elefante-cavalo//Artificial/4-Rebalanced2/original//0/treino/8.png,0,1,0,10,0,0,0,0,99,0,104,0,183,192,235,287,570,347,696,439,785,875,1020,945,1389,873,1065,731,1010,892,829,916,1147,832,1055,1030,1108,1128,1264,1758,1537,2297,2557,2983,3311,3687,4719,3970,4920,4783,4789,4362,4387,3152,3304,3127,3431,2205,1148,760,719,624,627,614,435,96,4,0,0,0,0,0,0,0,0,0,1,0,1,0,0,0,2,0,3,6,15,4,19,2,18,3,20,2,4,8,12,2,4,0,0,1,0,3,0,2,11,44,31,37,75,30,77,67,30,40,64,18,77,252,3588,1337,0,1,1,1,4,20,5,0,0
data/elefante-cavalo//Artificial/4-Rebalanced2/original//0/treino/9.png,0,1,0,36,0,0,0,0,126,0,145,178,0,197,435,236,246,258,537,553,547,528,402,399,386,439,267,429,431,399,384,463,694,561,795,1019,996,1128,1222,1868,1579,2174,2371,2558,2664,3185,2515,2762,2851,2770,2725,2566,2459,2721,2698,3750,3828,1711,1127,1071,845,711,586,480,351,148,8,0,0,0,0,0,0,0,1,0,0,1,3,0,0,0,1,2,4,5,0,0,2,1,0,3,0,0,1,0,0,0,0,0,0,0,0,1,0,2,1,1,3,22,10,28,9,13,4,13,16,5,62,3212,25333,26,0,1,0,0,0,0,0,0,0
data/elefante-cavalo//Artificial/4-Rebalanced2/original//0/treino/10.png,0,1,0,1,0,0,0,0,16,0,34,0,58,85,162,248,580,344,573,386,778,822,876,767,795,683,777,618,369,539,568,798,643,761,611,808,860,917,1015,1494,1530,2087,2589,3169,3802,3387,4446,5573,4395,4683,4110,3428,3489,2766,3004,2791,2264,2621,2169,2257,3025,2945,1920,1519,627,48,5,0,0,0,0,0,0,0,0,0,0,0,2,4,34,10,11,0,31,7,16,11,18,12,29,2,0,0,0,0,2,0,0,0,1,0,0,2,1,1,3,11,26,14,26,73,58,47,29,11,17,0,8,12,3,13,67,140,619,1633,1264,1347,54,0,0
data/elefante-cavalo//Artificial/4-Rebalanced2/original//0/treino/11.png,0,1,0,27,0,0,0,0,63,0,85,0,108,109,137,132,163,283,134,303,250,243,252,240,116,348,231,298,348,345,380,456,505,693,434,922,1128,1296,1597,1794,2523,2014,2478,2585,2649,2051,2794,3525,3221,4281,4526,4704,5030,6541,5789,5606,3381,3849,3214,2289,1201,823,490,247,93,20,2,0,0,0,0,0,0,0,0,0,0,0,0,0,0,0,0,0,0,0,0,0,0,3,0,0,0,0,0,0,0,0,0,0,0,2,1,3,31,2,7,14,6,1,8,14,24,43,32,13,92,576,1071,1709,798,744,3633,115,15,0,1,0,0,0,0
data/elefante-cavalo//Artificial/4-Rebalanced2/original//0/treino/12.png,0,1,0,12,0,0,0,0,55,0,86,130,0,164,440,255,270,257,527,528,547,509,489,491,795,490,800,765,934,993,1048,1159,1771,1473,2059,2181,2247,2285,2486,3268,3578,3017,3941,4172,5151,5142,4812,4470,4014,3556,3085,2698,2796,2266,2650,1879,904,914,643,579,436,324,286,236,191,87,7,0,0,0,0,0,0,0,0,0,0,0,1,0,0,0,0,0,0,0,0,0,0,0,0,0,0,0,2,0,13,7,13,53,7,17,3,12,57,32,56,49,97,144,104,149,221,165,50,27,97,118,2133,3327,2,0,0,0,0,0,0,0,0,0,0
data/elefante-cavalo//Artificial/4-Rebalanced2/original//0/treino/13.png,0,1,0,30,0,0,0,0,79,0,182,132,0,126,261,150,163,156,402,443,516,628,618,732,1070,701,1081,1138,1148,1035,1104,1084,1378,1009,1340,1337,1248,1357,1370,1817,1922,1586,2251,2466,3134,2981,3129,3008,3157,3131,3030,2992,3394,3042,3659,4024,4261,4696,3800,3848,3331,2729,1560,585,133,39,2,0,0,0,0,0,4,0,123,8,0,0,1,0,3,0,1,2,10,2,3,4,29,5,27,26,32,13,9,11,42,7,19,14,6,47,50,82,13,14,43,111,53,52,56,65,34,25,13,24,79,47,62,176,134,198,121,179,149,167,176,8,0,0,0
data/elefante-cavalo//Artificial/4-Rebalanced2/original//0/treino/14.png,0,1,0,29,0,0,0,0,57,0,140,0,229,239,230,292,536,293,448,272,443,417,455,392,668,455,698,590,793,884,961,1021,1322,940,1032,1050,1017,1033,1096,1510,1362,1860,1994,2086,2096,2088,2427,2082,2392,2359,2400,2398,2919,2582,3201,3488,3640,4015,5036,5091,6098,6124,4972,2822,753,65,4,0,0,0,0,0,0,0,17,0,11,24,3,34,76,3,9,3,14,2,1,0,2,0,0,0,4,3,6,9,25,11,5,1,3,1,5,5,1,10,8,23,15,19,25,14,13,8,15,9,21,5,46,52,35,25,93,92,340,456,369,379,58,0,0
data/elefante-cavalo//Artificial/4-Rebalanced2/original//0/treino/15.png,0,1,0,26,0,0,0,0,110,0,179,0,225,185,304,251,570,235,453,226,423,412,369,323,430,250,346,249,338,351,353,384,559,441,658,808,870,1112,1279,1801,1610,2149,2166,2318,2241,2234,2527,2069,2512,2450,2507,2312,2661,2135,2579,2362,2266,3986,3553,982,910,701,598,524,410,144,8,0,0,0,0,0,0,0,0,0,0,0,0,0,0,0,0,0,0,2,0,0,0,0,0,0,0,0,0,0,0,0,0,4,0,0,2,5,1,5,7,3,10,0,2,0,7,4,3,1,4,10,44,134,476,8754,23347,44,0,0,1,0,0,0,0
data/elefante-cavalo//Artificial/4-Rebalanced2/original//0/treino/16.png,0,1,0,19,0,0,0,0,39,0,46,0,58,104,188,161,560,353,724,369,723,532,449,452,614,429,721,504,870,804,859,855,1215,842,1072,1042,1168,1209,1392,1973,1926,2462,2878,3316,3477,4107,5224,4041,3943,3396,3165,3179,3550,3180,3497,3076,2775,2819,3444,3186,3534,3026,1924,782,170,36,4,0,0,0,0,0,0,0,0,0,0,0,3,0,38,3,26,8,34,2,0,0,2,1,1,0,2,0,1,2,1,0,0,0,0,0,0,10,7,8,23,52,78,101,359,237,195,51,59,29,49,51,101,48,11,14,51,52,43,46,41,1,0,0,0
data/elefante-cavalo//Artificial/4-Rebalanced2/original//0/treino/17.png,0,1,0,74,0,0,0,0,138,0,147,0,151,141,150,119,244,108,199,115,177,144,144,147,181,114,184,136,179,165,188,223,273,224,239,349,356,446,519,768,746,1078,1375,1580,1789,1923,1921,2432,2607,2834,3140,3195,3368,4327,4135,4983,5346,5840,6938,6473,8099,7816,5585,2163,403,54,2,0,0,0,0,0,2,0,1,0,1,1,0,0,0,0,0,0,0,0,0,0,0,0,0,0,0,0,0,0,0,0,0,0,0,0,0,1,0,1,10,3,1,4,6,2,3,4,5,5,2,5,3,5,6,12,22,41,150,331,475,307,1,0,0
data/elefante-cavalo//Artificial/4-Rebalanced2/original//0/treino/18.png,0,1,0,58,0,0,0,0,116,0,139,0,209,183,234,262,299,573,288,259,525,528,448,449,450,629,428,416,701,742,822,853,847,1276,1051,1145,1524,1722,1803,1881,2469,2065,2144,2686,2699,2589,2433,2140,2576,2716,2071,3497,3234,3403,2964,3324,3259,2490,2154,1839,1268,1140,811,373,91,5,2,0,0,0,0,0,0,0,0,0,0,0,0,1,0,10,0,2,6,0,1,2,0,0,0,0,0,0,0,0,0,0,0,0,0,0,0,0,0,1,0,9,19,8,12,3,19,36,95,2268,1180,1690,2408,2639,3208,2851,2585,1934,3,6,6,0,0,0,0
data/elefante-cavalo//Artificial/4-Rebalanced2/original//0/treino/19.png,0,1,0,36,0,0,0,0,85,0,88,0,106,145,130,118,273,139,331,172,392,460,616,645,1025,641,1047,748,1084,1193,1214,1276,1780,1358,2077,2204,2564,2747,2872,3782,3247,4154,4121,3988,3748,3497,3640,2539,2366,1789,1123,686,418,155,145,81,43,50,54,44,53,63,191,3421,2958,114,8,0,0,0,0,0,0,0,0,0,3,0,0,0,3,1,2,0,1,1,1,1,7,1,5,0,2,2,2,2,7,1,9,6,23,21,13,26,5,29,26,19,6,7,24,11,38,37,16,4,0,0,0,0,0,0,0,0,0,0,21,16603,7274,0,0
data/elefante-cavalo//Artificial/4-Rebalanced2/original//0/treino/20.png,0,1,0,45,0,0,0,0,93,0,158,0,204,131,189,177,386,215,499,240,571,557,701,740,620,548,837,745,563,797,796,1096,932,1256,1015,1341,1491,1531,1616,2244,2168,3204,3720,4316,4716,4117,4954,6197,5487,6636,5906,4796,4346,3164,2786,2122,1191,935,382,213,165,106,152,298,464,110,5,0,0,0,0,0,0,0,0,0,21,0,0,0,2,0,0,0,3,8,28,10,9,5,5,7,3,7,0,5,3,24,3,6,7,5,2,8,6,49,38,116,116,67,103,221,118,313,210,86,94,61,57,29,8,5,0,0,0,0,0,103,1337,6,0
data/elefante-cavalo//Artificial/4-Rebalanced2/original//0/treino/21.png,0,1,0,13,0,0,0,0,54,0,88,0,187,329,339,393,628,312,453,230,401,337,319,318,548,351,580,438,703,741,841,881,1347,1152,1299,1791,1942,2114,2410,3310,2898,3590,3738,4146,4167,4262,4364,4955,4540,4051,3858,3374,3097,3318,2593,2840,2777,2653,2638,1417,771,560,441,314,163,45,9,0,0,0,0,0,1,0,0,0,0,63,22,16,42,1,1,0,0,0,0,0,2,0,0,0,0,0,0,0,1,0,0,0,0,0,7,6,6,4,2,4,11,2,10,24,32,2,3,0,44,239,165,237,80,45,696,108,0,0,0,0,0,0,0
data/elefante-cavalo//Artificial/4-Rebalanced2/original//0/treino/22.png,0,1,0,36,0,0,0,0,84,0,94,0,119,119,117,111,174,59,120,79,102,125,164,142,152,146,219,257,205,433,409,633,499,743,424,860,982,1185,1327,1547,2342,2900,2866,4232,4527,5902,5322,6307,5201,6196,5066,5898,5832,4914,4472,3692,2889,2170,1521,914,542,273,102,56,52,29,4,0,0,0,0,0,0,0,0,0,0,0,0,0,0,0,1,1,0,1,0,2,0,0,0,0,0,1,1,6,0,1,0,3,6,24,20,24,31,59,45,157,140,292,142,311,94,226,63,128,192,150,149,34,38,36,20,14,4,0,0,0,1,0,0
data/elefante-cavalo//Artificial/4-Rebalanced2/original//0/treino/23.png,0,1,0,10,0,0,0,0,73,0,134,0,173,167,263,207,215,261,434,251,446,519,521,573,663,774,797,1615,1239,1920,1921,1921,1779,1713,2168,1508,1965,1466,1994,1906,2008,2623,2845,1825,3211,3218,3239,3578,2600,1894,2586,2495,2778,3093,4069,3094,3699,4336,3896,3034,2111,1566,980,780,403,13,1,0,0,0,0,0,0,0,1,0,0,2,1,1,0,0,2,2,1,0,0,0,1,1,9,137,83,141,178,67,28,11,60,3,3,1,1,2,1,4,8,2,21,45,61,93,43,2,26,22,27,13,22,1,8,11,5,5,4,7,1,715,850,0,0
data/elefante-cavalo//Artificial/4-Rebalanced2/original//0/treino/24.png,0,1,0,30,0,0,0,0,92,0,79,0,126,128,92,123,202,123,210,116,221,265,268,280,267,317,437,423,295,478,501,727,650,834,685,972,978,1088,1205,1696,1501,2105,2298,2728,2895,2649,3798,4710,4296,5421,5572,5819,6749,5588,6042,5167,3818,3080,1387,867,665,622,663,715,671,70,4,0,0,0,0,0,0,0,0,0,9,15,0,0,0,0,0,0,0,6,2,1,1,0,2,1,0,1,0,15,3,13,7,17,18,8,39,29,17,34,52,72,73,65,145,312,94,195,128,146,319,144,345,301,274,506,109,33,18,56,135,247,488,1,0
data/elefante-cavalo//Artificial/4-Rebalanced2/original//0/treino/25.png,0,1,0,48,0,0,0,0,123,0,195,0,255,287,269,235,572,310,707,433,917,901,1031,947,1425,835,1321,915,1331,1454,1474,1602,2259,1661,1424,1686,1653,1746,1863,2457,1952,2395,2399,2419,2396,2541,2696,3421,3526,3408,3249,3313,3297,4231,3689,4564,4025,3388,2893,1790,1249,506,79,48,61,22,1,0,0,0,0,0,0,0,0,0,1,8,1,2,1,0,11,4,10,8,7,4,28,1,13,1,8,15,9,25,194,41,19,5,7,6,20,65,7,22,25,21,26,20,24,48,101,42,23,33,49,204,84,118,168,92,153,60,271,304,0,0,1,0,0
data/elefante-cavalo//Artificial/4-Rebalanced2/original//0/treino/26.png,0,1,0,3,0,0,0,2,1,0,6,0,6,25,15,30,99,109,380,737,440,765,605,559,709,442,410,643,416,634,389,592,853,436,647,950,796,1204,1089,1166,1941,1238,1658,2020,1516,1947,1623,1769,2513,2415,3647,6122,5086,6485,6221,3462,3968,3217,1131,51,6,2,2,0,4,2,2,0,0,0,0,0,0,0,0,0,0,0,0,3,0,6,52,203,19,87,3,1,10,0,1,0,0,1,0,0,1,0,0,0,0,2,0,0,7,0,0,10,2,11,18,22,25,5,4,39,34,208,509,691,10249,11316,1559,0,0,0,0,0,0,0,0
data/elefante-cavalo//Artificial/4-Rebalanced2/original//0/treino/27.png,0,1,0,14,0,47,0,65,98,126,151,165,181,376,180,376,397,201,381,387,347,363,469,339,551,593,426,610,727,774,808,1144,882,1293,1039,1293,1468,1501,1551,2063,1764,2405,2601,2458,3520,4635,3240,4598,3833,2895,3196,3272,2737,4032,4456,3163,4722,3811,3977,3657,2246,2290,1558,767,422,79,4,0,0,0,0,0,0,0,0,0,0,0,0,1,0,0,0,1,1,0,1,1,0,0,0,1,2,0,0,0,0,0,0,0,1,1,0,3,1,4,6,6,40,82,28,106,67,17,47,46,21,31,21,4,21,8,2,3,0,3,2,0,1,0,0
data/elefante-cavalo//Artificial/4-Rebalanced2/original//0/treino/28.png,0,1,0,15,0,0,0,0,103,0,147,212,0,214,506,279,317,309,604,591,582,534,450,426,355,468,317,491,492,488,494,546,842,682,915,986,1142,1252,1407,1997,1716,2281,2472,2649,2684,3189,2668,2973,2713,2523,2530,2367,2256,2482,2662,3850,4786,2965,1281,1314,1021,860,696,623,445,268,17,0,0,0,0,0,0,0,0,0,0,0,0,9,1,0,32,12,7,0,1,0,0,1,0,0,3,0,0,0,0,1,0,0,0,0,1,0,2,3,2,5,7,14,8,10,3,7,5,1,29,62,170,2071,18455,2927,0,0,0,0,1,0,0,0,0
data/elefante-cavalo//Artificial/4-Rebalanced2/original//0/treino/29.png,0,1,0,7,0,0,0,0,48,0,101,134,0,136,222,122,138,154,337,381,462,507,557,576,637,1035,660,1023,988,997,917,878,1199,883,1345,1507,1490,1641,1869,2526,2182,3149,3464,3795,4168,4908,4250,4886,4685,4470,4251,3328,2629,2538,2365,2684,3000,2046,906,674,530,408,369,355,274,99,14,0,0,0,0,0,0,0,16,32,0,34,53,0,0,0,1,0,1,0,5,0,0,1,1,6,0,1,2,1,2,2,0,2,4,2,3,3,2,20,21,40,70,57,50,116,156,149,215,186,97,143,199,1971,3648,1059,23,3,1,1,0,1,0,0,0
data/elefante-cavalo//Artificial/4-Rebalanced2/original//0/treino/30.png,0,1,0,32,0,0,0,0,60,0,144,0,120,201,257,202,630,255,674,307,806,770,1036,1068,1544,886,1293,771,924,700,684,605,804,570,822,814,822,1026,1155,1626,1440,1887,2170,2398,2867,3286,4614,4175,5304,5622,5840,5560,5388,3878,3791,2947,2226,1583,1322,1028,1097,1043,1161,1572,1105,74,4,0,0,0,0,0,0,0,1,0,0,9,3,11,30,0,8,1,9,5,6,12,54,15,27,0,7,10,4,4,7,0,0,0,0,0,0,1,0,2,1,2,2,6,37,8,17,10,14,12,26,4,15,3,3,2,1,0,0,0,3,215,2707,0,0
data/elefante-cavalo//Artificial/4-Rebalanced2/original//0/treino/31.png,0,1,0,19,0,0,0,0,73,0,101,179,0,171,224,486,278,375,615,690,295,920,298,872,594,909,589,957,669,1376,772,1577,1313,1766,1363,2471,1512,2689,1621,3228,1703,3317,2191,3096,1924,2952,1487,2360,1268,2437,1154,2214,1418,2487,1605,3272,2199,4633,3649,6990,5501,6893,1933,1059,160,136,6,0,0,0,0,0,0,0,0,1,0,0,0,0,0,1,4,10,0,1,0,2,0,0,0,0,0,0,2,1,0,0,0,1,1,4,0,5,0,6,0,6,0,5,0,4,0,4,0,11,0,3,2,1,0,12,4,113,44,852,67,91,0,0,0
data/elefante-cavalo//Artificial/4-Rebalanced2/original//0/treino/32.png,0,1,0,33,0,0,0,0,68,0,105,77,0,63,92,45,50,37,104,92,111,135,131,161,157,266,207,329,386,425,427,412,628,447,744,1155,1245,1563,1873,2520,2670,2047,2338,2112,2368,1800,2093,1759,2146,2257,2536,3600,3218,3138,2876,2492,2860,2245,1691,1781,2494,3492,3823,1814,181,20,1,0,0,0,0,0,0,0,1,0,0,0,1,0,0,0,0,0,0,1,0,0,0,0,0,0,0,5,4,1,0,0,0,1,4,7,5,14,12,8,10,5,11,12,14,10,17,34,47,446,226,332,739,842,1628,1394,1222,1509,3000,3964,3808,5030,0,0,0
data/elefante-cavalo//Artificial/4-Rebalanced2/original//0/treino/33.png,0,1,0,14,0,0,0,0,87,0,72,102,0,99,113,180,100,70,165,204,97,259,83,264,211,337,244,422,285,722,376,851,793,1185,962,1925,1405,2653,1995,4834,2858,6537,4749,7399,4920,7472,3982,6164,3144,5359,2262,4011,2061,2405,1173,1503,587,753,333,415,271,718,833,1727,421,93,3,0,0,0,0,0,2,0,0,0,0,0,0,0,0,0,0,0,0,0,0,0,0,0,0,0,0,3,0,8,2,6,1,3,1,12,3,51,12,122,16,62,12,47,5,38,1,14,1,11,1,2,1,4,0,0,0,0,0,12,309,4278,2,0,0
data/elefante-cavalo//Artificial/4-Rebalanced2/original//0/treino/34.png,0,1,0,31,0,0,0,0,105,0,137,212,0,361,325,652,330,274,724,768,383,1272,437,1244,759,885,542,715,530,1087,503,1046,763,1038,810,1373,840,1541,959,2065,1121,2477,1757,2861,2068,3721,2105,3925,2296,4843,2495,5333,3630,5766,3672,6231,3481,5427,2976,2508,1088,1469,784,1318,503,158,6,0,0,0,0,0,1,0,1,1,0,77,5,65,3,0,28,44,7,225,11,100,17,5,0,0,0,2,0,3,0,2,0,2,0,0,0,2,0,11,1,10,0,5,1,7,0,21,0,37,9,132,29,203,36,336,44,17,1,3,0,65,5,0,0
data/elefante-cavalo//Artificial/4-Rebalanced2/original//0/treino/35.png,0,1,0,87,0,0,0,0,106,0,142,113,0,81,117,35,43,54,87,84,95,108,123,138,128,220,148,249,277,320,376,382,678,578,791,1151,1101,1245,1357,1880,2110,1681,2156,2236,2708,2222,2288,1749,1859,1608,1327,1431,1193,1286,1199,1301,1980,2587,3640,5351,7291,6706,3282,1217,218,46,2,0,0,0,0,0,0,0,5,0,0,1,0,0,0,0,0,0,0,0,0,0,0,0,0,0,1,0,0,0,4,1,8,3,4,9,13,19,42,33,34,61,112,39,21,11,3,9,2,20,24,24,7,11,13,60,629,2444,10033,5455,4980,1201,0,0,0
data/elefante-cavalo//Artificial/4-Rebalanced2/original//0/treino/36.png,0,1,0,80,0,0,0,0,113,0,173,0,150,62,64,75,102,77,99,54,89,115,122,125,214,153,289,198,357,399,502,573,753,639,784,866,825,1027,1110,1440,1287,1627,1811,1686,1690,1494,1649,1388,1615,1454,1471,1367,1361,1236,1327,1325,1448,1820,2671,2813,3872,5534,6381,4820,1730,80,2,1,0,0,0,0,9,0,15,0,10,0,0,0,0,0,0,0,0,0,0,0,0,0,1,0,0,3,4,8,3,2,1,2,5,10,10,48,19,33,57,58,61,57,37,14,17,7,7,10,10,14,10,3,3,49,581,430,1275,9081,8562,9026,2163,0,0
data/elefante-cavalo//Artificial/4-Rebalanced2/original//0/treino/37.png,0,1,0,64,0,0,0,0,123,0,183,0,226,148,148,162,321,222,364,159,334,264,320,288,502,373,607,436,676,757,756,740,1033,832,1168,1240,1394,1335,1276,1676,1394,1838,1892,1874,1901,1889,2159,1523,1911,2569,2583,2076,2722,3110,3603,2980,3882,5512,4614,2573,2099,1650,1321,1043,483,124,8,0,0,0,0,0,26,0,20,0,18,1,0,1,17,0,3,0,4,1,1,0,0,3,11,0,3,2,2,1,1,0,1,3,5,5,0,6,3,11,10,9,14,14,23,10,23,185,204,47,82,332,1028,382,1519,10629,4627,490,416,259,204,149,39,0,0
data/elefante-cavalo//Artificial/4-Rebalanced2/original//0/treino/38.png,0,1,0,41,0,0,0,0,139,0,328,0,505,538,412,506,850,399,701,335,701,638,625,485,661,406,581,414,645,737,810,842,1153,915,1282,1143,1098,961,972,1124,914,1146,1224,1295,1539,1854,2525,2188,2631,2387,1967,1771,1840,1538,1741,2204,3415,3664,3592,3229,2881,2780,3061,2375,778,32,2,0,0,0,0,0,0,0,154,0,34,113,22,16,53,2,7,0,1,5,2,7,2,0,0,0,0,1,1,2,1,1,4,0,3,0,2,1,1,0,2,2,18,28,94,42,105,103,29,58,56,207,445,893,2800,2647,1999,3230,575,581,2262,5143,1030,0,0
data/elefante-cavalo//Artificial/4-Rebalanced2/original//0/treino/39.png,0,1,0,61,0,0,0,0,62,0,152,0,115,88,89,57,113,57,104,48,97,71,77,86,106,79,158,95,164,175,212,250,419,389,458,696,827,912,962,1291,1102,1546,1772,1970,2338,2603,2758,3202,3170,2935,2537,2042,1688,1557,1222,1182,1128,1150,1269,1297,2184,3934,5840,7313,4290,382,24,0,0,0,0,0,0,0,88,0,5,6,0,2,1,0,0,0,0,0,0,0,0,0,0,0,0,0,0,0,0,0,1,5,3,1,6,9,8,10,15,33,31,85,87,72,97,92,37,22,11,22,12,3,2,4,1,93,1454,7297,6436,8119,3229,0,0
data/elefante-cavalo//Artificial/4-Rebalanced2/original//0/treino/40.png,0,1,0,86,0,0,0,0,95,0,113,127,0,74,61,106,72,73,104,138,60,182,70,217,136,248,136,215,177,329,220,403,361,626,484,1007,695,1354,894,2047,1134,2415,1738,2760,1840,2916,1554,2261,1072,1789,737,1350,859,1273,781,1546,1008,2203,2980,6161,6089,7734,4303,3160,815,158,3,1,0,0,0,0,0,0,2,12,0,0,0,0,0,0,0,0,0,0,0,0,0,0,0,0,0,0,0,1,0,3,2,1,0,7,1,23,2,74,10,94,15,136,13,54,1,28,0,34,9,30,89,312,82,779,2188,7351,3504,5458,2758,3663,18,0,0
data/elefante-cavalo//Artificial/4-Rebalanced2/original//0/treino/41.png,0,1,0,44,0,0,0,0,95,0,97,113,0,98,185,74,91,92,201,202,224,170,206,230,232,368,244,363,380,384,396,361,568,421,570,607,644,765,894,1263,1177,1765,1914,2162,2375,2996,2495,3074,2751,2273,1696,1328,1090,1093,1051,992,1033,1068,1709,3023,3568,3611,5698,5367,986,172,8,0,0,0,0,0,2,0,0,4,0,1,0,0,0,0,0,2,0,0,0,1,0,0,0,0,1,3,1,0,0,1,1,0,0,0,0,5,3,5,5,18,31,46,16,44,40,25,7,3,3,1,1,2,106,154,559,5679,4481,3113,9743,7115,25,0,0
data/elefante-cavalo//Artificial/4-Rebalanced2/original//0/treino/42.png,0,1,0,337,0,0,0,0,312,0,315,0,398,347,450,571,979,633,1087,679,1069,1205,1256,995,1495,875,1074,640,845,823,813,774,902,710,641,963,902,874,752,785,558,657,606,651,688,734,783,1048,1166,1396,1506,1350,1402,1524,1237,1452,1388,1581,2659,2965,3444,3871,4976,4444,1683,49,4,0,0,0,0,0,0,0,0,0,0,0,0,0,1,0,1,0,4,1,1,1,0,0,0,0,0,1,1,2,0,0,0,1,3,5,0,0,0,0,0,3,0,1,1,16,7,14,15,5,22,20,21,76,94,111,1172,1240,2030,5096,4167,9933,5915,0,0
data/elefante-cavalo//Artificial/4-Rebalanced2/original//0/treino/43.png,0,1,0,49,0,0,0,0,105,0,128,0,154,165,159,153,300,126,212,118,199,257,243,222,341,229,357,274,470,506,566,571,1028,797,1295,1430,1644,1800,1888,2669,2188,2739,2635,2423,1818,1312,1216,848,759,710,858,1148,1967,2259,2979,3191,2765,2785,3952,3813,3832,2325,1043,537,258,53,3,0,0,0,0,0,5,0,3,0,0,9,0,0,2,0,0,0,0,0,0,0,0,0,1,0,0,0,0,0,1,1,2,0,6,11,6,39,11,39,67,103,20,7,5,1,1,0,341,1881,5790,5256,7662,3564,1182,698,874,552,599,315,216,129,34,0,0
data/elefante-cavalo//Artificial/4-Rebalanced2/original//0/treino/44.png,0,1,0,15,0,0,0,0,58,0,84,135,0,156,144,415,297,318,551,639,323,1071,397,1145,810,1294,790,1156,831,1626,944,2132,1554,1860,1296,2140,1333,2241,1341,2662,1460,3144,2350,3841,3010,5557,3314,5813,3317,5898,2551,4157,2199,3134,1730,2885,1611,2840,1817,1749,1015,1368,476,329,71,35,1,0,0,0,0,0,0,0,0,2,0,0,0,5,3,0,1,3,2,25,0,14,11,41,7,9,0,29,2,118,42,40,4,31,5,40,0,14,0,22,2,30,19,82,4,81,9,172,9,97,6,33,13,88,20,715,423,339,30,198,33,1,0,0,0
data/elefante-cavalo//Artificial/4-Rebalanced2/original//0/treino/45.png,0,1,0,35,0,0,0,0,96,0,125,0,172,164,169,123,218,99,170,79,166,114,147,139,252,154,251,178,348,402,493,546,737,636,621,784,857,895,982,1217,1124,1583,1833,2071,2325,2530,2551,2820,2657,2613,2605,2434,2366,2744,2413,3056,3482,4320,5783,7137,9329,6761,2218,374,64,44,9,0,0,0,0,0,0,0,3,0,7,1,1,0,2,0,0,0,0,0,0,0,1,0,0,0,0,0,1,1,4,0,0,1,0,1,2,3,3,10,11,53,44,61,42,34,22,54,39,16,19,18,11,23,68,99,336,1261,3141,4204,92,0,0,0,0
data/elefante-cavalo//Artificial/4-Rebalanced2/original//0/treino/46.png,0,1,0,43,0,0,0,0,61,0,106,0,126,92,140,100,252,125,260,141,307,312,312,341,537,366,570,406,694,719,851,838,1276,1019,1077,1372,1381,1543,1669,2215,1878,2777,3014,3198,3462,3702,4041,5375,5734,5701,5094,4393,3713,3292,2012,1490,951,610,444,310,344,428,734,1730,1445,132,4,0,0,0,0,0,0,0,4,0,12,0,0,0,1,0,1,0,0,7,0,0,10,2,1,1,6,0,1,2,36,37,36,24,14,14,25,22,9,21,23,29,25,33,30,85,93,95,70,54,48,55,33,12,1,0,0,0,29,6,72,2657,9309,0,0
data/elefante-cavalo//Artificial/4-Rebalanced2/original//0/treino/47.png,0,1,0,22,0,0,0,0,72,0,71,0,105,93,118,103,93,234,97,236,205,115,234,266,261,373,259,436,409,458,340,510,490,502,368,458,410,429,396,275,461,347,431,528,598,658,772,1138,919,1689,2176,2627,3360,4125,5982,5743,6474,4487,5625,4235,3071,3020,2735,1710,368,14,2,0,0,0,0,0,2,0,0,0,0,0,0,1,0,0,0,0,2,0,0,0,0,0,0,2,0,1,0,4,5,3,0,1,4,1,2,0,0,1,0,1,2,0,0,7,0,9,6,15,26,92,473,522,674,355,846,463,339,1757,6983,13815,157,0,0
data/elefante-cavalo//Artificial/4-Rebalanced2/original//0/treino/48.png,0,1,0,3,0,0,0,0,10,0,13,0,38,37,181,294,515,1156,710,1199,1223,1132,1066,797,744,640,883,780,489,745,708,704,711,974,744,976,966,1143,1180,1275,1739,1072,2094,2426,2724,2934,3538,2994,3692,3741,3613,3795,4079,3401,3577,3061,2197,1813,1517,1555,1375,2326,2770,929,193,28,1,0,0,0,0,0,0,0,0,0,0,0,26,28,154,413,115,241,185,66,57,26,5,5,8,1,0,0,0,0,0,0,0,0,0,1,0,3,0,0,3,2,3,4,14,6,6,11,9,5,13,10,11,18,14,8,15,137,428,2285,8660,88,0,0,0
data/elefante-cavalo//Artificial/4-Rebalanced2/original//0/treino/49.png,0,1,0,13,0,0,0,0,91,0,96,210,0,242,216,464,263,326,636,748,394,1293,490,1356,818,1120,573,817,517,1012,517,1036,853,1124,900,1499,908,1637,1175,2469,1468,3235,2529,4253,3201,5594,3287,5696,3323,6120,2798,5140,2788,3746,2140,3403,2235,2657,821,898,520,871,534,687,195,48,2,0,0,0,0,0,0,0,0,0,0,18,0,0,0,1,2,8,0,27,2,53,11,41,0,2,0,3,0,4,1,4,1,6,0,1,0,4,0,10,4,31,21,125,17,112,18,166,5,110,14,77,11,397,1194,3738,14,6,2,15,3,23,0,0,0
data/elefante-cavalo//Artificial/4-Rebalanced2/original//0/teste/0.png,0,2,0,6,0,0,0,0,12,0,34,0,48,94,174,246,304,765,357,436,818,962,1095,1108,902,1074,587,513,690,586,608,643,624,831,627,606,892,1016,1162,1339,1758,1334,1405,1697,1700,1796,1819,1938,2520,2632,1833,3188,4019,5758,5735,5648,3814,2304,1930,2244,2153,2730,2694,988,183,42,1,0,0,0,0,0,0,0,0,0,0,0,6,3,9,124,0,21,46,75,108,52,11,11,1,1,4,0,0,1,1,1,0,0,0,0,0,3,6,1,0,0,4,1,7,8,8,9,2,16,64,129,147,136,21,10,10,361,1259,3756,7624,1223,2,0,0
data/elefante-cavalo//Artificial/4-Rebalanced2/original//0/teste/1.png,0,2,0,1,4,8,13,34,54,157,138,294,342,151,284,116,272,162,132,145,122,202,167,227,163,251,263,307,354,388,459,748,653,833,1249,1463,1726,1482,2891,2423,2567,2637,3358,3318,2690,2566,3313,2889,2452,4334,2747,3872,4358,5539,3840,3924,2506,1153,138,58,15,3,2,2,3,3,1,0,0,0,0,0,0,0,0,8,12,0,9,1,2,0,0,0,0,0,0,0,0,0,0,0,0,0,1,0,0,0,3,3,3,5,45,23,16,18,35,120,228,118,277,90,96,778,34,61,224,1269,4220,8162,3900,1577,0,0,0,0,0,0,0,0,0
data/elefante-cavalo//Artificial/4-Rebalanced2/original//0/teste/2.png,0,2,0,3,0,8,0,17,19,0,30,48,62,70,78,160,79,174,174,93,170,239,243,145,264,373,274,330,518,360,555,654,705,516,763,1186,1013,1051,1498,1306,1854,2220,2656,2341,4154,3601,3553,3700,4766,3955,4133,5802,4260,3103,3889,2749,2360,1897,2285,2812,2716,3528,1856,619,108,17,3,0,0,0,0,0,0,0,0,0,0,0,0,1,0,0,0,0,0,0,0,0,0,0,0,0,0,0,0,0,0,0,0,0,1,0,1,0,0,2,5,2,13,7,29,9,34,10,35,63,21,3,22,10,9,4,80,1716,2574,4592,849,97,0,0,0
data/elefante-cavalo//Artificial/4-Rebalanced2/original//0/teste/3.png,0,2,0,4,0,0,0,0,26,0,44,0,82,164,163,308,696,399,660,372,757,832,874,826,831,843,1146,1162,651,938,887,1106,772,988,441,961,1034,1016,1127,1155,1601,1867,1671,2396,2620,3532,3278,4217,3589,4136,3154,3608,3627,3828,4431,4354,4161,3987,3759,3413,3181,2365,1490,715,268,63,8,0,0,0,0,0,0,0,0,0,0,0,0,6,17,0,4,0,1,0,5,2,0,1,5,10,0,9,1,13,0,1,0,1,0,0,1,3,4,11,3,28,17,129,65,167,130,195,93,166,128,136,185,95,48,24,2,2,4,5,3,0,0,0,0
data/elefante-cavalo//Artificial/4-Rebalanced2/original//0/teste/4.png,0,2,0,16,0,0,0,0,47,0,73,112,0,123,124,189,99,111,205,234,116,412,126,411,255,393,275,398,253,588,280,607,523,725,587,1101,664,1315,879,1970,1075,2312,1757,2626,1915,3578,1959,3348,1871,3728,1914,3591,2231,3675,2486,4898,3131,6033,4324,6932,5041,6969,3732,1605,128,60,1,0,0,0,0,0,0,0,0,0,0,0,0,0,0,0,0,0,0,1,0,3,1,2,0,1,0,1,0,2,0,0,0,0,0,11,4,57,2,115,38,50,31,174,21,198,22,163,20,115,10,101,10,111,22,123,19,318,282,1601,496,48,0,0,0
data/elefante-cavalo//Artificial/4-Rebalanced2/original//0/teste/5.png,0,2,0,8,0,0,0,0,81,0,135,0,141,148,151,150,275,142,273,151,329,389,349,273,270,307,417,358,253,343,427,519,469,751,623,933,1119,1220,1445,2008,1691,2225,2310,2128,2032,1574,1847,2070,1638,1869,1714,1795,2072,1892,2280,2822,3478,7291,9560,8543,4756,2087,1051,371,82,15,3,0,0,0,0,0,0,0,15,0,0,0,0,0,0,0,1,0,1,14,5,0,4,1,7,1,0,0,0,0,0,0,0,0,0,1,2,3,1,8,13,5,14,5,4,8,21,22,20,10,49,10,1,48,169,2004,6439,5561,106,38,37,3,0,0,0
data/elefante-cavalo//Artificial/4-Rebalanced2/original//0/teste/6.png,0,2,0,14,0,0,0,0,0,74,115,0,138,181,178,182,149,168,171,345,403,439,237,467,627,1022,904,963,1792,1446,1922,1902,1783,1722,2231,1552,2142,1584,2092,2205,2188,2783,1660,3155,3205,3145,3061,2295,2535,2843,2580,1672,2594,3034,3919,3702,3325,4573,4045,3390,2474,1564,1056,850,510,37,1,0,0,0,0,0,0,0,1,0,1,5,1,0,0,0,0,0,1,1,0,0,1,7,12,8,160,161,114,146,98,72,54,3,4,2,2,3,0,15,1,31,74,53,45,31,44,51,34,10,32,1,31,8,0,11,8,1,9,2,0,591,1018,0,0
data/elefante-cavalo//Artificial/4-Rebalanced2/original//0/teste/7.png,0,2,0,30,0,0,0,0,53,0,103,92,0,131,152,277,134,134,316,283,163,546,246,765,604,1059,747,994,623,1262,629,1210,919,1209,860,1424,939,1475,968,2005,1118,2753,2352,4472,3905,7633,4766,8323,4919,9245,4358,7101,3597,4324,1862,2261,744,830,331,345,152,183,90,147,87,57,5,0,0,0,0,0,0,0,0,0,0,17,0,1,1,0,0,0,0,3,0,6,5,13,10,11,1,25,5,11,5,7,1,15,8,21,6,28,0,37,10,83,25,343,26,240,33,394,29,299,19,146,13,83,3,3,0,0,0,0,0,5,1,0,0
data/elefante-cavalo//Artificial/4-Rebalanced2/original//0/teste/8.png,0,2,0,17,0,0,0,0,54,0,98,140,0,187,421,222,252,306,554,655,669,647,658,706,672,977,645,973,888,871,860,808,1021,643,923,919,1059,1158,1215,1570,1361,1769,2063,2362,2703,3482,2935,3398,3460,3340,3408,3320,3458,4302,4556,4402,4338,4232,3948,4017,3537,2794,1885,837,228,60,8,0,0,0,0,0,0,0,0,0,0,0,11,0,2,0,8,7,9,4,8,0,1,10,0,6,4,8,11,4,16,1,1,4,9,19,146,42,14,22,24,23,30,73,26,71,54,49,25,24,21,51,62,71,62,66,49,36,57,30,30,12,0,0,0
data/elefante-cavalo//Artificial/4-Rebalanced2/original//0/teste/9.png,0,2,0,11,0,0,0,0,56,0,66,0,82,85,82,76,144,75,129,83,154,156,199,221,364,268,444,325,476,454,458,478,625,604,682,910,898,1044,1235,1709,1737,2344,2511,2572,2619,2640,2728,3108,3124,3076,2813,2698,2580,2969,2818,3630,3796,4112,6087,6913,5275,1848,635,173,95,34,4,0,0,0,0,0,0,0,0,0,0,0,0,0,1,0,0,0,0,0,0,0,1,0,1,0,0,1,1,2,2,5,7,11,5,6,20,37,23,52,56,28,58,95,73,169,203,214,131,166,62,46,85,236,450,350,1522,4193,4195,209,55,1,0,0,0
data/elefante-cavalo//Artificial/4-Rebalanced2/original//0/teste/10.png,0,2,0,1,3,3,24,23,43,126,92,206,134,266,155,332,309,319,278,290,241,322,208,235,349,383,403,247,492,557,643,694,840,890,1036,2070,1291,1837,1927,1632,2423,2585,2937,4013,4390,3662,3809,4544,3535,4020,2831,3021,2423,2713,2699,4623,3820,665,142,78,34,29,21,11,5,1,1,0,0,0,0,0,0,3,0,1,0,1,0,6,3,2,0,0,1,0,0,0,0,0,0,0,0,0,0,0,0,0,0,2,1,0,0,0,2,3,2,22,54,21,42,51,51,53,6,3,3,7,557,8255,11197,19,0,0,0,0,0,0,0,0,0
data/elefante-cavalo//Artificial/4-Rebalanced2/original//0/teste/11.png,0,2,0,32,0,0,0,0,90,0,131,0,98,74,69,59,118,53,125,73,172,200,236,280,513,436,528,310,456,339,392,409,579,462,765,834,943,1148,1346,1835,1614,2157,2485,2690,2607,2623,2938,2360,2803,2809,2935,2965,3863,3942,5388,6285,7416,7946,7594,4074,2213,881,290,149,138,66,6,0,0,0,0,0,1,0,4,0,2,4,0,0,0,0,0,1,0,1,3,0,5,11,7,1,3,3,0,0,0,0,0,0,1,3,8,7,9,38,45,107,139,53,73,18,29,65,73,95,103,41,178,264,602,680,1149,80,41,9,0,0,6,0,0
data/elefante-cavalo//Artificial/4-Rebalanced2/original//0/teste/12.png,0,2,0,40,0,0,0,0,82,0,124,0,143,117,174,120,232,126,214,111,237,261,311,337,292,377,569,614,412,617,691,822,569,753,518,624,677,624,661,751,647,810,854,994,1083,975,1265,1763,1902,2924,3988,4592,5376,4703,5122,4971,4104,4450,2713,1742,1411,1031,913,1628,1168,49,2,1,0,0,0,0,4,0,8,0,1,0,1,1,0,1,1,0,0,1,2,1,1,1,1,10,0,2,5,14,3,5,1,2,0,0,5,10,1,7,14,13,17,5,11,48,36,87,162,171,197,148,161,338,594,1080,840,1248,2492,3333,2966,5639,5234,0,0
data/elefante-cavalo//Artificial/4-Rebalanced2/original//0/teste/13.png,0,2,0,23,0,0,0,0,152,0,157,0,187,184,240,214,456,242,414,250,415,358,306,275,272,272,357,396,241,384,390,551,425,606,296,665,714,868,1025,1122,1683,2091,2216,3676,4794,6943,5907,5637,3543,3575,2484,2430,2220,2166,2877,3154,3291,3164,2923,2590,2512,2174,1619,1148,365,36,5,0,0,0,0,0,0,0,0,0,0,1,0,0,1,0,0,0,0,0,0,0,0,0,0,0,0,0,0,0,0,0,0,0,0,1,1,0,6,3,104,277,308,720,716,1220,94,166,44,22,9,9,43,34,10,9,98,286,593,942,2083,2817,7,0,0
data/elefante-cavalo//Artificial/4-Rebalanced2/original//0/teste/14.png,0,2,0,24,0,0,0,0,68,0,99,138,0,136,317,174,211,257,509,494,511,536,496,584,574,867,619,940,963,1071,1154,1244,1849,1558,1926,2431,1901,1784,1882,2596,3078,2906,4243,4785,5917,4751,5297,3751,3563,2490,1664,1223,775,892,717,394,299,226,303,452,469,491,1052,1721,365,23,3,0,0,0,0,0,0,0,0,0,0,0,2,0,0,1,9,5,3,40,0,1,0,7,0,6,7,1,4,8,33,30,38,41,53,12,7,24,16,16,49,61,87,41,69,32,35,21,6,4,6,17,18,5,0,0,4,94,157,15,822,16629,5,0,0
data/elefante-cavalo//Artificial/4-Rebalanced2/original//0/teste/15.png,0,2,0,29,0,0,0,0,48,0,72,0,109,160,223,248,698,437,1011,451,1069,1002,893,974,1438,1078,1674,1223,1799,1816,1946,2013,3051,2754,2984,3953,3433,2588,1940,2053,1612,2073,1976,2094,2253,2463,2539,3116,3382,3550,3639,3458,2942,2975,2253,2112,1650,1176,1085,736,780,881,885,854,398,59,4,0,0,0,0,0,0,0,1,0,3,10,18,8,143,6,92,1,37,23,11,11,51,17,63,9,24,14,22,18,48,38,44,378,197,81,9,14,46,83,72,36,81,31,37,93,47,192,142,149,92,75,79,43,39,51,26,2,3,28,160,594,600,0,0
data/elefante-cavalo//Artificial/4-Rebalanced2/original//0/teste/16.png,0,2,0,34,0,0,0,0,87,0,142,144,0,176,227,469,264,264,435,461,236,694,229,559,313,413,270,420,290,557,307,691,534,774,630,1227,754,1444,1045,2160,1242,2811,1979,3295,2349,4131,2295,3794,2078,3950,1977,3764,2193,3584,2238,4859,4009,3980,1218,1464,790,1109,537,698,342,305,20,0,0,0,0,0,0,0,0,1,0,4,0,3,0,0,1,2,0,107,0,16,0,2,0,3,0,0,0,0,0,0,0,0,0,1,0,3,0,19,6,19,1,38,0,19,1,21,1,39,0,50,108,1872,14444,4262,0,0,0,0,0,0,0,0,0
data/elefante-cavalo//Artificial/4-Rebalanced2/original//0/teste/17.png,0,2,0,41,0,0,0,0,0,101,190,0,219,230,242,212,247,198,216,385,188,317,229,168,121,116,114,159,90,121,115,142,106,153,260,250,412,344,530,675,736,953,1051,1308,1308,764,1256,1495,1372,1236,1980,1821,1680,1131,1783,2379,3302,5459,4833,6225,5405,4303,2629,2371,1217,145,3,1,0,0,0,0,0,2,12,0,8,13,3,0,2,0,0,8,3,3,2,0,0,0,0,0,1,0,0,0,0,0,1,0,1,0,1,2,0,2,2,2,3,0,3,4,8,12,43,54,18,1,17,19,230,1703,1074,1554,1292,2483,3001,9053,12545,82,0
data/elefante-cavalo//Artificial/4-Rebalanced2/original//0/teste/18.png,0,2,0,22,0,0,0,0,36,0,50,0,100,75,85,102,176,93,186,110,247,293,295,385,641,505,789,574,793,842,870,985,1528,1410,1502,2095,2072,2242,2479,3499,3397,4516,4628,4708,5002,5039,5005,5556,4900,4041,3258,2570,1843,1573,983,759,442,302,307,272,357,472,846,1396,858,65,9,0,0,0,0,0,4,0,0,0,1,0,0,0,0,0,0,0,1,0,0,0,5,0,14,1,27,1,1,5,32,55,39,65,16,6,39,29,26,99,57,35,60,53,44,101,85,47,34,16,9,3,0,3,0,0,5,1,36,227,649,3183,5005,0,0
data/elefante-cavalo//Artificial/4-Rebalanced2/original//0/teste/19.png,0,2,0,2,0,0,0,0,3,0,6,0,6,18,40,131,215,749,554,1407,1228,1562,1828,1775,1127,2109,973,1147,950,837,851,791,762,1043,486,896,794,817,1015,1175,1610,1413,2303,2992,3307,2580,3274,4272,3727,4271,3984,4095,3788,4249,3648,3652,1812,2167,1758,1538,964,1048,1298,1756,935,109,10,0,0,0,0,0,0,0,0,0,0,0,0,1,1,48,26,142,17,62,91,54,31,64,5,7,4,3,7,5,2,21,3,28,4,8,22,76,16,6,42,98,226,80,34,41,61,133,143,302,139,143,198,652,27,11,4,4,1,61,125,2782,386,0,0
data/elefante-cavalo//Artificial/4-Rebalanced2/original//0/teste/20.png,0,2,0,6,0,0,0,0,29,0,47,97,0,121,203,568,363,442,787,785,407,1235,421,1143,676,822,402,595,347,665,359,673,460,695,513,981,598,1180,827,1892,1104,2773,2464,4109,3245,5829,3599,6226,3458,5960,2581,4551,2683,3864,2180,3833,2038,3392,2106,3363,2446,2373,984,745,81,20,1,0,0,0,0,0,0,0,0,0,0,0,1,28,5,21,32,17,0,59,11,33,6,20,6,3,0,0,0,0,0,0,0,0,0,0,0,1,0,3,7,29,20,95,26,262,107,261,50,214,44,118,1,154,24,222,68,364,440,658,275,272,0,0,0
data/elefante-cavalo//Artificial/4-Rebalanced2/original//0/teste/21.png,0,2,0,22,0,0,0,0,58,0,117,0,175,234,221,246,434,269,447,202,416,354,352,292,295,284,432,438,248,423,413,515,382,553,385,469,500,524,577,727,656,916,974,1210,1459,1388,2324,3483,3628,5158,5014,4356,4171,3210,3186,2941,2001,1462,928,835,905,941,1186,1185,592,19,1,0,0,0,0,0,1,0,3,0,4,15,1,1,16,7,8,0,2,1,2,0,5,0,1,1,1,4,1,1,0,1,0,0,1,8,1,3,0,1,0,2,4,1,8,35,65,254,232,94,90,88,96,544,1034,1533,1725,2550,3657,4308,4864,7520,4377,0,0
data/elefante-cavalo//Artificial/4-Rebalanced2/original//0/teste/22.png,0,2,0,10,0,0,0,0,28,0,59,0,90,110,158,162,447,229,508,252,556,622,617,616,945,627,1003,731,1112,1127,1276,1305,1874,1597,2345,2442,2653,2788,2891,4017,3155,4072,3881,3919,3677,3667,4263,3322,3866,3670,3369,2966,3186,2404,2532,2289,2073,1907,1869,1121,865,619,459,668,645,128,8,0,0,0,0,0,0,0,0,0,0,0,0,0,3,0,0,0,5,4,0,2,2,0,2,0,0,0,0,0,2,1,10,14,3,0,0,0,0,0,1,2,2,3,2,2,6,2,5,6,1,0,0,3,3,4,28,36,58,64,1,29,201,0,0
data/elefante-cavalo//Artificial/4-Rebalanced2/original//0/teste/23.png,0,2,0,53,0,0,0,0,62,0,76,0,80,93,116,105,205,84,152,109,175,172,168,217,358,285,463,366,543,564,632,645,816,615,624,807,840,856,891,1290,1241,1809,1948,2096,2314,2367,2302,2692,2710,2569,2414,2364,2264,2724,2531,3213,3726,4228,5617,6882,8685,5590,1487,212,72,35,5,0,0,0,0,0,0,0,0,0,0,0,0,0,1,0,0,0,0,0,0,0,0,1,2,0,3,0,2,0,2,1,0,2,2,1,2,6,22,29,49,36,58,34,19,28,55,58,31,18,13,19,28,60,57,92,240,1223,2635,6855,60,0,1,0,0
data/elefante-cavalo//Artificial/4-Rebalanced2/original//0/teste/24.png,0,2,0,59,0,0,0,0,92,0,80,0,97,85,85,92,171,71,128,75,106,102,99,96,116,107,129,159,105,201,203,368,282,408,356,531,682,801,924,1312,1181,1582,1626,1311,1234,831,916,989,925,1278,1515,1818,2774,3171,4635,6492,6034,5359,3758,2261,798,205,41,10,6,0,1,0,0,0,0,0,0,0,0,0,0,0,0,0,0,0,0,0,0,0,0,0,0,0,0,0,0,0,0,1,0,0,0,0,4,1,0,17,2,53,105,18,19,9,10,6,7,49,242,411,1069,1794,3272,9126,15240,7144,742,89,1,0,0,0,0,0,0
data/elefante-cavalo//Artificial/4-Rebalanced2/original//0/teste/25.png,0,2,0,56,0,0,0,0,98,0,94,0,113,139,98,137,152,122,336,242,497,729,620,647,743,706,726,1195,831,1311,1481,1588,1707,1583,1881,1427,1671,1259,1740,1926,2103,2895,3331,2144,3274,3196,2994,3402,2778,2232,3140,2883,2596,2433,2882,2200,2660,3426,3830,4299,3682,2925,1355,621,776,401,1,1,0,0,0,0,3,0,7,0,0,1,0,2,0,0,2,6,8,34,5,0,10,4,3,15,6,9,7,8,29,21,22,7,16,3,3,10,15,51,82,9,68,58,45,54,22,14,82,113,56,67,149,51,54,163,133,138,104,169,22,17,1238,774,0
data/elefante-cavalo//Artificial/4-Rebalanced2/original//0/teste/26.png,0,2,0,29,0,0,0,0,80,0,133,0,181,193,181,122,312,117,374,131,388,332,347,299,390,214,310,207,294,256,271,240,293,258,278,439,491,623,778,1403,1572,2597,3317,3808,3770,3657,3293,3380,2867,2533,2609,2691,2718,3219,2588,2945,3340,3994,5899,6219,5141,4454,4173,1563,133,7,1,0,0,0,0,0,1,0,5,0,16,18,0,0,17,0,2,0,1,2,0,5,5,0,5,0,1,0,0,0,0,0,0,1,0,0,0,6,3,24,56,50,34,20,21,42,39,32,62,116,70,178,41,35,50,105,653,2628,393,229,744,142,0,0,0
data/elefante-cavalo//Artificial/4-Rebalanced2/original//0/teste/27.png,0,2,0,29,0,0,0,0,110,0,147,212,0,235,453,231,188,244,444,452,400,386,366,324,269,437,288,523,579,731,835,995,1450,1367,2045,2198,2527,2547,2791,3598,3062,3598,3409,3153,3282,3795,3161,3814,3743,3634,3552,3560,3240,3494,3167,2739,2455,2202,1981,1726,1457,1210,1005,863,664,258,18,0,0,0,0,0,0,0,1,4,0,5,32,0,0,0,5,8,0,0,1,0,1,0,0,2,5,2,6,10,27,10,39,49,86,76,85,192,125,150,110,58,63,115,51,28,15,11,10,100,263,458,288,122,10,13,10,3,3,3,0,6,0,0,0
data/elefante-cavalo//Artificial/4-Rebalanced2/original//0/teste/28.png,0,2,0,27,0,0,0,0,69,0,124,222,0,223,531,319,331,295,668,685,699,772,674,765,1242,912,1382,1277,1060,1091,952,918,1225,955,1261,1182,1163,1115,1121,1428,1604,1234,1694,1662,2168,2421,2582,2666,2570,2571,2775,3180,4327,4386,5654,5672,5612,5467,3657,3303,2647,1937,1140,549,162,35,2,0,0,0,0,0,0,0,5,5,0,3,16,1,1,0,3,1,5,6,1,8,25,37,110,25,3,10,6,2,5,6,19,19,10,3,2,3,7,3,8,16,21,21,30,52,17,28,17,16,51,47,110,127,137,241,167,107,108,82,118,68,0,0,0
data/elefante-cavalo//Artificial/4-Rebalanced2/original//0/teste/29.png,0,2,0,16,0,0,0,0,64,0,86,0,125,101,96,82,154,84,159,65,188,197,258,233,362,271,430,353,584,659,766,839,1363,1259,1483,2187,2460,2934,3055,4253,3798,5258,5685,5801,5946,5619,5176,5509,4521,3726,3010,2324,1827,1652,1129,990,773,618,519,395,505,560,1026,1275,615,55,7,0,0,0,0,0,7,0,0,0,1,0,0,0,0,0,0,0,0,0,0,0,0,0,0,0,1,0,0,0,2,8,1,13,13,14,6,15,2,11,13,13,11,4,20,40,12,4,6,0,0,2,0,0,14,45,69,68,178,272,998,1914,1042,0,0
data/elefante-cavalo//Artificial/4-Rebalanced2/original//0/teste/30.png,0,2,0,25,0,0,0,0,111,0,116,0,196,229,211,246,493,247,508,239,453,449,410,430,661,536,858,578,954,856,827,860,1095,813,900,1309,1422,1571,1849,2550,2251,3096,3300,3496,4000,4160,4409,5614,5389,5384,4994,4896,5254,5877,3923,3025,1945,1274,822,441,356,323,457,213,13,4,2,0,0,0,0,0,1,0,0,0,0,3,0,0,10,0,3,0,0,0,0,1,1,1,1,0,5,1,2,4,6,0,1,8,3,1,5,33,15,29,26,23,44,17,41,112,99,148,56,41,45,128,24,11,11,17,1,0,3,16,375,12,0,0,0
data/elefante-cavalo//Artificial/4-Rebalanced2/original//0/teste/31.png,0,2,0,62,0,0,0,0,93,0,203,0,262,514,669,620,563,495,854,392,688,623,540,484,490,414,565,370,366,521,530,564,572,831,626,631,1028,1038,1222,1255,1708,968,1680,1334,1683,1685,2059,1406,1774,2245,2300,2357,2680,1947,4175,4343,5886,5750,4646,3262,2258,2605,2835,2138,363,33,3,0,0,0,0,0,0,0,9,0,4,78,146,103,33,8,38,3,0,1,1,0,0,0,1,0,0,0,0,0,0,3,0,0,0,0,0,0,1,0,0,0,1,1,1,0,1,20,10,11,0,0,6,25,155,316,601,929,1196,2680,6128,3586,0,0,0
data/elefante-cavalo//Artificial/4-Rebalanced2/original//0/teste/32.png,0,2,0,65,0,0,0,0,90,0,244,0,336,303,554,488,1038,439,890,397,716,691,705,592,544,499,532,380,222,298,235,324,213,263,167,316,385,471,573,731,1124,1621,1797,3121,4257,5720,5437,6639,5724,5770,3677,3418,2489,1689,1322,940,883,857,906,1007,2644,2873,1272,466,282,36,2,0,0,0,0,0,0,0,4,0,27,6,29,1,16,1,1,0,0,0,1,0,2,2,1,0,0,0,0,0,0,0,0,1,0,0,11,1,27,59,159,411,687,790,155,246,112,120,36,138,114,33,59,44,57,43,60,81,3905,8935,1547,357,351,0,0
data/elefante-cavalo//Artificial/4-Rebalanced2/original//0/teste/33.png,0,2,0,35,0,0,0,0,71,0,83,132,0,179,383,246,207,306,662,948,1018,1105,1239,1337,1115,1359,821,1092,1069,1131,1193,1215,1545,1302,1892,2028,2297,2672,3027,4097,3459,4016,3216,2394,1726,1899,1554,1734,1686,1669,1741,1762,1797,2091,2421,2931,3216,3447,3056,2602,2147,1861,1555,1324,596,18,2,0,0,0,0,0,0,0,0,4,0,7,20,3,0,1,3,36,99,124,92,121,58,36,2,13,4,24,24,21,9,0,25,24,16,38,65,167,152,242,198,94,5,42,31,137,84,85,31,78,38,58,131,149,456,576,663,315,207,525,662,425,158,0,0
data/elefante-cavalo//Artificial/4-Rebalanced2/original//0/teste/34.png,0,2,0,1,0,0,0,0,4,0,8,0,15,33,71,145,548,508,840,402,678,567,437,355,322,294,364,374,256,352,440,640,521,776,620,916,1057,1153,1275,1736,1561,2153,2390,2733,3146,2735,3682,4694,3736,4216,3806,3377,3446,2539,1761,1206,807,798,563,487,490,1152,1682,512,40,5,1,0,0,0,0,0,0,0,0,0,0,0,1,5,127,38,111,3,35,38,1,0,1,0,0,0,0,0,0,0,0,1,0,0,0,0,3,7,4,38,77,56,60,32,63,107,65,132,151,293,496,568,568,540,402,733,727,788,1291,2752,18443,121,0,0,0
data/elefante-cavalo//Artificial/4-Rebalanced2/original//0/teste/35.png,0,2,0,146,0,0,0,0,91,0,237,0,298,416,546,591,1354,818,1496,900,1465,1412,1212,872,1113,514,647,375,480,428,403,392,476,383,422,557,517,558,545,689,571,866,1040,1217,1349,1490,1593,1783,1709,1695,1543,1405,1074,1280,1155,1312,1296,1764,3116,3258,3253,3731,4284,3602,1392,53,10,0,0,0,0,0,0,0,1,0,1,22,9,9,159,17,135,68,135,152,44,16,50,2,4,0,2,3,0,0,0,0,1,1,0,0,0,1,1,1,2,1,5,13,18,10,15,6,10,8,3,24,40,115,53,226,1739,1124,2412,5526,5029,9662,4235,0,0
data/elefante-cavalo//Artificial/4-Rebalanced2/original//0/teste/36.png,0,2,0,33,0,0,0,0,82,0,89,0,111,112,140,97,260,125,259,140,253,246,263,284,419,291,454,339,610,758,859,913,1262,1053,1447,1595,1728,1975,2134,2730,2457,3280,3286,3249,3158,3256,3971,3723,4750,5030,5153,5190,5449,4025,3967,3132,2461,2043,1682,1215,1314,1435,1372,594,304,76,3,1,0,0,0,0,1,0,0,0,0,0,0,0,2,0,1,0,1,1,0,0,2,0,0,0,4,6,10,5,11,6,8,14,9,14,12,40,34,75,106,46,23,19,41,59,105,111,75,63,141,27,26,11,5,3,5,3,9,70,327,27,109,0,0
data/elefante-cavalo//Artificial/4-Rebalanced2/original//0/teste/37.png,0,2,0,65,0,0,0,0,83,0,107,114,0,108,186,80,70,57,86,102,80,96,108,138,115,159,131,191,216,243,287,332,567,467,656,753,872,924,1144,1552,1565,2114,2369,2622,2898,4100,4019,5221,5456,5671,5711,5279,4632,4375,3203,2417,2283,2226,2233,2765,3099,3215,3272,2571,1178,136,9,1,0,0,0,0,0,0,0,1,0,0,1,0,0,0,0,0,0,0,0,0,0,0,0,0,0,0,0,0,1,0,1,0,0,0,1,2,11,8,26,32,58,272,330,423,285,172,122,137,155,231,254,108,58,16,2,51,176,58,176,258,149,0,0
data/elefante-cavalo//Artificial/4-Rebalanced2/original//0/teste/38.png,0,2,0,35,0,0,0,0,57,0,89,109,0,114,120,204,101,85,239,226,129,370,133,412,313,384,231,418,282,577,321,583,444,613,441,758,548,1022,702,1669,979,2261,1678,2706,1945,3525,2029,3418,1702,2606,1003,1584,832,1283,697,1299,798,1651,1829,3555,3238,4217,5705,6314,655,229,5,0,0,0,0,0,0,0,0,1,0,2,0,0,0,0,1,1,0,5,0,2,1,2,0,2,0,15,0,1,0,2,0,2,0,2,0,14,0,25,6,33,4,77,2,80,8,66,0,3,0,4,0,20,152,597,1902,6793,2070,3559,5569,7809,0,0,0
data/elefante-cavalo//Artificial/4-Rebalanced2/original//0/teste/39.png,0,2,0,11,0,0,0,0,34,0,117,0,195,249,227,276,474,193,427,231,566,601,535,518,607,337,390,232,270,237,219,268,365,336,509,659,732,872,963,1424,1301,1922,2238,2598,3124,3375,4565,3979,4714,4789,4634,3952,3779,2644,2552,2277,2201,1886,1572,773,531,608,1348,2592,1512,40,1,0,0,0,0,0,2,0,6,0,33,54,5,6,70,1,9,1,7,32,7,0,7,0,0,0,0,0,0,0,0,0,0,0,0,0,0,0,0,6,3,6,55,30,109,66,69,71,120,52,99,14,11,3,6,23,35,6,52,759,3369,9848,4671,0,0
data/elefante-cavalo//Artificial/4-Rebalanced2/original//0/teste/40.png,0,2,0,26,0,0,0,0,67,0,103,109,0,160,132,244,100,91,211,217,112,226,75,148,98,130,100,161,113,249,146,302,227,359,304,650,426,858,601,1320,771,1745,1436,2548,2044,3780,2453,4328,2647,5641,3150,7100,5402,8881,5489,7605,3235,4079,2250,2882,1961,3271,2070,2170,299,74,5,0,0,0,0,0,0,0,2,1,0,9,0,18,0,0,4,1,0,3,0,0,0,0,0,0,0,0,0,0,0,0,0,0,0,0,0,5,0,1,1,25,5,62,2,57,6,138,7,391,115,702,202,650,41,61,1,7,1,79,26,299,1,0,0
data/elefante-cavalo//Artificial/4-Rebalanced2/original//0/teste/41.png,0,2,0,69,0,0,0,0,68,0,101,111,0,137,239,126,115,101,251,242,267,290,316,341,368,523,352,519,519,593,711,733,938,780,1225,1710,1582,1593,1777,2308,2165,1660,1959,1994,2665,2396,3113,2830,4048,5029,5662,6424,4837,4558,3071,1825,2284,2028,1909,1722,1317,1320,1572,2103,613,52,2,0,0,0,0,0,0,0,2,1,0,4,1,0,0,0,0,3,0,0,3,1,2,11,0,3,3,0,7,7,7,2,13,45,12,6,10,35,18,2,19,16,23,14,21,7,99,148,175,243,85,192,85,7,42,64,101,234,125,551,740,6948,4,0,0
data/elefante-cavalo//Artificial/4-Rebalanced2/original//0/teste/42.png,0,2,0,52,0,0,0,0,78,0,148,138,0,76,91,138,80,73,156,194,88,363,140,481,362,561,403,592,449,913,637,1252,1078,1221,681,799,422,629,412,755,421,847,681,1247,914,1724,1022,1742,1004,1780,795,1313,650,819,424,741,443,841,652,1352,2101,3848,5431,6709,709,214,7,0,0,0,0,0,1,0,26,9,0,0,0,0,0,0,0,0,0,2,0,4,2,1,3,4,2,3,6,63,39,67,20,37,1,16,1,8,0,9,1,8,4,13,0,5,2,37,2,15,0,2,1,4,16,224,359,1449,2771,7169,4506,29463,36,0,0
data/elefante-cavalo//Artificial/4-Rebalanced2/original//0/teste/43.png,0,2,0,36,0,0,0,0,61,0,144,226,0,198,551,290,367,399,728,846,897,1101,1013,1133,1190,1150,580,842,766,648,615,546,747,575,805,1187,1137,1360,1577,2426,3113,3090,4791,5731,8007,7469,7586,5131,4843,3576,2730,2407,1636,1715,1442,1057,1284,990,1008,930,820,582,476,282,121,20,3,1,0,0,0,0,1,0,13,11,0,4,15,8,1,3,10,14,13,30,60,57,147,42,1,18,16,10,0,0,0,0,0,1,0,0,1,1,48,10,69,63,613,731,783,140,244,88,22,8,2,4,6,1,0,0,3,1,1,3,5,0,0,0,0
data/elefante-cavalo//Artificial/4-Rebalanced2/original//0/teste/44.png,0,2,0,41,0,0,0,0,100,0,171,0,220,234,254,225,504,285,593,264,662,653,862,1069,1490,984,1382,928,1312,1235,1037,1042,1214,921,1248,1231,1217,1190,1162,1464,1207,1417,1331,1239,1275,1351,1605,1504,1768,1920,1938,1832,1865,1681,1907,2106,2260,2627,3675,4096,5613,6421,4730,1314,217,40,2,0,0,0,0,0,1,0,5,0,0,0,0,0,3,0,5,0,16,6,34,94,87,12,43,15,16,35,10,17,35,8,47,26,18,13,2,14,24,14,17,2,0,9,5,11,34,91,179,97,42,22,70,47,71,241,677,879,2254,4057,6122,636,6,0,0
data/elefante-cavalo//Artificial/4-Rebalanced2/original//0/teste/45.png,0,2,0,20,0,0,0,0,99,0,150,154,0,134,127,349,188,208,458,545,293,814,277,768,441,593,387,614,423,837,451,956,766,1162,922,1469,873,1545,947,2063,1120,2492,1867,2970,2250,4256,2447,4373,2373,4614,2385,4633,2991,5341,3552,6560,3443,5467,3162,4130,2403,3301,1329,877,100,44,5,0,0,0,0,0,3,0,12,3,0,0,0,1,0,0,0,1,0,2,0,8,0,0,0,0,0,2,0,3,1,5,4,17,0,6,1,7,0,18,3,24,2,56,4,49,4,52,5,47,3,42,9,151,13,60,7,35,9,83,14,20,0,0,0
data/elefante-cavalo//Artificial/4-Rebalanced2/original//0/teste/46.png,0,2,0,33,0,90,0,93,157,183,276,316,301,759,282,730,315,649,684,714,696,624,667,925,498,727,646,426,623,601,793,682,647,944,1093,954,1293,1496,1491,1988,1685,2228,1379,2901,2530,1988,3238,3309,2331,3561,3008,3693,4553,3309,4609,3677,3672,4031,3155,3056,2772,1474,1557,1189,1438,285,7,0,0,0,0,0,0,0,3,4,1,51,0,21,1,3,1,10,8,5,4,11,0,1,1,0,0,0,2,0,0,0,0,0,0,0,0,1,0,0,0,2,0,0,0,1,1,6,4,7,17,10,55,5,12,44,27,61,72,6,8,332,3471,4,0
data/elefante-cavalo//Artificial/4-Rebalanced2/original//0/teste/47.png,0,2,0,2,0,25,0,46,119,128,162,231,457,262,312,866,1083,1210,1221,1186,1139,1238,1977,1315,1450,2040,1943,1952,1895,2405,1219,2291,2121,1439,1851,1645,1617,1579,1839,1048,1748,1825,2237,1507,1914,2395,1805,2877,3145,2996,3805,3947,3261,3109,2739,3335,1868,2368,2322,1420,1619,1256,921,376,132,22,1,0,0,0,0,0,1,0,0,2,11,0,0,13,28,13,23,7,5,4,20,1,5,6,8,13,7,16,0,15,24,3,10,8,18,12,51,5,45,41,108,17,25,105,26,228,128,45,151,233,109,136,110,94,12,41,30,3,9,2,12,2,0,0,0
data/elefante-cavalo//Artificial/4-Rebalanced2/original//0/teste/48.png,0,2,0,8,0,0,0,0,23,0,41,0,58,91,101,137,407,227,549,278,623,715,678,743,1177,887,1428,997,1634,1842,2095,2204,3146,2388,3166,2901,2879,2768,2626,3145,2241,2463,2262,2054,2019,1916,1985,1455,1853,2024,2345,2700,3137,2736,3013,2789,2628,2471,2717,2238,2520,2583,2253,1316,357,52,5,0,0,0,0,0,0,0,1,0,0,8,0,2,3,0,17,0,1,5,1,0,3,2,13,4,11,4,18,8,53,18,43,40,66,40,39,50,20,72,89,42,25,21,70,12,43,38,126,202,254,99,178,77,82,43,79,27,46,55,46,14,0,0,0
data/elefante-cavalo//Artificial/4-Rebalanced2/original//0/teste/49.png,0,2,0,102,0,0,0,0,126,0,112,0,158,100,98,99,162,72,163,86,179,175,143,159,122,115,172,161,108,167,159,233,195,298,261,354,433,561,660,943,875,1319,1583,1675,1998,1735,2402,3227,2986,4057,4623,5189,6611,5936,6869,7304,6289,7729,5639,4038,3218,2219,1679,1041,365,65,6,0,0,0,0,0,1,0,5,0,7,0,0,0,0,0,0,0,0,1,0,0,0,0,0,0,0,0,0,0,0,1,0,0,0,2,0,2,0,10,7,10,8,0,3,18,2,13,14,23,78,19,18,40,26,140,61,27,26,21,39,91,38,0,0
data/elefante-cavalo//Artificial/4-Rebalanced2/original//1/treino/0.png,1,1,0,60,0,0,0,0,91,0,127,0,192,203,277,300,651,322,696,371,804,745,741,666,654,668,1042,1002,755,1197,1297,2044,1827,2859,2526,3906,4715,5500,6211,8435,6450,7035,5723,4300,3053,1848,1672,1571,998,1045,901,743,721,562,589,570,486,633,572,611,830,1093,1224,1547,1348,321,11,0,0,0,0,0,0,0,0,0,0,0,1,4,2,0,1,0,1,1,0,0,0,0,2,0,0,0,2,3,3,25,4,26,39,20,60,159,51,102,81,18,19,1,2,1,0,0,0,0,0,0,0,1,0,1,1,0,0,5,5,40,282,0,0
data/elefante-cavalo//Artificial/4-Rebalanced2/original//1/treino/1.png,1,1,0,50,0,0,0,0,298,0,390,0,538,747,846,1011,2069,1117,2200,1193,2358,2118,1980,1756,1645,1547,2299,2234,1503,2486,2817,4356,3562,4775,3626,4645,4668,4397,4068,4567,3142,3335,2765,2174,1787,1228,1266,1180,714,718,517,418,375,328,381,368,329,496,479,552,665,689,672,716,517,138,6,0,0,0,0,0,0,0,1,0,2,9,4,6,102,1,12,2,43,22,17,5,3,1,1,3,0,1,9,62,29,39,4,25,11,8,4,4,1,4,0,0,0,0,0,0,0,0,0,0,0,1,2,0,0,5,0,0,2,2,3,13,20,0,0
data/elefante-cavalo//Artificial/4-Rebalanced2/original//1/treino/2.png,1,1,0,1,1,1,4,1,1,12,19,38,119,195,234,248,397,309,371,344,353,537,549,341,547,538,537,558,546,380,575,799,708,1080,838,1142,1240,1431,1781,2016,1331,4033,4200,4780,6469,5469,7445,6158,8045,7785,4312,6374,5780,3115,1716,837,516,142,69,32,11,5,6,4,8,6,1,0,0,0,0,0,0,0,0,0,8,10,5,2,1,0,3,0,0,4,1,0,0,0,0,0,1,0,0,0,3,9,1,5,10,16,26,13,2,88,50,54,86,22,77,41,94,96,5,54,63,10,2,1,1,0,0,0,0,0,0,0,0,0,0
data/elefante-cavalo//Artificial/4-Rebalanced2/original//1/treino/3.png,1,1,0,22,0,0,0,0,72,0,83,164,0,186,169,330,220,246,516,566,318,961,320,1046,728,1102,753,1139,721,1648,916,1991,1687,2670,2197,4552,3310,6564,4799,9816,5203,8885,5116,5673,2682,2988,1237,1672,769,1276,583,921,448,670,371,661,389,652,468,771,624,1206,972,1772,526,76,3,0,0,0,0,0,2,0,0,1,0,4,1,0,0,0,1,0,0,5,0,5,0,0,1,1,0,0,0,1,1,2,4,60,9,174,40,462,50,339,40,170,10,20,1,0,0,1,0,0,0,0,0,1,0,1,0,5,0,12,3,444,7,0,0
data/elefante-cavalo//Artificial/4-Rebalanced2/original//1/treino/4.png,1,1,0,50,0,0,0,0,97,0,108,114,0,124,143,332,156,181,357,420,244,744,265,814,604,1007,748,1194,876,2040,1147,2565,2279,3420,2861,5593,3802,6787,4247,9033,4688,8994,5407,6428,3313,3950,1573,1902,867,1155,443,737,311,578,278,548,319,582,403,703,441,749,431,628,238,91,3,0,0,0,0,0,0,0,0,0,0,0,0,1,0,0,0,0,0,7,0,6,0,0,0,1,0,1,0,0,1,0,0,18,5,13,0,28,2,28,8,34,5,2,1,2,0,1,0,0,0,0,0,0,0,0,0,2,0,9,3,10,4,0,0
data/elefante-cavalo//Artificial/4-Rebalanced2/original//1/treino/5.png,1,1,0,29,0,0,0,0,120,0,153,271,0,474,536,1831,1055,1317,2992,3188,1709,5043,1639,4736,3140,4198,2577,3824,2278,4109,1817,3382,2485,3370,2613,4407,2711,4269,2502,4451,1875,3053,1606,1753,902,1314,632,965,553,981,433,674,349,481,263,462,236,498,317,546,343,635,430,777,329,55,1,0,0,0,0,0,0,0,0,0,0,2,0,60,19,6,57,27,6,74,0,31,3,17,2,19,1,9,1,4,0,1,0,3,0,4,3,22,0,25,4,4,1,2,0,0,0,3,0,3,0,2,0,3,0,3,0,5,1,8,2,135,43,0,0
data/elefante-cavalo//Artificial/4-Rebalanced2/original//1/treino/generated/6.png,1,1,1,2,0,0,0,0,1,0,2,1,0,6,12,15,14,16,25,37,41,64,67,82,162,199,381,425,440,527,527,550,717,526,643,661,724,733,757,1051,1244,1135,1598,1836,2744,3792,5338,6497,7480,7797,8403,8565,9404,6917,6214,4210,2362,1407,558,299,123,72,32,22,14,11,6,0,0,0,0,0,0,0,0,0,0,0,0,0,0,0,0,0,0,0,0,0,0,6,23,0,2,1,1,0,0,0,0,1,1,0,0,0,8,9,9,12,49,40,83,100,79,42,67,65,140,26,37,11,2,2,0,0,0,0,0,0,0,0,0
data/elefante-cavalo//Artificial/4-Rebalanced2/original//1/treino/generated/7.png,1,1,1,1061,0,0,0,0,632,0,667,774,0,939,2039,1281,1158,1207,2300,2381,2207,2083,1925,1724,2452,1644,2491,2529,2623,2956,3290,3325,4417,3187,4209,3869,3593,3320,3079,3239,3030,2079,2222,1879,1839,1593,1269,1065,929,807,715,659,632,534,590,584,507,672,534,629,617,647,593,465,277,156,64,0,0,0,0,0,0,0,1,0,0,1,16,6,1,1,9,10,2,8,3,0,1,0,1,1,0,2,8,6,14,3,6,3,5,1,0,0,2,0,0,1,0,0,0,0,0,0,0,0,0,0,0,1,0,0,0,1,0,1,0,1,0,0,0
data/elefante-cavalo//Artificial/4-Rebalanced2/original//1/treino/generated/8.png,1,1,1,33,0,0,0,0,18,0,21,18,0,24,52,28,39,43,70,88,97,113,138,129,263,262,434,462,492,523,538,498,681,453,641,666,713,707,780,1122,1300,1153,1721,2034,3103,4129,5479,6306,6919,7212,7726,7655,8582,6349,6133,4521,3007,1970,1002,625,359,168,100,42,37,23,35,0,0,0,0,0,0,0,0,0,0,0,0,0,0,0,0,0,0,0,0,0,1,3,17,1,1,4,1,0,2,0,0,0,0,0,0,0,3,2,6,10,23,24,55,44,44,28,38,33,77,12,23,9,6,1,0,0,0,0,0,0,0,0,0
data/elefante-cavalo//Artificial/4-Rebalanced2/original//1/treino/generated/9.png,1,1,1,2305,0,0,0,0,482,0,482,521,0,479,988,493,464,422,833,843,772,796,739,749,1168,807,1315,1377,1441,1677,1670,1892,2776,2380,3435,3972,4258,4708,4875,5968,5593,3670,4183,3397,3125,2372,1856,1525,1218,1026,799,749,820,597,700,692,647,775,664,780,936,1137,1346,1513,1240,787,821,97,0,0,0,0,0,0,0,0,0,0,2,0,0,0,0,0,0,0,0,0,0,0,0,0,0,0,1,0,2,1,1,5,2,6,8,28,17,1,7,0,5,1,0,0,0,0,0,0,0,0,0,0,0,0,0,0,0,0,2,49,5,0,9
data/elefante-cavalo//Artificial/4-Rebalanced2/original//1/treino/generated/10.png,1,1,1,2343,0,0,0,0,916,0,1053,1229,0,1299,2852,1501,1575,1604,3204,3073,2935,2956,2671,2618,3710,2306,3171,3014,2669,2500,2333,2282,2846,2006,2654,2619,2540,2471,2410,2842,2532,1870,2014,1723,1755,1529,1331,1119,973,836,766,629,645,484,477,461,431,479,444,482,472,542,628,595,331,193,219,22,0,0,0,0,0,0,0,0,0,3,6,3,3,0,7,6,7,1,0,1,4,0,0,1,0,0,0,0,0,0,0,0,0,0,0,1,0,1,0,0,0,0,0,0,0,0,0,0,0,0,0,0,0,0,0,0,0,2,8,65,0,0,1
data/elefante-cavalo//Artificial/4-Rebalanced2/original//1/treino/generated/11.png,1,1,1,2343,0,0,0,0,916,0,1053,1229,0,1299,2852,1501,1575,1604,3204,3073,2935,2956,2671,2618,3710,2306,3171,3014,2669,2500,2333,2282,2846,2006,2654,2619,2540,2471,2410,2842,2532,1870,2014,1723,1755,1529,1331,1119,973,836,766,629,645,484,477,461,431,479,444,482,472,542,628,595,331,193,219,22,0,0,0,0,0,0,0,0,0,3,6,3,3,0,7,6,7,1,0,1,4,0,0,1,0,0,0,0,0,0,0,0,0,0,0,1,0,1,0,0,0,0,0,0,0,0,0,0,0,0,0,0,0,0,0,0,0,2,8,65,0,0,1
data/elefante-cavalo//Artificial/4-Rebalanced2/original//1/treino/generated/12.png,1,1,1,1061,0,0,0,0,632,0,667,774,0,939,2039,1281,1158,1207,2300,2381,2207,2083,1925,1724,2452,1644,2491,2529,2623,2956,3290,3325,4417,3187,4209,3869,3593,3320,3079,3239,3030,2079,2222,1879,1839,1593,1269,1065,929,807,715,659,632,534,590,584,507,672,534,629,617,647,593,465,277,156,64,0,0,0,0,0,0,0,1,0,0,1,16,6,1,1,9,10,2,8,3,0,1,0,1,1,0,2,8,6,14,3,6,3,5,1,0,0,2,0,0,1,0,0,0,0,0,0,0,0,0,0,0,1,0,0,0,1,0,1,0,1,0,0,0
data/elefante-cavalo//Artificial/4-Rebalanced2/original//1/treino/generated/13.png,1,1,1,2073,0,0,0,0,478,0,464,407,0,485,1000,459,504,434,809,779,756,745,701,712,1075,746,1195,1174,1310,1366,1512,1528,2305,1897,3013,3499,4053,4699,5018,6514,6315,4458,5026,4020,3618,2656,1888,1508,1245,1036,891,801,811,635,725,607,635,685,603,794,797,928,1235,1445,1098,823,926,90,0,0,0,0,0,0,0,0,0,1,1,0,0,0,0,0,0,1,0,0,0,0,2,0,1,0,0,0,0,1,3,6,8,5,23,41,42,9,23,13,3,2,0,0,0,0,0,0,0,0,0,0,0,1,0,0,1,0,10,75,6,1,16
data/elefante-cavalo//Artificial/4-Rebalanced2/original//1/treino/generated/14.png,1,1,1,1218,0,0,0,0,603,0,735,913,0,1071,2462,1467,1452,1566,3242,3194,3190,3019,2906,2784,3943,2540,3350,3231,2920,2567,2470,2367,2985,2191,2801,2760,2775,2572,2545,3036,2629,1894,1998,1781,1732,1525,1205,1050,906,819,720,539,567,470,468,407,413,450,410,521,482,536,593,599,314,140,121,2,0,0,0,0,0,0,0,0,0,1,4,3,1,1,14,6,9,0,1,2,1,1,2,4,1,1,0,0,0,0,0,0,0,0,0,2,0,0,1,0,0,0,1,0,0,0,0,0,0,0,0,0,0,0,0,1,1,0,9,70,1,0,0
data/elefante-cavalo//Artificial/4-Rebalanced2/original//1/treino/generated/15.png,1,1,1,2668,0,0,0,0,971,0,1104,1235,0,1362,2880,1550,1537,1595,3036,3007,2922,2866,2623,2556,3587,2251,3075,2892,2658,2433,2327,2228,2778,1992,2553,2628,2452,2387,2369,2851,2560,1898,2062,1748,1846,1536,1375,1181,1006,888,785,668,660,512,558,416,462,469,403,498,478,472,575,659,509,293,304,29,0,0,0,0,0,0,0,1,0,0,6,4,2,1,6,4,5,0,0,1,3,0,1,1,0,1,1,1,0,0,0,0,0,0,0,2,0,0,0,1,0,0,0,0,0,0,1,0,0,0,0,0,1,0,0,1,0,0,3,14,13,1,6
data/elefante-cavalo//Artificial/4-Rebalanced2/original//1/treino/generated/16.png,1,1,1,1978,0,0,0,0,320,0,337,316,0,346,669,345,318,357,673,634,693,741,749,774,1295,892,1498,1593,1777,1831,1985,2107,2950,2503,3574,3744,4043,4237,4218,5426,5360,4115,4794,4369,4435,3593,2773,2242,1781,1389,1129,992,918,713,741,673,556,638,517,565,589,522,490,431,362,286,357,37,0,0,0,0,0,0,0,0,0,0,0,0,0,0,0,0,0,0,0,2,0,0,0,0,0,0,0,0,0,0,1,0,0,0,0,3,1,3,1,0,1,0,0,0,0,0,0,0,0,0,0,1,0,0,0,0,0,0,0,0,0,0,1
data/elefante-cavalo//Artificial/4-Rebalanced2/original//1/treino/generated/17.png,1,1,1,2073,0,0,0,0,478,0,464,407,0,485,1000,459,504,434,809,779,756,745,701,712,1075,746,1195,1174,1310,1366,1512,1528,2305,1897,3013,3499,4053,4699,5018,6514,6315,4458,5026,4020,3618,2656,1888,1508,1245,1036,891,801,811,635,725,607,635,685,603,794,797,928,1235,1445,1098,823,926,90,0,0,0,0,0,0,0,0,0,1,1,0,0,0,0,0,0,1,0,0,0,0,2,0,1,0,0,0,0,1,3,6,8,5,23,41,42,9,23,13,3,2,0,0,0,0,0,0,0,0,0,0,0,1,0,0,1,0,10,75,6,1,16
data/elefante-cavalo//Artificial/4-Rebalanced2/original//1/treino/generated/18.png,1,1,1,915,0,0,0,0,357,0,367,417,0,445,897,395,424,450,867,779,789,736,708,700,1169,733,1168,1184,1204,1370,1469,1593,2214,1965,2985,3687,4344,5063,5531,7352,6968,4866,5294,4078,3486,2336,1802,1322,1121,1018,825,739,781,545,644,612,584,681,663,801,839,1097,1473,1391,747,483,395,3,0,0,0,0,0,0,1,1,0,1,2,0,0,0,0,0,0,0,0,0,0,0,0,0,0,0,0,0,1,0,6,14,10,18,36,76,62,25,34,22,12,1,1,0,0,0,0,0,0,0,0,0,0,0,0,1,1,0,19,88,1,0,0
data/elefante-cavalo//Artificial/4-Rebalanced2/original//1/treino/generated/19.png,1,1,1,2668,0,0,0,0,971,0,1104,1235,0,1362,2880,1550,1537,1595,3036,3007,2922,2866,2623,2556,3587,2251,3075,2892,2658,2433,2327,2228,2778,1992,2553,2628,2452,2387,2369,2851,2560,1898,2062,1748,1846,1536,1375,1181,1006,888,785,668,660,512,558,416,462,469,403,498,478,472,575,659,509,293,304,29,0,0,0,0,0,0,0,1,0,0,6,4,2,1,6,4,5,0,0,1,3,0,1,1,0,1,1,1,0,0,0,0,0,0,0,2,0,0,0,1,0,0,0,0,0,0,1,0,0,0,0,0,1,0,0,1,0,0,3,14,13,1,6
data/elefante-cavalo//Artificial/4-Rebalanced2/original//1/treino/generated/20.png,1,1,1,481,0,0,0,0,258,0,294,338,0,370,778,406,391,374,868,817,717,771,697,722,1092,770,1155,1235,1210,1303,1442,1561,2331,1946,2976,3709,4433,5220,5794,7598,7411,5069,5478,4175,3441,2321,1732,1311,1116,927,834,727,661,559,629,549,582,680,636,783,907,1129,1476,1328,670,356,182,0,0,0,0,0,1,0,0,0,0,1,1,0,0,0,0,0,1,0,0,0,0,0,0,0,0,0,0,0,0,0,4,23,12,33,46,98,82,30,42,26,17,1,1,0,0,0,0,0,0,0,0,0,0,0,0,1,1,1,30,125,1,0,0
data/elefante-cavalo//Artificial/4-Rebalanced2/original//1/treino/generated/21.png,1,1,1,915,0,0,0,0,357,0,367,417,0,445,897,395,424,450,867,779,789,736,708,700,1169,733,1168,1184,1204,1370,1469,1593,2214,1965,2985,3687,4344,5063,5531,7352,6968,4866,5294,4078,3486,2336,1802,1322,1121,1018,825,739,781,545,644,612,584,681,663,801,839,1097,1473,1391,747,483,395,3,0,0,0,0,0,0,1,1,0,1,2,0,0,0,0,0,0,0,0,0,0,0,0,0,0,0,0,0,1,0,6,14,10,18,36,76,62,25,34,22,12,1,1,0,0,0,0,0,0,0,0,0,0,0,0,1,1,0,19,88,1,0,0
data/elefante-cavalo//Artificial/4-Rebalanced2/original//1/treino/generated/22.png,1,1,1,1545,0,0,0,0,768,0,776,829,0,1004,2235,1272,1154,1196,2362,2332,2150,2047,1844,1781,2486,1669,2453,2579,2652,2898,3187,3135,4256,3167,3936,3708,3495,3232,2852,3117,2873,2097,2159,1885,1841,1626,1275,1165,959,873,757,695,721,540,665,610,563,667,547,647,592,636,602,476,306,189,145,2,0,0,0,0,0,0,0,0,0,1,12,5,1,0,7,7,3,4,1,0,0,0,1,1,0,2,4,3,8,0,5,2,1,0,0,0,1,0,0,0,0,0,0,0,0,0,0,0,0,0,0,1,0,0,0,1,0,1,1,1,0,0,0
data/elefante-cavalo//Artificial/4-Rebalanced2/original//1/treino/generated/23.png,1,1,1,33,0,0,0,0,18,0,21,18,0,24,52,28,39,43,70,88,97,113,138,129,263,262,434,462,492,523,538,498,681,453,641,666,713,707,780,1122,1300,1153,1721,2034,3103,4129,5479,6306,6919,7212,7726,7655,8582,6349,6133,4521,3007,1970,1002,625,359,168,100,42,37,23,35,0,0,0,0,0,0,0,0,0,0,0,0,0,0,0,0,0,0,0,0,0,1,3,17,1,1,4,1,0,2,0,0,0,0,0,0,0,3,2,6,10,23,24,55,44,44,28,38,33,77,12,23,9,6,1,0,0,0,0,0,0,0,0,0
data/elefante-cavalo//Artificial/4-Rebalanced2/original//1/treino/generated/24.png,1,1,1,1184,0,0,0,0,397,0,396,433,0,441,876,454,465,430,835,798,808,832,776,745,1184,798,1255,1304,1426,1531,1604,1848,2853,2350,3701,4213,4598,5278,5504,6758,6066,4013,4402,3349,3013,2184,1690,1305,1108,856,796,706,729,598,631,681,617,746,692,904,1064,1234,1468,1475,848,473,349,1,0,0,0,0,0,0,0,0,0,0,4,0,0,0,0,0,0,0,0,0,0,0,0,0,0,0,0,1,2,1,5,4,6,16,15,42,27,5,3,2,2,0,0,0,0,0,0,0,0,0,0,0,0,0,0,0,0,1,12,83,0,0,0
data/elefante-cavalo//Artificial/4-Rebalanced2/original//1/treino/generated/25.png,1,1,1,1447,0,0,0,0,444,0,458,416,0,459,955,444,466,453,873,815,761,702,706,736,1111,771,1144,1187,1242,1444,1464,1580,2279,1919,3078,3577,4314,4934,5197,7055,6551,4694,5127,3996,3493,2416,1760,1447,1152,984,846,784,807,627,648,635,589,689,650,813,851,1004,1422,1436,860,579,625,22,0,0,0,0,0,0,1,0,0,1,0,0,0,0,0,0,0,0,0,0,0,0,1,0,0,0,0,0,1,1,3,11,8,11,32,63,46,10,39,24,11,0,0,0,0,0,0,0,0,0,0,0,0,0,0,0,1,1,18,82,1,0,0
data/elefante-cavalo//Artificial/4-Rebalanced2/original//1/treino/generated/26.png,1,1,1,2722,0,0,0,0,947,0,963,957,0,1182,2335,1229,1126,1214,2317,2177,2035,1968,1774,1660,2490,1615,2371,2438,2673,2726,2907,2907,3991,2889,3655,3516,3378,2980,2771,3054,2749,1963,2232,1926,1944,1625,1446,1168,1034,940,862,755,793,608,688,662,628,673,529,615,598,607,578,488,393,343,376,50,0,0,0,0,0,0,1,2,0,1,13,0,0,6,4,0,1,0,0,0,1,0,0,0,0,5,2,1,4,0,4,3,1,0,1,1,1,0,0,0,0,0,0,0,0,0,0,0,1,0,0,0,0,0,0,0,0,0,0,1,0,0,10
data/elefante-cavalo//Artificial/4-Rebalanced2/original//1/treino/generated/27.png,1,1,1,2343,0,0,0,0,916,0,1053,1229,0,1299,2852,1501,1575,1604,3204,3073,2935,2956,2671,2618,3710,2306,3171,3014,2669,2500,2333,2282,2846,2006,2654,2619,2540,2471,2410,2842,2532,1870,2014,1723,1755,1529,1331,1119,973,836,766,629,645,484,477,461,431,479,444,482,472,542,628,595,331,193,219,22,0,0,0,0,0,0,0,0,0,3,6,3,3,0,7,6,7,1,0,1,4,0,0,1,0,0,0,0,0,0,0,0,0,0,0,1,0,1,0,0,0,0,0,0,0,0,0,0,0,0,0,0,0,0,0,0,0,2,8,65,0,0,1
data/elefante-cavalo//Artificial/4-Rebalanced2/original//1/treino/generated/28.png,1,1,1,1545,0,0,0,0,768,0,776,829,0,1004,2235,1272,1154,1196,2362,2332,2150,2047,1844,1781,2486,1669,2453,2579,2652,2898,3187,3135,4256,3167,3936,3708,3495,3232,2852,3117,2873,2097,2159,1885,1841,1626,1275,1165,959,873,757,695,721,540,665,610,563,667,547,647,592,636,602,476,306,189,145,2,0,0,0,0,0,0,0,0,0,1,12,5,1,0,7,7,3,4,1,0,0,0,1,1,0,2,4,3,8,0,5,2,1,0,0,0,1,0,0,0,0,0,0,0,0,0,0,0,0,0,0,1,0,0,0,1,0,1,1,1,0,0,0
data/elefante-cavalo//Artificial/4-Rebalanced2/original//1/treino/generated/29.png,1,1,1,1846,0,0,0,0,484,0,465,435,0,468,1000,458,482,446,882,784,766,730,734,692,1124,784,1186,1176,1333,1460,1478,1608,2359,1962,3210,3623,4380,4917,5194,6743,6327,4570,4912,3816,3353,2371,1773,1423,1189,973,865,759,828,631,672,640,600,687,681,790,890,1012,1471,1353,819,608,715,63,0,0,0,0,0,0,0,0,0,1,0,0,0,0,0,0,0,0,0,0,0,0,1,0,0,0,0,0,0,1,3,5,11,12,26,58,42,10,24,14,9,1,0,0,0,0,0,0,0,0,0,0,0,1,0,0,0,1,38,43,1,0,2
data/elefante-cavalo//Artificial/4-Rebalanced2/original//1/treino/generated/30.png,1,1,1,1218,0,0,0,0,603,0,735,913,0,1071,2462,1467,1452,1566,3242,3194,3190,3019,2906,2784,3943,2540,3350,3231,2920,2567,2470,2367,2985,2191,2801,2760,2775,2572,2545,3036,2629,1894,1998,1781,1732,1525,1205,1050,906,819,720,539,567,470,468,407,413,450,410,521,482,536,593,599,314,140,121,2,0,0,0,0,0,0,0,0,0,1,4,3,1,1,14,6,9,0,1,2,1,1,2,4,1,1,0,0,0,0,0,0,0,0,0,2,0,0,1,0,0,0,1,0,0,0,0,0,0,0,0,0,0,0,0,1,1,0,9,70,1,0,0
data/elefante-cavalo//Artificial/4-Rebalanced2/original//1/treino/generated/31.png,1,1,1,984,0,0,0,0,268,0,260,268,0,265,538,279,272,282,532,622,639,623,654,739,1149,888,1370,1528,1606,1840,1994,2140,3129,2576,3815,4118,4438,4722,4750,6167,6055,4623,5303,4648,4494,3321,2557,1962,1503,1204,912,811,800,572,652,542,508,597,513,588,580,531,503,407,327,177,132,0,0,0,0,0,0,0,0,0,0,0,0,0,0,0,0,0,0,0,0,0,0,0,0,0,0,0,0,0,0,0,1,4,2,2,0,5,1,2,2,2,2,1,0,0,0,0,0,0,0,0,2,0,0,0,0,0,0,0,1,0,0,0,0
data/elefante-cavalo//Artificial/4-Rebalanced2/original//1/treino/generated/32.png,1,1,1,1978,0,0,0,0,320,0,337,316,0,346,669,345,318,357,673,634,693,741,749,774,1295,892,1498,1593,1777,1831,1985,2107,2950,2503,3574,3744,4043,4237,4218,5426,5360,4115,4794,4369,4435,3593,2773,2242,1781,1389,1129,992,918,713,741,673,556,638,517,565,589,522,490,431,362,286,357,37,0,0,0,0,0,0,0,0,0,0,0,0,0,0,0,0,0,0,0,2,0,0,0,0,0,0,0,0,0,0,1,0,0,0,0,3,1,3,1,0,1,0,0,0,0,0,0,0,0,0,0,1,0,0,0,0,0,0,0,0,0,0,1
data/elefante-cavalo//Artificial/4-Rebalanced2/original//1/treino/generated/33.png,1,1,1,83,0,0,0,0,26,0,18,35,0,45,69,49,58,42,112,126,126,152,146,180,336,260,492,476,484,513,469,493,627,449,623,664,681,666,755,1139,1306,1157,1741,2058,3117,4080,5275,5964,6471,6780,7170,7333,8193,6441,6273,4908,3497,2510,1257,857,507,287,151,96,28,41,48,0,0,0,0,0,0,0,0,0,0,0,0,0,0,0,0,0,0,0,0,0,3,0,15,1,2,0,0,0,0,0,0,0,0,0,0,0,4,0,5,6,15,10,48,34,43,21,19,29,55,15,19,11,3,0,1,0,0,0,0,0,0,0,5
data/elefante-cavalo//Artificial/4-Rebalanced2/original//1/treino/generated/34.png,1,1,1,33,0,0,0,0,18,0,21,18,0,24,52,28,39,43,70,88,97,113,138,129,263,262,434,462,492,523,538,498,681,453,641,666,713,707,780,1122,1300,1153,1721,2034,3103,4129,5479,6306,6919,7212,7726,7655,8582,6349,6133,4521,3007,1970,1002,625,359,168,100,42,37,23,35,0,0,0,0,0,0,0,0,0,0,0,0,0,0,0,0,0,0,0,0,0,1,3,17,1,1,4,1,0,2,0,0,0,0,0,0,0,3,2,6,10,23,24,55,44,44,28,38,33,77,12,23,9,6,1,0,0,0,0,0,0,0,0,0
data/elefante-cavalo//Artificial/4-Rebalanced2/original//1/treino/generated/35.png,1,1,1,11,0,0,0,0,9,0,3,10,0,15,39,20,20,25,51,56,84,72,100,95,235,233,393,447,484,493,569,523,682,507,650,656,713,712,769,1087,1262,1173,1648,1899,2937,3956,5478,6373,7188,7599,8095,8103,8943,6615,6170,4316,2773,1662,804,468,217,120,61,32,24,22,13,0,0,0,0,0,0,0,0,0,0,0,0,0,0,0,0,0,0,0,0,0,0,4,19,1,1,1,0,0,1,0,0,0,0,0,0,1,2,4,9,10,32,26,65,77,54,30,42,49,105,18,25,11,2,1,0,0,0,0,0,0,0,0,0
data/elefante-cavalo//Artificial/4-Rebalanced2/original//1/treino/generated/36.png,1,1,1,2111,0,0,0,0,816,0,858,1002,0,1057,2317,1235,1188,1189,2331,2247,2117,2052,1795,1798,2469,1667,2411,2533,2697,2856,3045,3009,4138,3032,3755,3645,3433,3025,2822,3019,2797,1972,2236,1906,1874,1605,1351,1162,1005,897,810,724,761,595,657,662,578,677,566,613,609,629,575,486,346,237,232,12,0,0,0,0,0,0,1,0,0,1,14,1,0,0,5,4,1,2,1,0,0,0,0,0,1,4,5,3,7,0,1,3,3,0,0,2,1,0,0,0,0,0,0,0,0,0,0,0,0,0,0,0,0,0,0,0,0,0,0,1,0,0,0
data/elefante-cavalo//Artificial/4-Rebalanced2/original//1/treino/generated/37.png,1,1,1,738,0,0,0,0,407,0,543,735,0,921,2153,1425,1338,1556,3303,3260,3275,3107,3005,2885,4149,2602,3500,3344,3038,2621,2569,2422,3057,2339,2920,2898,2898,2708,2701,3106,2737,1928,2007,1712,1721,1387,1101,996,871,775,675,495,550,428,424,401,411,428,409,521,458,550,605,571,250,105,80,0,0,0,0,0,0,0,0,0,0,1,3,4,5,0,19,13,8,3,3,0,2,0,1,5,0,1,0,0,0,0,0,0,0,0,0,2,1,2,0,1,1,0,1,0,0,0,1,0,0,0,0,0,1,0,1,2,0,2,16,86,0,0,0
data/elefante-cavalo//Artificial/4-Rebalanced2/original//1/treino/generated/38.png,1,1,1,33,0,0,0,0,18,0,21,18,0,24,52,28,39,43,70,88,97,113,138,129,263,262,434,462,492,523,538,498,681,453,641,666,713,707,780,1122,1300,1153,1721,2034,3103,4129,5479,6306,6919,7212,7726,7655,8582,6349,6133,4521,3007,1970,1002,625,359,168,100,42,37,23,35,0,0,0,0,0,0,0,0,0,0,0,0,0,0,0,0,0,0,0,0,0,1,3,17,1,1,4,1,0,2,0,0,0,0,0,0,0,3,2,6,10,23,24,55,44,44,28,38,33,77,12,23,9,6,1,0,0,0,0,0,0,0,0,0
data/elefante-cavalo//Artificial/4-Rebalanced2/original//1/treino/generated/39.png,1,1,1,2266,0,0,0,0,371,0,320,374,0,376,673,362,362,358,667,707,721,733,766,866,1325,892,1556,1605,1828,1836,1972,2157,2968,2473,3610,3727,3915,4180,4135,5276,5239,4060,4629,4260,4318,3494,2796,2235,1775,1428,1141,1019,939,721,763,654,585,647,533,546,575,531,478,419,360,287,407,70,0,0,0,0,0,0,0,0,0,0,0,0,0,0,0,0,0,0,0,2,0,0,0,0,0,0,0,0,0,0,0,0,0,0,0,2,3,2,4,0,1,0,0,0,0,0,0,0,0,0,0,0,0,0,0,0,0,0,0,0,0,0,4
data/elefante-cavalo//Artificial/4-Rebalanced2/original//1/treino/generated/40.png,1,1,1,2073,0,0,0,0,478,0,464,407,0,485,1000,459,504,434,809,779,756,745,701,712,1075,746,1195,1174,1310,1366,1512,1528,2305,1897,3013,3499,4053,4699,5018,6514,6315,4458,5026,4020,3618,2656,1888,1508,1245,1036,891,801,811,635,725,607,635,685,603,794,797,928,1235,1445,1098,823,926,90,0,0,0,0,0,0,0,0,0,1,1,0,0,0,0,0,0,1,0,0,0,0,2,0,1,0,0,0,0,1,3,6,8,5,23,41,42,9,23,13,3,2,0,0,0,0,0,0,0,0,0,0,0,1,0,0,1,0,10,75,6,1,16
data/elefante-cavalo//Artificial/4-Rebalanced2/original//1/treino/generated/41.png,1,1,1,746,0,0,0,0,275,0,346,381,0,359,830,420,405,445,821,789,790,815,774,747,1146,762,1244,1241,1430,1463,1603,1820,2798,2359,3662,4286,4875,5493,5799,7193,6322,4378,4380,3444,2981,2133,1638,1254,1003,874,782,640,743,562,637,587,602,766,683,932,1087,1294,1480,1434,722,358,156,0,0,0,0,0,0,0,0,0,0,0,4,0,0,0,0,0,0,0,0,0,0,0,0,0,0,0,0,3,5,2,10,4,7,16,21,57,48,8,5,9,6,0,1,0,0,0,0,0,0,0,0,0,0,0,0,0,0,0,19,90,0,0,0
data/elefante-cavalo//Artificial/4-Rebalanced2/original//1/treino/generated/42.png,1,1,1,1061,0,0,0,0,632,0,667,774,0,939,2039,1281,1158,1207,2300,2381,2207,2083,1925,1724,2452,1644,2491,2529,2623,2956,3290,3325,4417,3187,4209,3869,3593,3320,3079,3239,3030,2079,2222,1879,1839,1593,1269,1065,929,807,715,659,632,534,590,584,507,672,534,629,617,647,593,465,277,156,64,0,0,0,0,0,0,0,1,0,0,1,16,6,1,1,9,10,2,8,3,0,1,0,1,1,0,2,8,6,14,3,6,3,5,1,0,0,2,0,0,1,0,0,0,0,0,0,0,0,0,0,0,1,0,0,0,1,0,1,0,1,0,0,0
data/elefante-cavalo//Artificial/4-Rebalanced2/original//1/treino/generated/43.png,1,1,1,1545,0,0,0,0,768,0,776,829,0,1004,2235,1272,1154,1196,2362,2332,2150,2047,1844,1781,2486,1669,2453,2579,2652,2898,3187,3135,4256,3167,3936,3708,3495,3232,2852,3117,2873,2097,2159,1885,1841,1626,1275,1165,959,873,757,695,721,540,665,610,563,667,547,647,592,636,602,476,306,189,145,2,0,0,0,0,0,0,0,0,0,1,12,5,1,0,7,7,3,4,1,0,0,0,1,1,0,2,4,3,8,0,5,2,1,0,0,0,1,0,0,0,0,0,0,0,0,0,0,0,0,0,0,1,0,0,0,1,0,1,1,1,0,0,0
data/elefante-cavalo//Artificial/4-Rebalanced2/original//1/treino/generated/44.png,1,1,1,2266,0,0,0,0,371,0,320,374,0,376,673,362,362,358,667,707,721,733,766,866,1325,892,1556,1605,1828,1836,1972,2157,2968,2473,3610,3727,3915,4180,4135,5276,5239,4060,4629,4260,4318,3494,2796,2235,1775,1428,1141,1019,939,721,763,654,585,647,533,546,575,531,478,419,360,287,407,70,0,0,0,0,0,0,0,0,0,0,0,0,0,0,0,0,0,0,0,2,0,0,0,0,0,0,0,0,0,0,0,0,0,0,0,2,3,2,4,0,1,0,0,0,0,0,0,0,0,0,0,0,0,0,0,0,0,0,0,0,0,0,4
data/elefante-cavalo//Artificial/4-Rebalanced2/original//1/treino/generated/45.png,1,1,1,915,0,0,0,0,357,0,367,417,0,445,897,395,424,450,867,779,789,736,708,700,1169,733,1168,1184,1204,1370,1469,1593,2214,1965,2985,3687,4344,5063,5531,7352,6968,4866,5294,4078,3486,2336,1802,1322,1121,1018,825,739,781,545,644,612,584,681,663,801,839,1097,1473,1391,747,483,395,3,0,0,0,0,0,0,1,1,0,1,2,0,0,0,0,0,0,0,0,0,0,0,0,0,0,0,0,0,1,0,6,14,10,18,36,76,62,25,34,22,12,1,1,0,0,0,0,0,0,0,0,0,0,0,0,1,1,0,19,88,1,0,0
data/elefante-cavalo//Artificial/4-Rebalanced2/original//1/treino/generated/46.png,1,1,1,1506,0,0,0,0,300,0,285,305,0,301,578,352,304,313,614,646,616,713,755,710,1279,865,1400,1566,1753,1869,1994,2094,3054,2515,3731,3915,4216,4440,4445,5749,5690,4313,4997,4536,4445,3488,2652,2149,1669,1262,1096,845,896,641,721,607,549,614,495,581,607,507,494,431,338,231,241,3,0,0,0,0,0,0,0,0,0,0,0,0,0,0,0,0,0,0,0,0,0,0,0,0,0,0,0,0,0,0,0,2,2,1,0,5,1,3,2,1,0,1,1,0,0,0,0,0,0,0,1,0,0,0,0,0,0,0,1,0,2,0,0
data/elefante-cavalo//Artificial/4-Rebalanced2/original//1/treino/generated/47.png,1,1,1,1506,0,0,0,0,300,0,285,305,0,301,578,352,304,313,614,646,616,713,755,710,1279,865,1400,1566,1753,1869,1994,2094,3054,2515,3731,3915,4216,4440,4445,5749,5690,4313,4997,4536,4445,3488,2652,2149,1669,1262,1096,845,896,641,721,607,549,614,495,581,607,507,494,431,338,231,241,3,0,0,0,0,0,0,0,0,0,0,0,0,0,0,0,0,0,0,0,0,0,0,0,0,0,0,0,0,0,0,0,2,2,1,0,5,1,3,2,1,0,1,1,0,0,0,0,0,0,0,1,0,0,0,0,0,0,0,1,0,2,0,0
data/elefante-cavalo//Artificial/4-Rebalanced2/original//1/treino/generated/48.png,1,1,1,1740,0,0,0,0,458,0,445,434,0,475,983,458,457,458,847,798,810,797,763,782,1198,814,1288,1387,1418,1556,1698,1876,2892,2350,3621,4073,4512,5030,5201,6359,5739,3849,4307,3263,3043,2271,1696,1402,1168,931,764,739,780,587,709,618,715,735,655,882,1031,1229,1427,1491,987,591,531,22,0,0,0,0,0,0,0,0,0,0,3,0,0,0,0,0,0,0,0,0,0,0,0,0,0,0,1,0,2,0,3,2,3,6,8,26,24,3,7,2,4,0,0,0,0,0,0,0,0,0,0,0,0,0,0,0,0,0,9,60,1,0,0
data/elefante-cavalo//Artificial/4-Rebalanced2/original//1/treino/generated/49.png,1,1,1,33,0,0,0,0,18,0,21,18,0,24,52,28,39,43,70,88,97,113,138,129,263,262,434,462,492,523,538,498,681,453,641,666,713,707,780,1122,1300,1153,1721,2034,3103,4129,5479,6306,6919,7212,7726,7655,8582,6349,6133,4521,3007,1970,1002,625,359,168,100,42,37,23,35,0,0,0,0,0,0,0,0,0,0,0,0,0,0,0,0,0,0,0,0,0,1,3,17,1,1,4,1,0,2,0,0,0,0,0,0,0,3,2,6,10,23,24,55,44,44,28,38,33,77,12,23,9,6,1,0,0,0,0,0,0,0,0,0
data/elefante-cavalo//Artificial/4-Rebalanced2/original//1/teste/0.png,1,2,0,4,0,0,0,0,13,0,26,62,0,81,229,150,209,197,455,486,511,472,501,501,485,712,547,810,818,925,939,1103,1691,1417,2264,2787,3565,4664,5727,9184,8091,8764,7195,5167,3270,2522,1447,1331,1190,1032,987,851,693,678,629,568,547,498,439,509,568,848,2089,3649,1253,84,8,0,0,0,0,0,0,0,0,0,0,0,0,0,0,0,0,3,0,0,0,1,0,0,0,0,0,0,0,0,0,0,0,0,3,5,6,109,105,80,115,114,5,3,10,2,6,0,1,0,0,0,0,0,2,0,0,5,0,3,49,1223,12,0,0
data/elefante-cavalo//Artificial/4-Rebalanced2/original//1/teste/1.png,1,2,0,2,3,1,5,5,13,13,20,57,87,178,354,440,524,829,598,684,1354,1146,1863,1884,1974,1337,2013,2169,2229,3263,2633,1721,3566,3729,2947,4096,4352,4480,3430,4759,4817,5008,6052,4503,3053,4328,2759,2644,1913,1381,599,828,418,295,113,103,43,29,39,22,28,38,57,44,34,8,2,0,0,0,0,0,0,0,0,0,0,2,13,10,9,13,1,1,3,2,5,1,8,1,0,1,4,14,8,2,14,7,3,8,17,10,2,12,20,16,39,17,9,42,14,19,27,2,0,9,1,0,0,0,0,0,0,0,0,1,0,1,0,0,0
data/elefante-cavalo//Artificial/4-Rebalanced2/original//1/teste/2.png,1,2,0,4,0,0,0,0,29,0,52,0,94,114,166,236,575,366,940,442,1068,1059,1223,1431,1522,1695,2733,2640,1555,2248,2042,2616,1951,2749,1389,2879,2960,3192,3819,4760,6860,6502,4281,4189,3194,2922,2065,2131,1572,1596,1271,1361,1209,1121,1113,973,878,818,672,591,620,478,425,454,458,187,12,0,0,0,0,0,1,0,0,0,0,0,1,0,11,9,21,0,14,6,6,10,14,19,34,27,4,7,2,9,1,16,0,21,24,12,41,97,530,405,55,123,26,3,0,1,0,1,0,1,2,0,2,0,0,1,1,1,2,1,3,17,213,7,0
data/elefante-cavalo//Artificial/4-Rebalanced2/original//1/teste/3.png,1,2,0,1,0,0,0,0,0,2,0,0,6,4,14,34,86,237,785,491,2017,2215,3878,2609,2321,2849,2295,1863,1099,1588,1465,1328,1275,1194,1609,1163,1731,912,1915,2184,2547,2147,3385,3720,4143,5494,3362,4289,5214,3827,3628,2932,3304,2643,2458,1008,1368,1114,599,268,203,116,38,7,3,3,2,0,0,0,0,0,0,0,0,0,0,0,0,0,1,19,95,5,210,77,424,79,58,121,34,18,2,3,5,4,6,3,3,0,1,0,2,0,2,2,7,8,5,23,0,2,13,5,10,2,22,6,16,1,13,5,0,0,0,0,0,0,0,0,0
data/elefante-cavalo//Artificial/4-Rebalanced2/original//1/teste/4.png,1,2,0,53,0,0,0,0,132,0,153,0,121,158,210,221,449,204,463,240,536,598,614,771,1214,957,1607,1089,1842,2031,2188,2335,3223,2689,3889,4410,4693,5074,5380,7130,5713,6792,6222,5055,3930,2721,2407,1315,1096,708,573,430,415,350,419,414,478,551,614,536,611,592,531,568,356,62,1,0,0,0,0,0,0,0,0,0,0,0,0,0,1,0,0,0,0,0,0,0,0,0,2,0,0,1,0,0,0,0,2,5,2,2,4,40,7,15,15,6,6,6,5,1,0,0,0,0,0,0,2,0,1,1,2,0,1,2,4,11,26,0,0
data/elefante-cavalo//Artificial/4-Rebalanced2/original//1/teste/5.png,1,2,0,36,0,0,0,0,184,0,252,0,387,1027,1194,1788,3219,1571,3162,1739,3420,3109,2686,2279,1815,1737,2444,2298,1535,2336,2609,3830,2909,4205,3296,4576,4623,4275,3944,3977,2417,2221,1698,1281,914,614,700,700,513,526,521,465,487,394,412,396,348,447,405,514,665,654,602,645,560,202,15,0,0,0,0,0,0,0,0,0,4,555,207,413,654,17,104,20,194,134,37,9,8,2,24,8,0,2,2,15,3,6,1,4,4,1,4,4,0,0,1,1,0,0,1,0,2,1,1,6,3,0,3,1,0,1,0,1,5,3,5,7,48,0,0
data/elefante-cavalo//Artificial/4-Rebalanced2/original//1/teste/6.png,1,2,0,2,4,9,3,15,6,35,13,50,63,112,130,180,217,254,436,309,305,417,388,272,436,492,473,498,589,563,644,965,897,1339,802,1911,2436,2246,3466,4034,4557,6511,5711,6123,7615,6259,7542,5787,6047,4912,3754,2731,1851,1282,1019,443,340,151,84,39,17,10,8,16,8,0,1,0,0,0,0,0,0,0,0,0,0,0,0,0,0,0,1,2,0,1,0,0,0,0,0,0,0,0,0,0,0,4,0,0,4,0,10,13,3,33,50,59,142,53,46,20,7,12,4,3,2,0,4,1,0,0,0,0,0,0,0,1,0,0,0
data/elefante-cavalo//Artificial/4-Rebalanced2/original//1/teste/7.png,1,2,0,9,0,0,0,0,35,0,66,131,0,197,580,352,356,455,1031,1131,1308,1572,1638,1814,1959,2983,2057,3209,3328,3357,3691,3729,5557,4370,5926,5821,5663,5418,4864,5280,3485,3317,2445,1705,1326,1086,715,631,460,393,361,283,304,279,276,237,234,260,231,305,288,298,356,472,367,34,2,0,0,0,0,0,0,0,0,0,0,0,4,0,0,0,1,4,0,0,0,7,18,3,0,6,1,1,1,0,6,6,5,13,16,20,14,31,6,10,1,0,1,1,0,1,0,0,0,0,2,1,0,0,0,3,1,0,3,2,4,28,46,0,0
data/elefante-cavalo//Artificial/4-Rebalanced2/original//1/teste/8.png,1,2,0,23,0,0,0,0,63,0,133,0,139,126,131,128,263,142,286,132,328,356,340,390,643,430,719,425,704,783,719,789,1078,848,915,1350,1518,1638,1861,2685,2473,3733,5062,7346,10509,11841,9135,6407,3816,2711,2080,1654,1377,1265,883,879,716,565,523,378,399,472,599,716,566,109,4,0,0,0,0,0,0,0,8,0,1,0,0,0,0,0,0,0,0,0,0,0,1,0,2,0,0,0,1,0,0,0,0,0,1,0,1,2,3,11,28,149,470,713,341,87,38,8,1,0,0,2,0,2,0,0,0,2,1,3,1,35,89,0,0
data/elefante-cavalo//Artificial/4-Rebalanced2/original//1/teste/9.png,1,2,0,2,4,3,9,16,31,23,59,68,108,144,183,230,313,102,324,296,242,235,375,398,403,262,480,550,813,434,706,1032,941,912,1334,1118,1252,1729,1932,2219,1848,2721,3680,3211,2576,5126,4829,7404,5359,8824,8395,8118,3404,4559,3646,1647,746,589,368,167,56,70,68,52,6,5,2,0,0,0,0,0,0,0,0,0,0,0,0,1,3,0,1,0,0,0,0,0,0,0,0,0,1,0,0,0,2,1,3,4,6,4,9,9,10,30,50,16,13,114,56,184,30,258,255,299,22,79,63,12,2,4,5,0,0,0,0,0,0,0,0
data/elefante-cavalo//Artificial/4-Rebalanced2/original//1/teste/10.png,1,2,0,1,1,3,8,1,15,8,35,20,53,87,120,177,236,242,302,300,283,409,315,472,528,357,540,582,659,716,774,789,1160,994,1163,2466,2692,3297,3156,4878,5175,5235,6645,5682,5908,7549,6110,7248,5412,5625,3913,2065,1150,620,343,176,62,39,22,11,11,16,10,6,10,4,2,0,0,0,0,0,0,0,0,0,0,0,1,2,0,0,0,0,0,1,0,1,0,0,0,1,1,7,13,4,10,7,9,41,40,74,52,159,168,75,109,41,39,102,65,97,80,101,101,10,4,1,0,0,0,0,0,0,0,0,0,0,0,0,0
data/elefante-cavalo//Artificial/4-Rebalanced2/original//1/teste/11.png,1,2,0,25,0,0,0,0,84,0,141,0,190,219,200,208,454,256,563,301,761,806,897,1062,1630,1165,1732,1189,1792,1840,1993,2108,2871,2289,3169,3488,3476,3355,3508,4484,3615,4806,4767,4716,4282,3784,3973,2670,2643,2139,1658,1388,1443,996,1128,845,666,516,567,496,550,677,819,983,514,40,5,0,0,0,0,0,1,0,22,0,26,11,0,1,0,0,0,0,0,0,0,1,1,0,0,0,0,0,0,1,1,0,2,5,4,1,2,3,2,17,16,15,10,9,11,8,5,6,0,2,12,8,10,1,0,1,2,2,6,48,100,531,458,0,0
data/elefante-cavalo//Artificial/4-Rebalanced2/original//1/teste/12.png,1,2,0,16,0,0,0,0,48,0,67,0,82,110,119,130,278,177,384,216,424,428,466,509,472,533,806,838,570,922,977,1406,1173,1761,1381,2172,2462,3057,3945,6626,7257,9473,8186,5399,3451,2190,2373,2389,1724,1860,1701,1510,1554,1108,1333,1219,926,1183,1066,1016,1078,1139,1278,1382,1033,259,12,0,0,0,0,0,0,0,4,0,1,0,0,0,2,0,0,0,0,0,0,0,0,0,0,0,0,0,0,0,0,2,0,1,0,6,46,235,318,903,761,174,17,2,2,3,0,0,0,0,1,0,1,0,0,2,0,1,1,4,3,22,138,0,0
data/elefante-cavalo//Artificial/4-Rebalanced2/original//1/teste/13.png,1,2,0,8,0,0,0,0,63,0,81,114,0,158,365,221,216,228,501,475,541,560,630,684,707,1243,879,1469,1636,1889,2153,2612,4187,3797,5379,5790,6088,6184,6277,7570,5174,5541,4832,3865,2988,2559,1586,1367,1007,711,519,386,289,257,170,167,164,144,155,234,317,407,548,747,397,58,3,0,0,0,0,0,0,0,0,0,0,0,1,0,0,0,1,0,0,0,0,0,0,4,0,5,3,3,15,10,58,33,52,47,73,56,81,225,67,104,67,33,13,14,0,1,0,0,0,0,0,0,0,0,0,0,0,0,0,4,5,32,0,0,0
data/elefante-cavalo//Artificial/4-Rebalanced2/original//1/teste/14.png,1,2,0,9,0,0,0,0,81,0,95,166,0,171,156,317,197,199,441,420,257,724,259,787,556,615,382,573,422,842,498,1044,922,1364,1083,2110,1410,2694,1867,4238,2826,6022,5157,7821,6409,8987,5135,6030,2735,3177,870,1129,425,516,227,336,160,310,163,221,118,269,248,773,365,84,2,0,0,0,0,0,3,0,1,4,0,2,0,2,0,0,1,1,0,12,0,46,17,5,0,0,0,0,0,1,0,4,2,26,1,29,17,332,140,1116,767,2334,1343,3851,631,1231,104,275,0,1,0,0,0,0,0,2,0,0,0,2,0,520,67,0,0
data/elefante-cavalo//Artificial/4-Rebalanced2/original//1/teste/15.png,1,2,0,31,0,0,0,0,93,0,108,159,0,160,184,426,238,278,481,570,271,934,346,1029,781,1245,872,1516,1169,2761,1670,3923,3802,6150,5360,9814,6685,9847,5166,7174,2505,3286,1567,1830,1057,1554,762,1079,564,1005,420,810,422,681,373,655,342,711,477,731,485,808,469,653,256,62,4,0,0,0,0,0,0,0,0,0,0,1,0,0,0,0,0,1,0,4,0,8,0,2,2,2,3,18,3,25,14,147,48,385,73,375,35,265,2,25,0,1,0,1,0,0,0,4,0,3,0,1,0,3,0,2,1,8,0,8,2,16,5,0,0
data/elefante-cavalo//Artificial/4-Rebalanced2/original//1/teste/16.png,1,2,0,1,0,4,2,17,6,12,24,15,40,63,92,80,48,117,200,172,186,327,274,504,400,686,572,993,1170,1395,1625,1911,2979,2695,2014,4668,3915,6053,6610,7223,7617,7927,7457,6630,4192,4389,3970,2322,2113,1241,1198,790,320,390,236,97,38,19,15,8,8,7,4,9,7,8,2,0,0,0,0,0,0,0,0,0,0,0,0,0,0,0,0,0,0,0,0,1,0,2,0,1,3,2,3,2,21,3,0,22,5,26,28,23,17,9,11,9,0,4,3,1,0,0,0,1,0,0,0,0,0,0,0,0,0,0,0,0,0,0,0
data/elefante-cavalo//Artificial/4-Rebalanced2/original//1/teste/17.png,1,2,0,23,0,0,0,0,90,0,191,0,276,342,352,395,734,377,716,330,758,701,658,585,1007,708,1126,806,1227,1288,1320,1256,1688,1303,1301,1800,1903,2150,2288,3394,3202,5278,7194,9391,8788,5943,3591,2887,2197,1808,1601,1359,1079,1072,792,832,736,666,791,718,819,779,782,748,580,129,10,0,0,0,0,0,0,0,3,0,0,1,12,16,15,3,4,0,1,2,8,0,10,1,19,0,5,17,1,2,7,6,0,6,4,0,4,8,21,155,415,984,1175,359,32,11,2,1,2,1,0,1,0,0,1,0,2,1,4,2,2,11,102,0,0
data/elefante-cavalo//Artificial/4-Rebalanced2/original//1/teste/18.png,1,2,0,40,0,0,0,0,134,0,124,224,0,276,628,334,388,426,864,1046,1092,1011,1066,1132,1036,1697,1135,1747,1687,1698,1597,1629,2114,1582,2150,3010,2546,2729,3015,4230,4626,3976,5245,5118,5550,3920,3669,2500,2381,1971,1704,1767,1226,1326,1243,922,1073,904,768,788,830,1082,1477,1030,168,27,1,0,0,0,0,0,0,0,0,0,0,1,1,0,0,0,0,3,0,1,1,1,2,1,0,0,3,0,0,1,2,0,1,1,1,0,1,0,2,2,7,6,24,10,6,1,1,0,0,0,0,0,0,0,0,0,1,2,3,24,115,400,0,0,0
data/elefante-cavalo//Artificial/4-Rebalanced2/original//1/teste/19.png,1,2,0,16,0,0,0,0,42,0,88,0,148,139,140,126,114,123,264,156,316,334,344,351,349,332,357,529,404,623,744,835,826,935,1403,1178,1759,1445,2377,2925,3673,6433,9415,7208,12771,10467,6219,4430,2448,1511,1950,1563,1285,1060,1032,569,599,631,533,467,396,444,478,780,664,84,4,0,0,0,0,0,0,0,1,0,12,3,1,1,0,0,0,0,1,0,2,0,0,0,0,0,0,0,2,0,0,2,1,1,6,1,0,7,14,91,175,40,485,329,52,13,1,0,0,2,0,0,1,0,0,1,0,0,0,0,4,50,169,0,0
data/elefante-cavalo//Artificial/4-Rebalanced2/original//1/teste/20.png,1,2,0,20,0,0,0,0,55,0,122,0,122,113,126,142,270,132,247,117,236,274,266,262,432,301,546,380,555,629,662,636,963,853,977,1469,1551,1801,2115,2991,2747,3570,4099,4607,5515,6474,7220,8850,7952,6233,4509,3432,2735,2556,1962,1848,1425,1046,748,389,212,90,30,46,109,41,6,0,0,0,0,0,0,0,1,0,1,2,0,0,1,0,0,0,0,0,0,0,0,0,2,0,0,4,1,2,4,1,5,7,1,3,5,8,1,13,11,20,46,32,55,113,78,33,16,3,3,3,2,2,1,0,0,0,0,0,0,0,8,0,0
data/elefante-cavalo//Artificial/4-Rebalanced2/original//1/teste/21.png,1,2,0,46,0,0,0,0,135,0,229,246,0,193,167,301,169,135,275,270,164,463,145,479,285,486,306,461,318,692,379,904,734,1061,785,1310,713,1255,698,1462,765,1696,1235,2127,1727,3809,2823,6375,4350,9888,5256,9651,5283,7078,3987,6414,3216,3929,1161,698,177,144,46,161,85,31,1,0,0,0,0,0,4,0,6,2,0,0,0,3,0,0,0,0,0,0,0,1,2,0,0,0,0,3,0,17,4,15,6,17,0,7,0,3,0,8,1,1,0,21,7,117,18,221,12,161,20,62,8,80,19,75,0,0,0,0,0,4,0,0,0
data/elefante-cavalo//Artificial/4-Rebalanced2/original//1/teste/22.png,1,2,0,1,0,1,0,0,2,0,11,88,48,348,198,491,430,1071,1485,1806,2783,3495,3468,3881,2599,3559,2684,1364,1342,1108,1347,1236,1444,2182,2191,1763,2382,2413,2835,3986,3714,5016,3306,5729,3591,1633,1436,926,496,833,623,630,726,489,683,442,479,532,407,495,497,288,335,283,281,61,3,0,0,0,0,0,0,0,0,14,3,126,15,39,23,142,233,225,854,1029,589,1124,360,1273,627,72,55,46,156,217,250,476,75,32,28,62,27,79,71,249,39,939,354,21,23,0,0,0,4,0,0,0,0,0,0,1,0,0,3,1,37,34,300,1,0
data/elefante-cavalo//Artificial/4-Rebalanced2/original//1/teste/23.png,1,2,0,28,0,0,0,0,63,0,82,0,88,127,162,187,471,266,635,338,759,822,903,961,1085,1143,1757,1959,1378,2274,2358,3395,2833,3841,3068,4234,4288,4224,4336,5395,4205,5077,4997,4941,4473,3282,3496,3046,1662,1390,928,681,504,380,386,415,356,423,408,324,394,410,627,875,513,65,6,0,0,0,0,0,0,0,0,0,0,0,0,0,1,0,0,0,0,0,0,0,0,0,2,0,0,0,1,0,0,0,0,3,2,2,2,19,2,5,6,4,5,2,2,0,1,0,3,0,0,0,0,0,1,7,2,0,4,9,53,191,251,0,0
data/elefante-cavalo//Artificial/4-Rebalanced2/original//1/teste/24.png,1,2,0,19,0,0,0,0,75,0,112,0,166,161,180,189,359,169,286,149,321,336,339,348,355,382,595,639,449,717,743,1107,905,1288,1052,1605,1793,2164,2587,4173,4435,7718,10271,11150,9569,5518,5013,4092,2434,2406,1819,1544,1320,964,981,726,549,507,392,351,370,360,403,518,637,203,14,0,0,0,0,0,0,0,0,0,0,0,0,0,1,0,0,0,0,0,0,0,0,0,0,0,0,0,0,0,0,0,0,0,0,0,1,1,1,17,58,69,31,4,2,1,0,0,0,2,0,0,1,1,0,0,1,1,0,0,1,6,78,0,0
data/elefante-cavalo//Artificial/4-Rebalanced2/original//1/teste/25.png,1,2,0,53,0,0,0,0,279,0,505,0,642,636,846,824,1844,1021,2035,1017,2081,2004,1988,2083,3175,2088,3325,2193,3443,3474,3671,3617,4769,3404,3622,4535,4238,4123,3756,4293,3054,3404,2895,2396,1843,1536,1140,1016,784,545,423,347,265,277,207,206,173,175,182,179,230,242,312,423,277,29,4,0,0,0,0,0,0,0,1,0,0,1,0,0,6,0,2,0,0,0,0,0,4,0,1,0,0,0,1,0,3,0,1,4,1,0,1,4,2,2,5,1,6,2,1,0,0,0,0,1,0,0,0,5,0,0,1,0,2,2,8,50,38,0,0
data/elefante-cavalo//Artificial/4-Rebalanced2/original//1/teste/26.png,1,2,0,58,0,0,0,0,146,0,253,360,0,395,455,937,608,501,1216,1164,558,1758,610,1739,1020,1695,1164,1774,1176,2687,1464,3194,2772,4137,3501,6565,4500,8088,5230,9946,4595,7311,3604,4123,1905,2205,758,889,321,377,101,133,61,81,36,82,67,132,111,186,131,334,255,440,142,40,6,0,0,0,0,0,0,0,0,4,0,0,2,2,0,0,0,0,0,0,0,0,0,0,0,0,0,0,0,0,0,1,0,5,2,22,1,58,1,21,1,6,1,2,0,0,0,0,0,0,0,0,0,0,0,0,0,2,0,5,3,67,1,0,0
data/elefante-cavalo//Artificial/4-Rebalanced2/original//1/teste/27.png,1,2,0,666,0,0,0,0,2434,0,3928,0,3838,2786,2360,2198,3737,1756,3275,1482,2882,2708,2696,2610,3813,2447,3708,2329,3386,3290,3484,3497,4287,3042,2656,3071,2228,1687,1295,1163,619,634,429,318,274,254,244,259,255,252,241,270,299,339,324,309,332,426,556,447,578,555,504,501,412,97,9,5,0,0,0,0,229,0,3125,0,303,41,6,4,11,0,5,0,2,1,0,1,3,3,1,0,0,0,0,1,2,0,0,0,0,0,0,0,0,0,1,0,0,0,0,0,0,0,0,0,1,0,0,0,0,1,3,2,5,4,1,13,54,0,0
data/elefante-cavalo//Artificial/4-Rebalanced2/original//1/teste/28.png,1,2,0,8,0,0,0,0,41,0,122,0,160,175,331,252,366,738,354,720,763,683,575,622,659,641,961,946,692,1028,1017,1164,1216,1783,1453,2135,2266,2511,2710,3074,4442,3427,6929,8337,7816,6200,5080,3251,3194,2610,2208,1835,1633,1173,1258,1149,820,687,531,422,277,199,109,73,40,19,2,0,0,0,0,0,1,0,11,0,11,2,17,4,13,32,3,11,21,10,4,0,0,8,0,2,1,4,0,0,1,4,0,3,3,5,1,6,132,74,775,1477,1111,426,187,8,7,11,9,4,5,1,8,3,1,0,0,0,0,0,0,0,0,0,0
data/elefante-cavalo//Artificial/4-Rebalanced2/original//1/teste/29.png,1,2,0,47,0,0,0,0,190,0,250,349,0,409,647,314,300,326,590,558,548,571,554,575,503,676,466,697,739,728,765,794,1099,914,1313,1704,1491,1831,2059,2927,4043,4655,8529,10878,11133,6429,4912,2755,2536,2033,1659,1502,1115,1091,937,651,727,468,322,259,193,176,289,428,169,14,1,0,0,0,0,0,0,0,3,13,0,32,19,0,0,0,1,0,1,1,0,0,0,0,0,0,0,0,0,0,2,1,5,10,2,3,3,31,93,159,762,1573,2118,306,136,11,11,2,5,0,1,0,0,0,0,0,0,0,1,0,10,151,0,0,0
data/elefante-cavalo//Artificial/4-Rebalanced2/original//1/teste/30.png,1,2,0,8,0,0,0,0,31,0,42,80,0,89,178,84,95,78,167,166,194,215,208,263,255,414,312,485,558,628,700,813,1233,1018,1619,2045,2304,2720,3255,5083,5047,7923,9806,10170,9477,8400,4880,4154,2992,2218,1725,1448,1061,950,720,535,407,305,165,108,39,17,21,39,30,14,1,0,0,0,0,0,0,0,0,0,0,0,1,0,0,0,0,0,0,0,0,0,0,0,0,0,0,0,0,0,2,0,1,6,11,6,4,5,5,19,46,58,85,47,3,1,9,3,0,0,0,0,0,0,0,0,0,0,0,0,0,0,0,0,0
data/elefante-cavalo//Artificial/4-Rebalanced2/original//1/teste/31.png,1,2,0,211,0,0,0,0,444,0,661,0,806,939,1101,1296,2829,1582,3173,1541,2992,2790,2680,2542,3555,2292,3255,2114,3056,2964,2897,3013,4190,3309,4404,4388,4451,4193,3962,4359,2819,2739,1959,1353,886,627,568,397,401,396,297,251,260,180,145,177,151,137,157,142,168,225,388,530,310,46,2,0,0,0,0,0,0,0,19,0,6,66,7,17,77,15,49,5,15,6,6,0,5,0,2,0,0,0,0,0,4,1,3,6,7,5,1,3,2,3,2,0,0,0,0,0,1,0,0,0,1,0,0,0,0,0,1,0,0,3,20,150,96,0,0
data/elefante-cavalo//Artificial/4-Rebalanced2/original//1/teste/32.png,1,2,0,9,0,0,0,0,79,0,101,0,130,133,135,186,370,229,620,385,860,961,1091,1286,1935,1224,1807,1052,1601,1563,1581,1573,2163,1594,2079,2143,1981,1966,1904,2440,2036,2936,3490,4097,4993,5684,6974,5628,5685,4294,3048,2163,1935,1446,1642,1521,1259,892,674,337,199,102,76,128,153,54,2,0,0,0,0,0,6,0,5,0,0,0,0,0,4,0,15,1,11,7,17,25,67,9,26,5,8,13,1,8,16,1,18,22,5,6,10,4,5,42,48,87,171,170,335,142,163,119,42,21,2,0,2,6,2,0,0,0,0,0,1,1,6,0,0
data/elefante-cavalo//Artificial/4-Rebalanced2/original//1/teste/33.png,1,2,0,2,0,5,29,51,142,411,1116,1872,3649,2564,4299,4851,2906,4436,2920,2452,2076,2446,1411,1267,2101,2421,2634,1823,3252,1577,3419,2544,3451,2559,3467,3122,2875,2312,1881,1871,1120,821,498,553,458,570,396,646,669,600,744,410,467,307,423,360,469,194,131,118,155,138,157,282,132,58,2,0,0,0,0,0,3,23,250,349,1048,161,763,1298,311,1152,284,243,88,389,35,23,119,97,108,21,71,8,29,8,11,4,31,6,18,5,5,10,7,0,1,0,0,0,0,11,8,12,19,6,9,0,5,8,27,1,0,0,0,0,2,123,2,0,0
data/elefante-cavalo//Artificial/4-Rebalanced2/original//1/teste/34.png,1,2,0,16,0,0,0,0,80,0,174,247,0,214,487,258,258,310,612,699,835,928,1061,1101,1190,1829,1335,2154,2298,2346,2298,2271,3118,2387,3211,3428,3762,3864,4229,5922,5722,7316,6754,5545,4496,3591,2129,1764,1284,895,569,388,227,165,112,59,27,14,14,10,9,5,2,7,7,4,3,0,0,0,0,0,0,0,1,1,0,3,10,1,0,0,3,4,10,4,5,2,3,17,2,21,23,32,10,6,17,1,10,37,58,108,159,312,328,742,783,611,597,215,71,21,16,13,5,2,0,0,0,0,0,0,0,0,0,0,0,0,0,0,0
data/elefante-cavalo//Artificial/4-Rebalanced2/original//1/teste/35.png,1,2,0,121,0,0,0,0,511,0,690,0,898,1034,1059,1008,2081,1020,1976,947,1914,1808,1847,1871,2959,1964,3199,2282,3413,3445,3545,3533,4780,3512,4897,4667,4564,4257,3946,4402,2978,3105,2390,1924,1467,1163,1105,716,626,429,321,267,241,211,191,197,199,179,206,162,204,236,342,577,407,42,2,0,0,0,0,0,1,0,5,0,16,2,0,1,1,1,1,0,3,1,2,0,12,0,2,0,5,3,3,2,6,1,4,0,2,0,1,9,1,6,2,0,0,0,0,0,1,0,1,0,0,0,0,1,0,0,0,0,0,1,9,64,97,0,0
data/elefante-cavalo//Artificial/4-Rebalanced2/original//1/teste/36.png,1,2,0,9,0,0,0,0,40,0,49,0,76,131,168,202,434,226,434,229,473,474,482,529,807,514,740,458,695,734,772,778,1145,908,990,1460,1596,1725,1851,2619,2265,3324,4231,5347,6958,8026,7480,6800,5324,4007,3045,2428,1953,1847,1300,1385,1267,997,855,560,597,599,757,1061,1103,194,9,0,0,0,0,0,0,0,0,0,0,0,0,2,5,0,0,0,0,0,0,0,0,0,1,0,0,0,0,0,5,0,0,1,0,6,0,1,7,3,38,115,355,466,365,190,68,36,8,2,0,0,0,0,1,0,0,0,2,2,9,48,1101,0,0
data/elefante-cavalo//Artificial/4-Rebalanced2/original//1/teste/37.png,1,2,0,40,0,0,0,0,117,0,163,0,180,179,229,226,387,189,411,196,372,400,411,457,387,441,651,674,519,776,857,1253,1081,1543,1350,2011,2338,2809,3375,5878,6452,10173,11129,9619,6655,3712,3554,3178,1980,1949,1524,1240,1196,779,741,646,438,449,346,318,301,330,422,496,389,109,6,0,0,0,0,0,0,0,0,0,0,0,0,0,0,0,0,0,0,1,0,0,0,0,0,0,0,0,0,0,0,1,0,0,1,5,2,5,7,46,95,47,4,1,0,1,0,0,0,0,1,0,0,0,0,0,0,1,1,4,4,8,38,0,0
data/elefante-cavalo//Artificial/4-Rebalanced2/original//1/teste/38.png,1,2,0,28,0,0,0,0,143,0,202,0,276,263,285,286,642,280,699,353,658,630,620,641,613,570,906,929,632,969,979,1444,1152,1627,1301,1935,2046,2266,2483,3680,3889,5807,6621,7713,7918,5700,5178,4455,2944,2982,2552,2127,1930,1293,1179,1047,706,797,493,352,281,143,72,60,98,60,3,0,0,0,0,0,8,0,19,0,3,9,0,1,2,0,6,0,1,2,1,0,0,0,0,0,0,2,0,1,0,0,1,3,11,9,13,29,99,239,298,390,609,283,197,58,14,15,7,9,10,2,2,0,0,0,0,0,0,0,0,0,12,1,0
data/elefante-cavalo//Artificial/4-Rebalanced2/original//1/teste/39.png,1,2,0,338,0,0,0,0,1302,0,1648,0,1944,1895,1929,1929,1849,3836,1856,3296,2896,2397,2095,1982,923,2755,1734,2590,2449,2508,2536,2650,2794,3858,1901,3816,4012,3759,3665,3148,3495,2459,2434,1966,1506,1005,926,820,516,474,351,365,332,384,320,407,330,472,505,665,564,572,424,256,118,29,4,0,0,0,0,0,19,0,28,0,45,39,7,4,5,39,3,30,11,4,1,0,0,3,0,0,0,0,7,6,0,2,0,1,4,0,1,3,6,3,2,0,0,0,0,0,0,0,0,2,0,1,0,1,0,1,5,11,9,2,6,4,0,0,0
data/elefante-cavalo//Artificial/4-Rebalanced2/original//1/teste/40.png,1,2,0,48,0,0,0,0,184,0,204,339,0,385,698,325,342,395,715,757,762,803,721,752,728,1083,691,1054,1129,1221,1261,1380,2006,1776,2535,2869,3301,3458,3776,4701,4008,4749,4651,4212,3465,3253,2211,2276,2110,1808,1481,1177,923,865,603,544,507,553,583,710,916,1273,1768,1536,450,28,1,0,0,0,0,0,11,0,2,12,0,31,48,0,0,0,5,1,4,2,2,0,2,1,0,1,2,5,3,45,52,47,91,225,289,292,458,1045,777,1975,2085,1498,581,784,152,211,148,75,51,22,15,10,1,0,0,0,3,1,3,2,34,121,19,0,0
data/elefante-cavalo//Artificial/4-Rebalanced2/original//1/teste/41.png,1,2,0,15,0,0,0,0,46,0,98,118,0,172,223,665,432,494,1180,1217,612,2089,715,2228,1569,2414,1703,2726,1884,3729,1998,3971,3189,4328,3485,5940,3683,5965,3618,6994,3321,6382,3788,4599,2288,2986,1176,1371,543,770,262,335,173,220,128,205,94,184,136,188,131,354,344,455,120,42,1,0,0,0,0,0,0,0,0,0,0,0,0,0,0,0,1,0,0,0,0,0,0,0,0,0,0,1,0,3,1,2,0,4,1,4,1,2,0,4,0,3,0,2,0,2,0,0,0,0,0,2,0,0,0,0,0,0,0,11,39,124,1,0,0
data/elefante-cavalo//Artificial/4-Rebalanced2/original//1/teste/42.png,1,2,0,27,0,0,0,0,79,0,129,0,171,181,180,234,432,183,385,192,348,347,325,350,460,287,461,312,479,520,577,631,921,893,939,1578,1861,2147,2623,3633,3319,5351,6878,8246,8732,8088,7412,7609,6209,4625,3144,1960,1203,742,339,203,100,37,21,3,3,6,6,6,10,10,3,0,0,0,0,0,1,0,0,0,0,0,0,0,1,0,1,0,0,0,0,0,1,0,0,1,0,0,0,0,2,5,0,10,26,46,41,120,26,129,208,358,231,175,121,260,226,97,53,9,2,4,0,0,0,0,0,0,0,0,0,0,0,0,0
data/elefante-cavalo//Artificial/4-Rebalanced2/original//1/teste/43.png,1,2,0,5,0,9,0,30,42,97,180,241,306,946,625,1620,2021,2258,1151,2190,3259,1143,3890,4768,3773,6015,6118,3749,5095,6075,2737,5081,4518,2982,3175,2480,1490,1854,1273,568,756,604,388,444,452,290,354,344,242,346,449,203,403,400,302,448,507,570,780,1220,1156,1435,1372,1022,680,64,5,0,0,0,0,0,0,1,2,1,0,47,7,60,73,76,18,42,61,0,68,62,21,70,77,6,20,62,3,50,64,28,21,20,1,20,8,0,10,4,0,0,2,0,0,0,0,0,1,0,0,2,0,1,2,3,15,47,38,60,64,46,20,0,0
data/elefante-cavalo//Artificial/4-Rebalanced2/original//1/teste/44.png,1,2,0,21,0,0,0,0,74,0,111,0,184,196,203,295,536,401,811,526,1009,1137,1148,1050,862,556,602,481,297,338,385,500,387,516,393,595,665,687,758,1125,957,1388,1712,2236,3020,3132,4791,6533,6264,7756,7411,6520,6310,4496,4466,3737,2744,2576,1309,686,340,128,77,96,78,42,4,0,0,0,0,0,1,0,1,0,5,14,0,9,10,3,10,3,40,57,67,33,40,1,1,0,0,0,0,2,1,0,0,0,2,0,0,3,1,8,32,55,137,72,230,477,221,382,277,169,148,50,33,25,7,5,1,2,1,1,0,4,5,0,0
data/elefante-cavalo//Artificial/4-Rebalanced2/original//1/teste/45.png,1,2,0,3,0,0,0,0,14,0,46,103,0,201,471,256,258,256,504,565,658,711,818,876,974,1313,887,1359,1377,1545,1672,1891,2816,2316,3441,3640,4091,4464,4858,6478,5258,5908,4715,3219,1918,1408,722,665,465,401,329,333,304,372,343,343,399,416,490,594,768,1437,4447,6690,1451,69,2,0,0,0,0,0,0,0,0,2,0,30,57,2,1,1,7,3,0,0,0,2,2,7,2,2,3,2,2,4,27,4,21,35,21,30,25,54,36,133,52,41,17,60,4,6,7,9,0,2,0,0,0,0,1,0,0,0,2,37,906,4281,36,0,0
data/elefante-cavalo//Artificial/4-Rebalanced2/original//1/teste/46.png,1,2,0,1,0,0,0,0,13,0,40,82,0,191,231,453,210,264,707,1042,643,2262,1058,3174,2635,4356,2972,4012,2302,4303,2132,3939,3023,4585,3930,6809,4147,6031,3043,4496,1730,2590,1258,1448,815,1193,600,1011,524,959,453,836,495,760,444,802,465,967,822,1185,720,1047,549,781,383,138,5,0,0,0,0,0,0,0,0,3,0,15,14,64,2,6,63,92,1,268,13,193,89,297,81,191,24,139,4,21,6,25,9,104,26,63,1,38,1,16,0,3,5,1,0,8,0,9,0,14,13,31,2,16,4,25,25,62,16,70,3,51,11,0,0
data/elefante-cavalo//Artificial/4-Rebalanced2/original//1/teste/47.png,1,2,0,3,0,8,0,18,31,71,123,131,268,586,340,733,904,951,580,1019,1783,689,2409,2743,1901,2661,2639,1743,2627,3642,1841,4108,4350,3564,4956,5123,3774,6183,5898,3139,4348,3066,1500,1195,975,480,671,599,325,469,619,344,505,561,463,690,721,668,858,953,744,1056,1246,973,362,24,1,0,0,0,0,0,0,0,2,2,4,49,0,32,74,53,17,22,51,0,149,147,32,59,25,9,19,84,1,72,48,22,125,120,16,167,195,30,202,99,12,11,10,0,7,14,0,0,0,0,0,1,0,0,1,0,17,18,9,47,158,106,11,0,0
data/elefante-cavalo//Artificial/4-Rebalanced2/original//1/teste/48.png,1,2,0,5,0,0,0,0,56,0,182,314,0,419,885,489,458,552,957,1124,1178,1359,1381,1427,1513,1921,1183,1655,1601,1617,1709,1674,2409,2152,3285,3907,4423,5052,5363,6160,4161,4318,3549,2842,2428,2484,1745,1831,1714,1503,1392,1194,1053,1146,971,921,892,780,739,814,822,937,884,819,315,67,6,0,0,0,0,0,1,0,16,15,0,33,65,7,1,4,29,36,30,51,19,36,34,79,9,52,2,17,5,2,22,5,35,70,83,186,139,241,28,34,18,9,4,10,1,1,0,1,1,0,0,2,0,1,1,3,3,2,1,11,13,83,16,0,0
data/elefante-cavalo//Artificial/4-Rebalanced2/original//1/teste/49.png,1,2,0,1,0,1,8,5,20,10,44,105,182,136,522,832,1138,1368,2017,1047,668,746,381,538,318,483,465,736,540,609,599,684,914,763,1057,894,1559,2146,3062,4184,5454,6427,8212,7241,4709,4944,3659,4191,3964,2806,3211,2807,3028,2077,1505,962,680,254,219,62,34,39,41,65,48,18,5,0,0,0,0,0,0,0,0,0,2,0,49,45,161,189,911,21,11,6,0,5,0,0,0,1,1,0,2,0,0,1,1,0,13,30,78,122,197,203,458,224,24,31,14,21,12,3,4,4,11,2,1,0,0,0,0,0,0,0,0,2,0,0,0
