4.10143e-07,-6.25913e-06,6.3504e-06,7.16197e-06,-0.000439633,0.00127585,0.00100332,0.00335809,0.0033584,0.003592
2.16272e-07,8.75295e-06,-7.04843e-06,-8.57513e-06,-0.00374686,0.00418782,0.00259972,0.00533313,0.00533442,0.00620045
7.68388e-07,-2.82309e-06,9.8643e-06,9.73432e-06,0.00052409,0.000236008,0.0011165,-0.00132702,-0.00132806,-0.00106154
2.35434e-06,3.6213e-08,6.54914e-06,3.05912e-06,0.00278914,-0.00314943,-0.000195495,-0.00322782,-0.00322651,-0.003016
7.31546e-07,3.88045e-06,-1.68209e-06,-1.56891e-06,0.00223024,-0.00252115,0.00111471,-0.00122929,-0.00123006,-0.00102495
3.71624e-06,-1.71416e-05,2.7679e-05,2.39954e-05,0.000686139,0.000873342,0.00210662,0.000829502,0.000829387,0.00113841
3.51636e-06,-1.78514e-05,2.19571e-05,2.71772e-05,-0.00139953,0.00144161,0.00119876,0.00598185,0.00598175,0.00701138
1.96747e-06,-1.68095e-05,2.55109e-05,2.38498e-05,0.00267376,-0.00272289,0.000306247,-0.00302634,-0.00302671,-0.00312166
3.64519e-06,-6.05294e-06,1.28019e-05,7.81344e-06,-0.000944845,0.000963207,0.00188822,0.00520978,0.00521081,0.0060516
4.67379e-07,-2.86194e-05,3.2847e-05,3.74973e-05,-0.00138308,0.00167944,0.00276307,0.00401722,0.00401788,0.00492277
4.17178e-06,-5.25275e-06,9.65737e-06,9.56339e-06,0.000313584,0.00113879,0.00237644,0.00261519,0.00261448,0.00336142
1.35782e-06,-1.25646e-05,1.86158e-05,2.01101e-05,-0.0050677,0.00444757,0.00154612,-0.00218158,-0.00218227,-0.00200402
-3.10648e-07,3.8626e-06,4.22103e-06,1.66841e-06,0.00115187,0.00015449,0.00225089,0.000213249,0.000211915,0.000415101
3.65325e-06,-1.34645e-05,1.77329e-05,2.3751e-05,-0.00354483,0.00385867,0.00186399,0.00265064,0.00264814,0.00284841
4.41525e-07,1.81489e-05,-1.55368e-05,-1.52724e-05,0.0038038,-0.00278374,0.000750026,-0.00557745,-0.0055811,-0.00561362
2.23407e-06,-1.76819e-06,2.68409e-06,9.40565e-06,-0.000209663,0.00139573,0.00224509,0.00430993,0.00431012,0.00456942
1.23979e-06,4.27025e-06,-2.54201e-06,-2.00061e-06,0.00361836,-0.00265353,0.000771137,-0.00443896,-0.00443899,-0.00429862
-1.84133e-07,8.1056e-06,-5.19153e-07,-3.19074e-06,0.00304276,-0.00176511,0.00100245,-0.00379229,-0.00379363,-0.00389658
2.73171e-06,5.35906e-06,-1.30524e-06,4.80261e-07,-0.000574837,0.00234957,0.00251492,0.00399797,0.0039969,0.0047617
3.1457e-06,1.46029e-05,-1.06686e-05,-8.84506e-06,-0.000869756,0.00138532,0.00190923,0.00581655,0.00581747,0.00654032
3.51725e-06,-8.59335e-06,1.3692e-05,1.04975e-05,9.69366e-05,0.0016017,0.00124467,-0.000129519,-0.000131183,0.000148662
1.89427e-06,-1.19516e-05,2.00815e-05,1.70523e-05,0.00154785,-0.000658871,0.00225778,0.00190948,0.00190757,0.00256815
1.91025e-06,-2.04921e-05,2.67082e-05,2.8164e-05,-0.00255143,0.00417422,0.00196999,6.133e-05,6.28573e-05,0.000557666
1.85637e-06,-3.64676e-05,4.18367e-05,4.71486e-05,-0.000855185,0.00213849,0.00147896,-0.00037302,-0.000372122,-0.00031006
3.06373e-06,9.56937e-07,6.80627e-06,1.61272e-06,-0.00224984,0.00401823,0.00174843,-0.00334143,-0.00334349,-0.00324182
4.77319e-06,-1.08087e-05,1.6082e-05,1.54487e-05,0.00342559,-0.00154071,0.00159598,-0.00164092,-0.00164357,-0.00181846
1.1816e-06,-1.46849e-05,1.93096e-05,2.34686e-05,0.00397557,-0.00216412,0.00157609,-0.00257954,-0.00257925,-0.00295886
1.21569e-06,-2.50448e-05,3.01654e-05,3.1645e-05,0.00121386,-0.000110523,0.00172553,-0.00132289,-0.00132089,-0.00156938
3.46123e-06,-2.11337e-05,2.43648e-05,2.64293e-05,0.00196381,-0.000167822,0.00182255,-0.0033689,-0.00336761,-0.00337461
2.16483e-06,1.23094e-05,-2.72401e-06,-4.7893e-06,0.00250916,-0.00107173,0.00188401,0.000429069,0.000426383,0.000754941
-1.25377e-06,3.29097e-05,-3.23443e-05,-3.31015e-05,-0.00382031,0.00428182,0.00283353,0.00575635,0.0057541,0.00676475
6.32163e-06,-1.90666e-05,2.05077e-05,2.39072e-05,0.00340828,-0.00223767,0.00153678,-0.000696295,-0.000694565,-0.000442407
1.86177e-06,-9.99986e-06,1.06994e-05,1.32064e-05,-0.00236185,0.0024508,0.00214777,0.00618097,0.00618204,0.0071433
3.637e-06,-2.01757e-05,2.78211e-05,2.71834e-05,0.00144295,-0.000402855,0.00140778,0.00145577,0.00145742,0.0019049
2.44452e-06,-7.02106e-06,1.5359e-05,9.67052e-06,0.00270602,-0.00155881,0.00115357,-0.000258346,-0.00026027,-0.000107546
-6.68201e-08,1.26367e-05,-1.02849e-05,-1.32626e-05,0.000517539,0.000865667,0.00217376,0.00290636,0.00290417,0.00345027
3.2652e-06,1.1989e-07,1.10439e-06,8.7327e-06,-0.000459308,0.000761596,0.00275901,0.00265493,0.00265398,0.00353567
5.80012e-06,-5.9827e-05,7.00708e-05,6.98523e-05,-0.0056445,0.00400572,0.0010476,0.0113048,0.0113052,0.0122677
2.8097e-06,2.90603e-06,2.94251e-06,-1.44541e-06,-0.000128906,0.0010104,0.00127796,0.00476072,0.00476064,0.0055437
6.78936e-07,8.41151e-06,-5.97984e-06,-3.08894e-06,0.00160679,0.000158621,0.00224873,-2.43722e-05,-2.43123e-05,0.000150109
3.60571e-06,-3.00809e-06,5.82491e-06,1.05094e-05,-0.000599921,0.00125437,0.00211616,0.00488528,0.00488636,0.00589238
1.10754e-06,7.06747e-06,-2.02197e-06,-6.25295e-06,0.000288003,0.000714223,0.00133715,-0.00183871,-0.00183704,-0.00175846
8.95104e-08,-7.9715e-06,1.55604e-05,1.43473e-05,-0.0015303,0.00356054,0.00282486,-0.00210883,-0.00210948,-0.00186563
1.70532e-06,-3.7422e-06,1.06303e-05,7.1639e-06,-0.000545069,0.00133165,0.00118461,-0.00237963,-0.00237741,-0.00219854
1.74314e-06,1.44346e-05,-1.11939e-05,-1.50044e-05,0.00391344,-0.00240751,0.0016274,-0.0026668,-0.00266765,-0.00253431
2.51155e-06,6.61795e-06,-3.48566e-06,-4.18376e-06,-0.000770134,0.00164238,0.00239812,0.00463379,0.00463446,0.00551225
9.21742e-07,1.06498e-05,-8.91188e-06,-5.40562e-06,-0.000358052,0.00108486,0.00235459,0.00450316,0.00450308,0.00538615
5.67634e-06,-4.83317e-06,7.31976e-06,1.01497e-05,0.000113108,-0.000119716,0.0016819,0.00104154,0.00104314,0.00124372
-3.32719e-07,2.4398e-05,-2.21365e-05,-2.52551e-05,-0.00709618,0.00503129,0.00258729,0.0138044,0.0138037,0.015932
-4.36133e-07,-1.09021e-05,1.43484e-05,1.98902e-05,-0.000139308,0.00126983,0.00142396,0.00348383,0.00348267,0.00389587
2.5906e-06,1.91843e-05,-1.50467e-05,-1.59912e-05,0.00153711,0.000742646,0.00203664,-0.000433075,-0.000433052,-0.000119756
1.95125e-06,7.5751e-06,-3.7655e-06,-3.97939e-06,-0.000514238,0.000865598,0.00171493,0.00514792,0.00514806,0.00589087
1.65323e-06,3.68537e-06,1.09119e-06,-1.99374e-06,-0.00142933,0.00133242,0.00110574,0.00589366,0.00589554,0.00666443
1.12676e-06,2.41935e-05,-2.10933e-05,-2.03307e-05,-0.00154889,0.00178506,0.00194966,0.00237371,0.00237278,0.00339785
1.50392e-06,-2.18132e-05,2.87128e-05,2.82127e-05,0.0018172,-0.00179937,-0.000465362,-0.00315188,-0.00314838,-0.0028621
4.19762e-06,-2.25277e-05,3.2463e-05,3.02833e-05,-0.00235921,0.00339439,0.00153893,-0.000834003,-0.000831717,-0.00110776
4.66666e-06,3.33892e-06,1.42308e-06,1.80272e-06,0.000721333,0.001079,0.00218598,0.000744851,0.00074621,0.000632076
2.16666e-06,3.79281e-06,6.14204e-08,3.972e-06,0.00250232,-0.00139328,0.00170284,0.000895422,0.000894241,0.000976721
3.10903e-06,2.30762e-05,-1.80869e-05,-1.85346e-05,-0.000422406,0.00118021,0.00224967,0.00425245,0.00425425,0.00500303
1.89644e-06,-3.71007e-06,1.17498e-05,1.44449e-05,-0.00145828,0.00312752,0.00161825,-0.00475021,-0.00475254,-0.00450282
5.99419e-07,-1.52191e-05,2.36583e-05,1.99047e-05,-0.000632136,0.00155047,0.00068447,-0.000745379,-0.000744297,-0.000358105
3.12135e-06,-3.35845e-06,8.64305e-06,7.6875e-06,-0.000465054,0.00179276,0.00181848,0.000348285,0.000347812,0.00075776
1.63017e-06,-9.46936e-06,1.00313e-05,1.05281e-05,0.00160656,-3.01891e-05,0.00223317,-3.88154e-05,-3.69356e-05,0.000243726
3.01379e-06,-1.27463e-06,6.28146e-06,5.28606e-06,-0.000156724,0.00115819,0.0022632,0.00357404,0.0035737,0.00419274
5.27969e-07,-1.12658e-05,1.83316e-05,1.69894e-05,-0.00032971,0.00185701,0.00163418,0.00177246,0.00177363,0.00215298
2.48495e-06,-1.95305e-05,2.42211e-05,2.51289e-05,-0.00105612,0.00149877,0.0010949,0.00362851,0.00362846,0.00443486
1.35617e-06,8.06244e-06,-1.66377e-06,4.62529e-07,-0.00367192,0.00331217,0.0018933,0.00865547,0.00865541,0.010038
1.13197e-06,3.44197e-07,5.9837e-06,8.22973e-07,-0.000130063,0.00042664,0.00264053,0.00225162,0.00225184,0.0030517
1.69658e-06,6.0811e-06,-4.61723e-07,4.80278e-07,-0.000930145,0.00169731,0.00231056,0.00417094,0.00416885,0.00525572
2.2197e-06,1.00043e-05,-5.15474e-06,-7.16564e-06,-0.000833424,0.00121595,0.00196499,0.005045,0.00504484,0.00626879
3.07746e-06,1.45378e-05,-1.63732e-05,-1.25432e-05,-0.00679444,0.00471362,0.00219826,0.0135995,0.0135998,0.0156856
-1.64205e-06,2.96125e-05,-3.03157e-05,-2.44378e-05,-0.00604945,0.00426005,0.00254777,0.0126059,0.0126074,0.0146127
3.87937e-06,-2.72228e-05,3.31817e-05,3.88871e-05,-0.00175347,0.00161151,0.000721125,0.00693381,0.00693284,0.00790122
3.7191e-06,-4.00643e-05,4.77338e-05,5.06001e-05,0.00237875,-0.000594012,0.00179062,-0.00322278,-0.00322565,-0.00310248
3.4717e-06,-1.45327e-05,1.95032e-05,1.63156e-05,-0.00496825,0.00402988,0.00250211,-0.00540868,-0.00540998,-0.00537915
2.6038e-06,2.85307e-06,3.46299e-07,-3.35646e-06,0.0015772,-0.000762356,-1.77588e-05,-0.00055313,-0.000554967,-0.000852811
2.8555e-06,-8.7229e-06,1.26639e-05,1.50834e-05,0.00237195,-0.000922663,0.00178614,-0.000288606,-0.000288338,-0.000195477
1.73224e-06,1.22773e-05,-1.16349e-05,-5.21637e-06,-0.000270176,0.00081735,0.00205199,0.00448828,0.0044869,0.00519262
3.12016e-06,-8.39322e-06,1.58539e-05,1.52314e-05,0.0034419,-0.00174023,0.00167446,-0.00133247,-0.00133272,-0.00119506
2.00345e-06,-5.00874e-06,1.39232e-05,7.62524e-06,0.00147906,-0.00133678,0.00145384,0.000587661,0.000587242,-0.000153859
6.28167e-08,-9.44866e-06,9.73262e-06,1.60945e-05,0.0026352,-0.0026645,0.000100852,-0.00280265,-0.00280522,-0.00277205
5.50769e-07,4.63705e-06,-2.7021e-06,-4.01847e-06,0.000600737,0.000628738,0.00196718,0.00343581,0.00343806,0.00375042
1.29456e-06,9.12718e-06,-6.80506e-06,-7.21711e-06,0.00109673,-0.000179145,0.00180283,0.00232406,0.00232376,0.00283259
2.26759e-06,7.80302e-06,-5.55347e-06,-2.02557e-06,0.00274689,-0.00143276,0.00191204,-0.000988617,-0.000989318,-0.000964958
8.01747e-07,1.20394e-05,-9.75751e-06,-1.00611e-05,-0.00082522,0.00140359,0.00145083,0.00426987,0.00426869,0.00467592
1.9227e-06,-2.19529e-05,3.00965e-05,2.94348e-05,-5.32481e-05,0.000973067,0.00275126,0.00402064,0.00401887,0.00463035
-8.36644e-07,1.28521e-05,-7.59975e-06,-6.00009e-06,0.00189112,-0.000535689,0.00152697,-0.0018071,-0.00180552,-0.00198629
-4.9089e-08,1.67489e-05,-1.47679e-05,-1.44411e-05,0.00181275,0.000616656,0.00298063,-0.00237738,-0.00237473,-0.00216901
7.14205e-07,5.26538e-06,-2.59685e-06,-4.94553e-06,-0.000176724,0.00140091,0.00203777,0.00439394,0.00439594,0.00494558
1.39661e-06,1.68018e-05,-9.89435e-06,-1.4341e-05,-0.00106932,0.00353593,0.00262465,-0.000911113,-0.000910232,-0.000385077
3.82786e-06,-3.78877e-07,3.41537e-06,8.38875e-07,0.000642121,0.000243741,0.000733634,0.00392423,0.00392455,0.00393383
1.86623e-06,1.47693e-05,-1.34477e-05,-1.34498e-05,0.00072617,0.000755222,0.000907977,-0.00576223,-0.00576164,-0.00557509
3.64218e-06,-1.42459e-05,2.15589e-05,2.22556e-05,0.000712856,0.000374268,0.00149313,0.00206384,0.00206424,0.00217877
1.012e-06,-2.76784e-05,3.15792e-05,3.55985e-05,0.00120468,-7.7744e-05,0.00121376,0.000862993,0.000862702,0.00074404
3.64673e-06,3.35958e-07,-1.47142e-07,4.95468e-06,0.000386396,3.51895e-05,0.00129544,0.00374847,0.0037512,0.00423784
4.37487e-07,6.21724e-06,-6.90077e-06,-1.44575e-06,0.00198449,-0.000592067,0.00149902,-0.00271683,-0.00271775,-0.00238845
1.90769e-06,1.43585e-05,-9.70809e-06,-1.62265e-05,0.00219933,-0.0014275,0.00176644,0.00253844,0.00253809,0.00292509
-1.22855e-06,1.85917e-05,-2.05274e-05,-1.88971e-05,0.00284047,-0.00215993,0.000904343,0.000607188,0.000607362,0.00102064
-7.34236e-07,1.57169e-05,-1.26148e-05,-1.20697e-05,0.00186833,0.000234979,0.00229359,0.000535846,0.000535135,0.000291201
-8.41754e-07,-1.28149e-06,5.62251e-06,6.14513e-06,-0.00479493,0.00379461,0.00207035,0.0105869,0.0105894,0.0119849
2.97166e-06,3.04858e-05,-3.03611e-05,-3.04911e-05,0.00166394,-0.0004251,0.00178485,0.00386404,0.00386405,0.00432941
3.95981e-07,2.3583e-05,-2.37243e-05,-2.49476e-05,-0.00230708,0.0012588,0.00146753,0.0071487,0.00714825,0.00755199
-1.46845e-07,1.56903e-05,-6.56081e-06,-1.16078e-05,0.00341245,-0.00308529,-0.0011713,-0.00586114,-0.00586217,-0.0058947
2.62074e-07,2.22777e-05,-2.17459e-05,-1.06551e-05,-0.00346059,0.00153505,-0.00201102,0.0104573,0.0104588,0.0105654
2.59743e-08,2.79609e-05,-2.57068e-05,-2.38121e-05,-0.000944573,-0.000370608,0.000101763,0.00706668,0.00706584,0.00789656
1.0201e-06,4.60409e-06,-4.02035e-06,-3.06365e-07,-0.0046247,0.00257121,-0.000621174,0.0111541,0.0111543,0.0122169
3.41801e-06,-1.91649e-05,2.48069e-05,2.71804e-05,-0.00237426,0.000559596,-0.000273449,0.00902736,0.0090295,0.010029
1.64818e-06,4.00344e-06,4.50376e-06,3.21938e-06,0.00145225,-0.000685152,-0.00145074,-0.00683499,-0.00683559,-0.0065147
4.48645e-07,2.13668e-05,-1.97496e-05,-2.10641e-05,0.000810119,-0.00103476,0.0005934,-0.0015835,-0.00158227,-0.00178704
2.45012e-06,1.11758e-05,-8.46986e-06,-1.2316e-05,0.0031676,-0.00328708,-0.00175524,-0.0065838,-0.00658441,-0.00649846
1.70545e-06,2.70137e-06,4.38917e-06,2.90657e-06,0.0041168,-0.00447883,0.00123465,-0.00611698,-0.00611553,-0.00623431
1.42051e-06,2.96352e-05,-2.52246e-05,-2.57751e-05,0.00152774,-0.00171955,-0.00282087,-0.00459903,-0.00459789,-0.00493337
1.7676e-06,3.43276e-06,6.37559e-06,1.46325e-06,-0.00167532,-3.63745e-05,-0.00258123,0.0090647,0.00906386,0.00878515
3.38806e-07,2.20214e-05,-1.82083e-05,-2.57008e-05,0.00329329,-0.00126703,0.00035815,-0.00663332,-0.00663466,-0.00645376
2.45481e-06,1.64954e-05,-1.20616e-05,-8.8341e-06,0.00326818,-0.00311385,-0.00187227,-0.00682078,-0.00682035,-0.00651255
9.79609e-07,1.13943e-05,-9.81617e-06,-8.93248e-06,0.000670464,-0.000181706,-0.00161562,-0.00421766,-0.00421474,-0.00503647
2.81305e-06,2.1937e-05,-2.262e-05,-1.88253e-05,0.00182939,0.00098503,0.00223619,-0.00664667,-0.00664979,-0.00645666
3.59868e-06,2.37138e-05,-1.84913e-05,-1.92624e-05,0.00403569,-0.0039354,0.000240915,-0.00573461,-0.0057351,-0.00541907
-1.37423e-06,1.73198e-05,-1.40561e-05,-1.25953e-05,0.0033614,-0.00101478,0.000371147,-0.00177932,-0.00177872,-0.00151467
4.07938e-06,-2.43574e-05,3.1518e-05,3.32134e-05,0.00369579,-0.00188487,-0.00104623,-0.00327656,-0.00327521,-0.00363033
5.48196e-07,1.95724e-05,-1.84423e-05,-1.75608e-05,4.32396e-05,-0.000525026,0.000477076,-4.78988e-05,-4.751e-05,0.000360999
1.57785e-06,1.39004e-05,-9.47068e-06,-1.03358e-05,0.00421986,-0.00228296,-0.000646461,-0.00327935,-0.00327844,-0.00350473
-1.35624e-06,2.55133e-05,-1.87783e-05,-2.26824e-05,-0.00182714,0.00158872,0.000660506,-0.00460547,-0.00460602,-0.00460896
8.15224e-07,3.36819e-05,-3.25615e-05,-3.07318e-05,0.00469763,-0.00540944,-0.00241768,-0.0049563,-0.00495553,-0.00602186
2.42744e-06,2.31407e-05,-2.29293e-05,-1.95234e-05,0.00151796,-0.00169428,0.000858445,-0.0061411,-0.00614297,-0.00631571
6.99692e-07,1.71017e-05,-1.42465e-05,-1.27983e-05,-2.15659e-05,-0.000802817,0.00200605,0.00586284,0.00586005,0.00662674
7.34442e-07,1.06537e-05,-6.70847e-06,-5.02284e-06,-0.00218324,0.00107152,0.00129359,0.00881698,0.00881436,0.00985277
-1.10901e-07,1.34424e-05,-1.0996e-05,-1.38585e-05,0.00461358,-0.00458722,3.25882e-05,-0.00457366,-0.0045759,-0.00555518
-1.04712e-06,1.37116e-05,-1.31325e-05,-9.80388e-06,0.000762206,0.000159231,-0.000892862,0.000285168,0.000285016,-7.06831e-05
1.62321e-06,2.82609e-05,-2.57576e-05,-2.32761e-05,0.00446548,-0.00305261,-0.00428533,-0.00603118,-0.00603205,-0.00632057
3.1284e-07,2.13161e-05,-1.94114e-05,-2.15003e-05,0.00120011,-0.00145145,0.000436535,0.0011986,0.00119885,0.00145752
1.0477e-06,3.49309e-05,-3.82298e-05,-3.47807e-05,-0.00185257,0.000779752,0.000537419,0.0051711,0.00517095,0.00545479
1.8563e-06,2.00029e-05,-1.73121e-05,-1.5804e-05,-0.0022704,0.0014726,-0.00059734,-0.00333658,-0.00333792,-0.00477005
-1.42374e-06,2.72202e-05,-2.59717e-05,-2.11594e-05,-0.00353878,0.00215336,-0.000321051,-0.00684352,-0.00684182,-0.00651582
7.91503e-07,1.44695e-05,-9.08899e-06,-1.12614e-05,0.00285069,-0.00231764,-0.00172177,-0.00438028,-0.00437895,-0.00537892
-1.49335e-06,3.14971e-06,-2.07666e-06,1.57584e-06,-0.0006852,0.000783172,-0.00331634,-0.00664365,-0.00664337,-0.00643827
1.93332e-06,3.39744e-05,-3.23318e-05,-3.52526e-05,-9.10381e-05,0.0016618,-0.000743362,0.000434548,0.000433916,0.000868733
1.54831e-06,4.97898e-06,3.43525e-06,-1.96173e-06,0.000240193,-0.0015725,-0.00838018,-0.00638956,-0.0063886,-0.00651178
1.42139e-06,1.86439e-05,-1.16108e-05,-1.48406e-05,-0.00144306,-0.000129066,0.00110833,0.00613324,0.00613293,0.00666414
1.50618e-06,2.79109e-05,-2.34204e-05,-2.74058e-05,0.0026427,-0.00178305,-0.002574,-0.00653055,-0.00652997,-0.00651356
1.33723e-06,2.7905e-05,-2.78456e-05,-2.51399e-05,-0.000226039,0.000981629,0.0020612,0.00100109,0.00100144,0.00139258
8.23154e-07,2.7905e-05,-2.82782e-05,-2.68907e-05,0.00150127,-0.00252852,0.000643709,0.00333831,0.00333944,0.00365419
3.12132e-06,1.22131e-05,-1.23812e-05,-1.08185e-05,-0.00249601,0.00293485,0.00274779,0.00218917,0.00218841,0.00280047
1.51509e-06,3.55629e-05,-3.37525e-05,-2.98594e-05,0.00150699,0.00143444,0.00249375,-0.0027718,-0.00276983,-0.0024157
1.35658e-06,1.34156e-05,-8.46742e-06,-8.47393e-06,0.00479384,-0.00398532,-0.000198516,-0.00647764,-0.00647785,-0.00641994
1.48654e-06,2.56692e-05,-2.67817e-05,-2.17409e-05,0.00547278,-0.00550532,0.000417759,-0.0029012,-0.00289906,-0.00325642
-1.95133e-06,2.44574e-05,-2.13425e-05,-2.80134e-05,0.00479116,-0.00325035,-0.00085951,-0.00509166,-0.00509173,-0.00550485
-9.90355e-07,1.80422e-05,-1.52952e-05,-1.41815e-05,0.00525279,-0.00507534,0.0010012,-0.00300296,-0.00300134,-0.00352349
-4.32273e-07,3.44074e-05,-3.24057e-05,-3.37345e-05,-0.000704664,0.000469247,0.00122166,0.00646231,0.00645901,0.00676496
7.96815e-07,1.38281e-05,-7.32333e-06,-6.43461e-06,-0.000326538,0.000232785,-0.000141772,-0.00683933,-0.00683882,-0.00651354
1.14178e-06,2.51542e-05,-2.17953e-05,-2.75077e-05,-0.000362386,-0.000645419,0.000340577,0.00736485,0.00736534,0.00770443
-4.02346e-07,2.39548e-05,-1.75085e-05,-2.35549e-05,0.00242997,-0.00168151,0.00171124,0.000562861,0.000562408,0.000496682
1.49782e-06,1.35321e-05,-9.19005e-06,-1.47649e-05,0.0038464,-0.00503537,-0.00125934,-0.0064782,-0.00647927,-0.0063791
2.12251e-06,2.1422e-05,-1.83482e-05,-2.18658e-05,0.00435796,-0.00512431,-0.00118744,-0.00627941,-0.00627949,-0.0063467
2.03541e-06,-4.82071e-06,7.24994e-06,9.13128e-06,0.00591307,-0.00591333,-0.00127958,-0.00545372,-0.00545341,-0.00551271
-2.30619e-06,1.62484e-05,-1.57422e-05,-1.76609e-05,0.00152509,-0.000943788,-0.000260173,-0.00338032,-0.00338079,-0.00361723
-9.09875e-07,1.75274e-06,2.50019e-06,6.80604e-07,0.00457585,-0.00285724,-0.00131215,-0.00525382,-0.00525174,-0.00568639
4.66164e-07,1.70631e-05,-7.06176e-06,-1.49417e-05,0.00410607,-0.00414849,-0.0014138,-0.0041216,-0.00412144,-0.00535707
9.91332e-07,2.09432e-05,-2.2644e-05,-2.13259e-05,-0.00391773,0.00186991,0.00173862,0.006295,0.00629726,0.00693255
-6.90438e-07,2.38415e-05,-2.40853e-05,-1.64766e-05,0.0013487,-0.00157387,-0.00181414,0.00236076,0.0023602,0.00213774
-2.71416e-06,2.30832e-05,-2.22912e-05,-2.74394e-05,-0.00185018,0.00115148,0.00012185,-0.00626207,-0.0062628,-0.00639221
3.28469e-06,3.40301e-05,-3.56202e-05,-3.02918e-05,0.00349048,-0.00305958,-0.00103835,-0.00457595,-0.00457594,-0.0050689
-8.76029e-07,3.31582e-05,-3.30694e-05,-3.34594e-05,0.00455424,-0.00529533,-0.00227354,-0.00477328,-0.00477402,-0.00645782
5.0719e-08,-3.80353e-06,3.67918e-06,1.19864e-05,0.000114478,-0.000318827,0.000495767,-0.00677433,-0.00677392,-0.00649128
1.34161e-06,3.01881e-05,-2.94229e-05,-3.07301e-05,-0.00489562,0.00365218,0.00104203,-0.00668582,-0.0066866,-0.00643024
3.3239e-06,9.56037e-06,-8.23491e-06,-1.05475e-05,0.0022277,-0.00055611,0.000691726,-0.00403379,-0.00403321,-0.00399003
-1.96149e-06,2.66639e-05,-2.58872e-05,-2.5374e-05,-0.00177611,0.00262269,0.00152121,0.00661376,0.00661446,0.00693251
-4.57144e-07,2.0127e-05,-1.78875e-05,-1.07529e-05,0.00141873,-0.000225962,0.0018421,0.00326719,0.00326578,0.00347909
3.63892e-06,1.72079e-05,-1.70821e-05,-9.91824e-06,-0.000264769,0.000121934,0.00103228,0.00630881,0.00630788,0.00631993
-3.44411e-07,1.81375e-05,-1.64415e-05,-1.89079e-05,0.0021225,-0.00262264,0.000658951,0.00268622,0.00268411,0.00212732
1.60117e-06,-9.28012e-07,6.65398e-06,1.06374e-05,0.00108046,-0.0023297,-0.00254154,0.00580549,0.00580714,0.00545006
1.95803e-06,-6.18825e-06,1.64866e-05,1.19827e-05,0.00340386,-0.00283981,0.000988,-0.00288134,-0.00288193,-0.00252207
1.38732e-06,-8.89076e-06,1.37707e-05,1.2941e-05,0.00312775,-0.0028204,-0.00167494,-0.00642073,-0.00642172,-0.00632982
2.41773e-06,1.91432e-05,-1.56706e-05,-1.57226e-05,0.0005689,-0.000713048,0.000146878,-0.00543217,-0.00542882,-0.00564106
-2.40082e-06,3.54163e-05,-3.71527e-05,-3.16637e-05,0.00346662,-0.00204571,0.00171151,-0.00613559,-0.0061367,-0.00627545
3.29651e-06,3.00266e-05,-3.03756e-05,-3.09604e-05,-0.000899402,0.000678074,0.00166102,0.00690026,0.00690154,0.00781741
2.67205e-06,1.27123e-05,-8.52881e-06,-9.13895e-06,0.00522156,-0.00484361,0.000375122,-0.00153789,-0.00153488,-0.0019341
1.26673e-07,7.53523e-06,-6.4388e-06,-1.52243e-06,0.00502218,-0.00423987,0.000134465,-0.00104589,-0.00104708,-0.00180216
-7.1303e-07,1.44121e-05,-1.52561e-05,-1.15526e-05,-0.000257079,0.00111496,0.00168568,-0.00459665,-0.00459624,-0.00486437
1.364e-06,2.77334e-05,-3.09911e-05,-2.68309e-05,-0.00119071,0.000740633,0.00229222,0.0068019,0.00680159,0.00731479
3.9744e-06,1.45818e-06,2.61501e-06,2.82146e-06,0.00592884,-0.00624305,-0.00135233,-0.0031109,-0.00311159,-0.00331554
2.05282e-06,1.44717e-05,-1.30708e-05,-1.48296e-05,0.00244317,-0.00283872,-0.000445139,-0.00680626,-0.00680538,-0.00651481
7.98764e-07,2.01075e-05,-1.8669e-05,-2.03053e-05,0.00233251,-0.00249073,-0.00191419,-0.00515192,-0.00515022,-0.00549179
-7.5816e-07,1.221e-05,-7.16031e-06,-6.42925e-06,0.00252324,-0.00166619,8.48281e-05,-0.00529317,-0.00529246,-0.00563339
2.22808e-06,3.33728e-05,-3.08337e-05,-3.00108e-05,0.00130844,-0.00101345,0.00105853,-0.00662796,-0.00662964,-0.0065112
1.7404e-07,2.26255e-05,-2.37025e-05,-2.32066e-05,0.000842504,-0.000243335,2.42013e-05,0.00574708,0.0057491,0.00642669
7.01583e-07,1.08885e-05,-9.44948e-06,-1.03869e-05,-0.0021544,0.0018186,-0.000831401,-0.00683347,-0.0068357,-0.00651173
3.65623e-06,2.76747e-05,-2.48242e-05,-2.55703e-05,-0.00252534,0.000665791,-0.00349228,0.00907499,0.00907538,0.00872908
-2.3664e-07,1.84867e-05,-1.84816e-05,-1.39177e-05,0.00410319,-0.00381635,0.00148081,-0.00658475,-0.00658508,-0.00650859
1.17358e-06,5.43996e-06,6.61148e-07,-4.55718e-06,0.00253251,-0.002348,0.00128256,0.00241953,0.00241954,0.00289947
-1.4813e-06,3.03136e-05,-3.13628e-05,-3.00988e-05,0.00233625,0.000603966,0.0015733,-0.000322068,-0.000322253,-1.78036e-05
1.00113e-07,1.56974e-05,-1.7377e-05,-1.18623e-05,-0.00166321,0.000771002,0.00188649,0.00564908,0.00565052,0.00627146
-7.01717e-07,3.46143e-05,-3.43747e-05,-3.4014e-05,0.00326174,-0.00140983,0.00249599,-0.00274774,-0.00275021,-0.00283536
2.12256e-06,1.00964e-05,-1.1207e-05,-1.00836e-05,0.00379268,-0.00239372,0.00174444,-0.00358689,-0.00358782,-0.00351291
-2.5093e-06,2.33836e-05,-2.48109e-05,-2.24358e-05,0.000689849,-0.00131986,0.000258293,0.00587903,0.00587841,0.00653643
4.78072e-07,3.52966e-05,-3.3383e-05,-3.40796e-05,-0.00275118,0.0019268,0.000958811,0.00687552,0.00687475,0.00756364
-4.28538e-07,3.27033e-05,-2.93844e-05,-3.03228e-05,0.00490391,-0.00480301,0.000638207,-0.00682819,-0.00682854,-0.006514
-3.48414e-07,1.9245e-05,-1.38497e-05,-1.65605e-05,0.000806943,-0.000516144,0.00218231,0.00286749,0.00286755,0.00246948
-4.97341e-07,2.85126e-05,-3.02138e-05,-2.87899e-05,0.00038557,-0.00114552,0.000624324,0.00561049,0.00561078,0.00565323
2.69211e-06,9.76766e-06,-2.59945e-06,-1.0747e-05,-0.00135517,-0.000625016,-0.00210479,-0.00575938,-0.00576068,-0.00629452
2.7156e-06,1.15091e-05,-6.89531e-06,-1.18225e-05,-0.00285395,0.00135182,-0.00111472,-0.0053882,-0.00538778,-0.00639682
-1.29459e-07,1.44255e-05,-7.76765e-06,-1.38078e-05,-0.00208487,0.0013562,0.00129241,-0.00647476,-0.00647533,-0.00632215
2.7029e-06,2.90812e-05,-2.82246e-05,-2.89268e-05,0.00265695,-0.00164495,0.00161847,-0.00482665,-0.00482358,-0.00464747
-1.77102e-06,1.72223e-05,-1.24267e-05,-9.15889e-06,-0.00226074,0.00232894,0.000740707,0.00610592,0.00610535,0.00520169
1.41249e-06,1.31446e-05,-5.89148e-06,-1.17334e-05,-0.00353927,0.00281751,0.00235652,-0.00684594,-0.00684563,-0.00651512
2.6401e-06,3.00617e-05,-2.61888e-05,-3.285e-05,-0.00311243,0.00191112,0.00100733,-0.00681486,-0.00681291,-0.00651302
4.5764e-06,8.92137e-06,-9.46265e-06,-9.45474e-06,-0.000591975,0.00131256,0.00068514,-0.00363616,-0.00363547,-0.00345629
3.56521e-06,1.28198e-06,1.95695e-06,1.60394e-06,0.00200584,-0.00103878,-0.00174775,-0.0062906,-0.00628977,-0.00647576
-1.67925e-06,1.17241e-05,-6.30766e-06,-1.95359e-06,0.000561919,0.000631691,-0.000424752,-0.00653927,-0.00654101,-0.00631114
-1.65305e-06,1.30285e-05,-1.18515e-05,-7.8898e-06,0.00398269,-0.00161007,0.000955978,-0.00566715,-0.00566853,-0.00613728
3.33841e-06,1.84513e-05,-1.61661e-05,-1.79574e-05,-0.00542433,0.00360307,-0.000952393,0.0107462,0.0107443,0.00986044
-7.22496e-07,2.5451e-05,-2.35788e-05,-2.4616e-05,0.000467531,-0.000558241,0.00173365,-0.0037646,-0.00376207,-0.00476469
2.73673e-06,1.35632e-05,-8.54524e-06,-1.1941e-05,0.00073089,0.000103081,0.000652331,-0.00336661,-0.00336464,-0.00450455
4.33286e-06,2.04801e-06,2.59823e-06,-5.79711e-07,0.000462292,0.00110291,0.00207368,-0.00669125,-0.00669401,-0.00647371
2.64066e-06,4.26379e-06,-9.09308e-07,1.95927e-06,-0.00179438,0.00262129,-0.000693219,0.000863932,0.000862223,-0.00037907
8.7523e-07,2.18414e-05,-2.30026e-05,-1.94763e-05,-0.000149669,0.000333796,-0.00114173,-0.00626903,-0.00626875,-0.00622382
-6.54148e-07,2.08555e-05,-1.81799e-05,-1.53472e-05,0.0025837,-0.00172698,0.00108348,-0.0030619,-0.00306265,-0.00453764
-3.29122e-08,3.15731e-05,-3.08297e-05,-3.15724e-05,-0.00516879,0.00372073,0.000670683,0.0114188,0.0114198,0.0124238
8.54354e-08,2.98712e-05,-2.85256e-05,-2.54953e-05,0.00255729,-0.0034766,-0.00443552,0.000772045,0.000772714,-0.000875151
2.16119e-06,1.11336e-05,-2.15241e-06,-5.61906e-06,0.00327477,-0.00144483,0.00121978,-0.00602825,-0.00602933,-0.00643475
1.33636e-06,-1.57396e-06,9.02007e-06,9.15759e-06,0.00161324,-0.000355305,0.000658147,-0.00655963,-0.00655863,-0.00631357
-1.29775e-07,1.87898e-06,5.03577e-06,3.73031e-06,0.00584403,-0.00648019,-0.00313196,-0.00183565,-0.0018327,-0.00484974
1.38553e-06,1.15957e-05,-7.83086e-06,-1.13813e-05,0.000586506,-0.000306224,0.00160838,-0.00652088,-0.00651806,-0.00636633
-2.4114e-07,1.28758e-05,-1.07319e-05,-9.98352e-06,0.0022048,-0.000826941,0.00205336,-0.00143956,-0.00143855,-0.00210853
3.61579e-06,1.25673e-05,-1.14351e-05,-1.13664e-05,-0.00165229,0.00112157,-0.00379474,-0.0067767,-0.00677965,-0.00651374
1.56963e-06,1.81884e-05,-1.62646e-05,-1.13409e-05,-0.00389257,0.00443031,0.00253773,0.00839601,0.00839324,0.0091067
3.28785e-06,1.78884e-05,-1.60396e-05,-1.57379e-05,-0.000847605,-0.00085221,0.00177098,-0.00520018,-0.00519995,-0.00517678
-1.61628e-06,3.36689e-05,-2.73666e-05,-3.38349e-05,-2.71965e-05,0.00112556,0.00158339,0.00425515,0.00425434,0.00334079
1.4169e-06,9.22233e-07,4.3949e-06,6.85756e-06,0.00375606,-0.00278716,-7.04597e-05,-0.00617441,-0.00617466,-0.00609754
2.62868e-06,1.24843e-05,-8.23456e-06,-1.21081e-05,-1.48292e-05,0.00232544,0.000287511,-0.0060404,-0.00604237,-0.00616895
2.00053e-07,2.74232e-05,-2.29477e-05,-2.56154e-05,0.00115157,-0.000778169,0.000268238,-0.00665793,-0.00665509,-0.00649819
1.4713e-06,1.74348e-05,-1.77078e-05,-1.40726e-05,0.00379039,-0.00409839,0.000238368,-0.00629206,-0.0062919,-0.00636369
2.69385e-06,-1.53092e-05,1.67526e-05,1.87864e-05,-0.00334814,0.00328166,-0.00235656,-0.000731998,-0.000732054,-0.00213176
1.31322e-06,2.25879e-05,-2.07576e-05,-1.80288e-05,0.00338713,-0.00368115,-0.00320285,-0.00257097,-0.00257002,-0.00329255
1.32435e-06,2.51301e-05,-2.25306e-05,-2.41509e-05,-0.00116595,0.000992915,0.000721665,-0.0019971,-0.00199752,-0.00305742
1.44514e-06,1.218e-05,-9.61065e-06,-7.31887e-06,-0.0019222,0.00116652,-0.0051245,-0.00631896,-0.00631872,-0.00642931
3.43398e-06,3.01502e-05,-3.34933e-05,-2.54776e-05,-0.00472718,0.00402952,0.000313727,-0.00602211,-0.00602419,-0.00601876
3.83264e-07,3.41253e-05,-3.66723e-05,-3.21851e-05,0.00243708,-0.000252938,0.00181475,-0.00608496,-0.0060847,-0.00625545
2.34915e-06,3.06607e-05,-2.57854e-05,-2.94445e-05,0.00479538,-0.00260465,0.00232952,-0.00387426,-0.0038732,-0.00444335
3.37726e-06,-1.87671e-05,1.86894e-05,2.54595e-05,0.00130804,6.59344e-05,-0.000737048,-0.00572152,-0.00572037,-0.00589923
2.49508e-06,6.75157e-06,-3.48707e-06,-6.37473e-07,0.00186813,-0.000550123,0.00194833,-0.00575816,-0.0057568,-0.0054894
1.95549e-06,9.22784e-06,-2.76374e-06,-7.9645e-06,-0.0013658,0.000228103,0.00223454,-0.0020163,-0.00201721,-0.00214749
-6.43239e-09,2.44018e-05,-2.0097e-05,-1.99621e-05,0.00170537,-0.000372375,0.000983695,-0.00419151,-0.00419032,-0.00501369
3.64207e-06,8.7122e-06,-4.42835e-06,-4.72412e-06,0.000158553,0.0020078,0.00266643,-0.00497739,-0.00497655,-0.00551287
4.13346e-07,2.17278e-05,-2.1806e-05,-1.82359e-05,-0.00164784,0.00130651,0.0017869,-0.00617239,-0.00617358,-0.00596628
6.86984e-07,3.18534e-05,-2.80247e-05,-2.76953e-05,3.30987e-05,0.00239838,0.00252505,-0.00563478,-0.00563531,-0.00579235
4.27723e-07,1.53194e-05,-1.28083e-05,-9.32755e-06,0.00102668,0.00147986,-0.00017828,-0.0032137,-0.00321257,-0.0036278
3.52513e-06,-1.97147e-06,6.22065e-06,7.60871e-06,0.00616816,-0.00484799,0.000627823,-0.00520049,-0.00519997,-0.00607288
-9.35663e-07,3.36614e-05,-3.07791e-05,-3.67913e-05,0.00302052,-2.48406e-05,0.00147491,-0.00611166,-0.00611119,-0.00615965
-1.07658e-06,2.47662e-05,-2.61264e-05,-2.52139e-05,0.000327756,0.00133839,6.69424e-05,-0.00667231,-0.00667301,-0.00646093
1.68832e-07,1.41656e-05,-1.17231e-05,-7.70194e-06,0.002712,-0.00126069,-6.95974e-06,-0.00630637,-0.00630446,-0.00616761
-4.75087e-07,1.42577e-05,-1.24013e-05,-6.32799e-06,0.000809109,-0.0025847,-0.000490815,-0.00663667,-0.00663768,-0.00643292
4.16653e-07,2.38653e-05,-2.57696e-05,-2.00631e-05,-0.00342904,0.00493344,0.00152512,-0.00684152,-0.00684176,-0.00651207
3.17736e-06,2.76516e-05,-2.65732e-05,-2.58517e-05,0.000424564,-0.00149627,-0.00185196,-5.53291e-05,-5.30734e-05,-0.0019583
1.62073e-06,1.37146e-05,-7.34104e-06,-6.11792e-06,-0.00234382,0.00191961,-0.00247225,-0.00640732,-0.00640733,-0.0062766
6.56821e-07,-2.1544e-06,8.41684e-06,2.74386e-06,-0.00152489,-0.00113528,-0.00306429,-0.0066308,-0.00663151,-0.00644334
3.00962e-07,2.43783e-05,-2.41205e-05,-1.82252e-05,0.00216685,-0.00105582,-0.00240696,-0.00567067,-0.00566873,-0.00625496
4.62552e-07,1.4552e-05,-9.34279e-06,-1.34166e-05,0.000683793,-3.77981e-05,0.00220969,-0.00622907,-0.00622885,-0.00610094
1.73501e-06,1.31659e-05,-9.00639e-06,-9.19965e-06,-0.0060271,0.00448882,-0.0019927,-0.0068228,-0.00682434,-0.00651493
-2.29383e-07,2.58924e-05,-2.44046e-05,-2.16448e-05,0.000841573,-0.000603777,0.0006597,-0.00675507,-0.00675586,-0.00647178
1.14399e-06,2.24403e-05,-2.34268e-05,-1.94257e-05,0.00390662,-0.00399235,-0.00611188,-0.0054544,-0.0054512,-0.00628157
3.44264e-07,3.3917e-05,-3.48785e-05,-3.164e-05,-0.00933093,0.00583681,-0.00566646,-0.00676238,-0.00676108,-0.00651128
1.08009e-06,1.25244e-05,-7.60334e-06,-1.26563e-05,-0.00452476,0.00488146,0.000176427,0.00543786,0.00543724,0.006024
1.89059e-06,8.76153e-06,-7.25953e-06,-6.82292e-06,-0.000964035,0.00142465,-0.002515,-0.00584625,-0.00584807,-0.00575424
1.8521e-06,2.05126e-05,-1.58619e-05,-1.54937e-05,0.001941,-0.000497745,0.0011322,-0.00418605,-0.00418877,-0.00546177
-9.71181e-07,-1.96983e-06,7.88415e-06,7.30953e-06,0.000416005,-0.000316687,-0.00138451,-0.00362449,-0.00362555,-0.00451793
1.03098e-06,3.50266e-05,-3.38322e-05,-3.08528e-05,0.000487542,0.00039889,0.00299912,0.000361937,0.000360358,0.000772086
2.98193e-06,6.6273e-06,-4.9032e-06,2.20635e-07,-0.00341301,0.00244119,-0.000389512,0.00505041,0.00505058,0.00421405
1.03509e-06,3.43056e-05,-2.93727e-05,-3.10583e-05,-0.00555222,0.00306339,-0.00389295,-0.0064251,-0.00642342,-0.0063988
4.50195e-09,1.69816e-05,-1.692e-05,-1.15012e-05,-0.000474042,0.00120306,0.0012828,0.00151221,0.00151418,0.00121519
1.19861e-06,1.56975e-05,-1.25348e-05,-1.44266e-05,-0.00250243,0.00239789,0.00175437,0.00260258,0.00260389,0.00177967
3.0119e-06,1.28486e-05,-1.29736e-05,-5.71068e-06,-0.00535768,0.0054423,0.00307984,0.00249996,0.00250053,0.00332815
1.08421e-06,1.09741e-05,-7.98512e-06,-7.51684e-06,-0.00433267,0.00467224,0.0032403,0.00118367,0.00118224,0.00169594
3.16401e-07,1.29293e-05,-7.48066e-06,-8.98745e-06,-0.00838678,0.0053269,0.00180876,0.0141272,0.0141272,0.0158045
7.7897e-07,3.43488e-05,-3.55344e-05,-3.41652e-05,-0.00640817,0.00380212,-0.00357091,-0.00241503,-0.00241611,-0.00451805
6.21778e-07,1.38348e-05,-1.10747e-05,-1.2635e-05,0.0028859,-0.00248472,-0.000728606,-0.00621961,-0.00621977,-0.00627697
2.62639e-06,2.17635e-05,-2.02986e-05,-2.12258e-05,-0.000624455,0.00116482,-0.000616608,-0.00654813,-0.00654617,-0.0063548
-3.83042e-07,3.54713e-05,-3.72298e-05,-3.79784e-05,-0.000530972,0.00216215,-0.00215186,-0.00613499,-0.00613495,-0.0064001
7.70692e-07,1.73861e-05,-1.12876e-05,-1.12092e-05,-0.00150428,0.00125262,-0.00150048,0.000760846,0.000758728,-0.00108858
-1.68384e-06,1.29457e-05,-8.9649e-06,-9.80586e-06,0.000330054,-0.00500708,-0.00876524,-0.00656292,-0.00656297,-0.00640408
3.37672e-06,-1.70111e-06,4.49202e-06,4.90498e-06,0.00108367,-0.00155665,-0.000599241,-0.00584268,-0.00584584,-0.00631052
4.21254e-07,2.85123e-05,-2.53505e-05,-2.68491e-05,-0.000424327,0.00127496,0.000661037,-0.000938611,-0.000938822,-0.00138326
-5.35918e-07,2.72777e-05,-2.89702e-05,-2.34871e-05,-0.002559,0.00290758,0.000513272,-0.00393036,-0.00393142,-0.00393459
-1.01017e-06,1.21183e-05,-8.99432e-06,-1.43222e-05,0.000717259,-0.00140832,-0.0022563,-0.00659726,-0.00659569,-0.00651148
-4.90966e-07,2.61401e-05,-2.03386e-05,-2.08658e-05,-0.00230129,0.00184843,-0.00171902,-0.00580416,-0.00580461,-0.00594542
-5.05984e-07,2.91306e-05,-2.81225e-05,-2.70147e-05,0.0013603,-0.000965081,-0.002537,-0.00672027,-0.00671886,-0.0065139
1.26966e-06,1.18541e-05,-7.01096e-06,-1.19123e-05,-0.000140704,0.00207838,0.00219149,-0.00566429,-0.00566344,-0.00613879
-3.52892e-07,1.86774e-05,-1.75534e-05,-1.77843e-05,-0.00208676,0.00386079,0.000768214,0.00179332,0.00179234,0.00220661
2.65104e-06,2.74103e-05,-2.4598e-05,-2.73136e-05,0.000722357,0.000947912,0.00137835,-0.00617842,-0.00617928,-0.00617138
1.77138e-06,1.21207e-05,-1.25079e-05,-1.15031e-05,-0.000890628,0.000944085,-0.00322917,-0.00607205,-0.00607273,-0.00629646
2.11219e-06,2.80377e-05,-2.32417e-05,-2.63115e-05,-0.0019217,0.00325692,-0.000771388,-0.00573758,-0.00573688,-0.0055275
-6.52063e-07,3.22799e-05,-3.34012e-05,-3.18656e-05,-0.00125381,0.000700209,-0.00280442,-0.00652471,-0.00652485,-0.00630672
1.59631e-06,2.17222e-05,-1.69711e-05,-1.83268e-05,-0.00169454,0.00351383,0.000236707,-0.00506557,-0.00506743,-0.00509615
2.67295e-06,1.23544e-05,-1.03731e-05,-6.5481e-06,0.00274754,-0.00101571,-0.00134728,-0.00535794,-0.00536035,-0.00592563
-6.93331e-07,2.61018e-05,-2.64642e-05,-2.59686e-05,-0.00618361,0.00383442,-0.00249832,-0.00614146,-0.00614174,-0.00636935
-2.69447e-06,1.67916e-05,-2.22261e-05,-2.24762e-05,-0.000997056,0.00280031,-0.00147811,-0.00513762,-0.00513762,-0.00564521
-2.69447e-06,1.8608e-05,-2.39806e-05,-2.42306e-05,0.000561337,0.000904019,0.000688528,-0.0011935,-0.0011935,-0.00345123
-3.05092e-06,2.58729e-05,-3.21698e-05,-3.24197e-05,-0.00283244,0.00409916,0.00151303,-0.003885,-0.00388499,-0.00347792
-3.05092e-06,2.58729e-05,-3.21698e-05,-3.24197e-05,-0.0020398,0.00395659,0.0025579,-0.00449482,-0.00449481,-0.00428867
-3.40843e-06,1.57539e-05,-2.04717e-05,-2.07218e-05,-0.00204944,0.00226084,-8.12982e-05,-0.00614275,-0.00614275,-0.00643706
-2.33696e-06,9.26692e-06,-1.40378e-05,-1.4288e-05,-0.00102345,-0.000696428,-0.001062,-0.0067367,-0.0067367,-0.00646459
-2.33696e-06,1.21211e-05,-1.69619e-05,-1.72121e-05,0.00273831,-0.00484587,-0.00525074,-0.00569859,-0.00569859,-0.00646626
-1.623e-06,-1.88983e-06,-2.3396e-06,-2.59013e-06,-0.00250485,0.00129939,-0.0080704,-0.00648722,-0.00648721,-0.00646987
-3.05092e-06,2.06835e-05,-2.63207e-05,-2.65707e-05,0.00307787,-0.00357503,-0.00507567,-0.00661915,-0.00661915,-0.00649934
-2.33696e-06,1.21211e-05,-1.69619e-05,-1.72121e-05,0.00147481,0.000271396,0.00244034,-0.000221857,-0.000221848,-5.69552e-05
-1.98051e-06,6.15373e-06,-1.0528e-05,-1.07783e-05,0.00198556,-0.00053116,0.000715866,-0.0056361,-0.00563609,-0.00551815
-2.33696e-06,1.34186e-05,-1.87172e-05,-1.89673e-05,0.00435534,-0.0038953,-0.0023361,8.28285e-06,8.29208e-06,-0.001064
-3.05092e-06,2.24999e-05,-2.866e-05,-2.89099e-05,0.00136495,0.000331565,0.00311827,-0.00634511,-0.00634511,-0.00614151
-1.98051e-06,1.22336e-06,-5.2637e-06,-5.51416e-06,0.00281327,-0.00152153,-0.00087166,-0.00629403,-0.00629402,-0.00642928
-1.95094e-07,-3.25067e-05,3.09995e-05,3.07483e-05,0.00714545,-0.00971204,-0.0074465,-0.00552078,-0.00552077,-0.00649712
-1.98051e-06,3.81845e-06,-8.18868e-06,-8.43907e-06,0.00521895,-0.00542765,-0.00284384,-0.00545605,-0.00545605,-0.0062113
-3.40843e-06,2.84672e-05,-3.45091e-05,-3.47589e-05,0.00327832,-0.00297303,0.000453139,-0.00535884,-0.00535883,-0.00564243
-1.623e-06,-4.48493e-06,5.84504e-07,3.3391e-07,0.00460482,-0.00705842,-0.00404325,-0.00292327,-0.00292327,-0.00489869
-3.40843e-06,3.05435e-05,-3.68484e-05,-3.70981e-05,0.00217138,-0.00186652,-0.00166369,-0.00621442,-0.00621442,-0.0063189
-2.33696e-06,1.03046e-05,-1.52074e-05,-1.54576e-05,0.00110816,-0.00162818,0.000825346,-0.0065879,-0.0065879,-0.00642872
-1.623e-06,-2.92756e-06,-1.16996e-06,-1.42051e-06,0.00135481,-0.00385053,-0.000275873,-0.00618317,-0.00618317,-0.00636088
-1.98051e-06,7.04492e-07,-4.67888e-06,-4.92936e-06,0.00421124,-0.00195514,0.00143692,-0.00613209,-0.00613208,-0.00626468
-1.98051e-06,5.11523e-06,-9.94314e-06,-1.01935e-05,0.00244247,-0.00224277,0.00122155,-0.00503074,-0.00503073,-0.00526125
-1.623e-06,-3.44643e-06,-5.85137e-07,-8.35704e-07,0.00188866,-0.00435302,-0.00236126,-0.00570752,-0.00570751,-0.00609452
-2.33696e-06,1.03046e-05,-1.52074e-05,-1.54576e-05,-0.00265659,0.00177669,0.00279291,0.00886098,0.008861,0.0102732
-2.33696e-06,9.00787e-06,-1.40378e-05,-1.4288e-05,0.00207881,-0.00310954,0.000661319,-0.00444274,-0.00444274,-0.00455448
-1.623e-06,-1.37097e-06,-2.3396e-06,-2.59013e-06,0.00104899,-0.00141099,-0.0027472,-0.00610754,-0.00610753,-0.00638257
-1.623e-06,-2.92756e-06,-1.16996e-06,-1.42051e-06,-0.00177536,0.000833278,0.000318247,0.00764506,0.00764507,0.00835032
-1.98051e-06,1.22336e-06,-5.2637e-06,-5.51416e-06,0.000370033,-0.00115943,0.000406806,0.00540119,0.00540121,0.00592278
-1.98051e-06,2.5209e-06,-7.01904e-06,-7.26946e-06,0.00208329,-0.00198624,0.000130218,-0.00480531,-0.00480531,-0.00501935
-1.623e-06,-8.52103e-07,-2.92442e-06,-3.17493e-06,0.000394631,-0.00154874,-0.00254916,-0.00666106,-0.00666106,-0.00651519
-2.69447e-06,1.47162e-05,-1.98868e-05,-2.0137e-05,0.00288956,-0.00309912,0.000891958,-0.00625807,-0.00625806,-0.00646181
-1.623e-06,-2.92756e-06,-1.16996e-06,-1.42051e-06,0.00104816,-0.000162687,0.00228812,-0.00628733,-0.00628733,-0.00636199
-5.52603e-07,-2.49828e-05,2.28112e-05,2.25601e-05,-0.00130184,-0.000415488,-0.00111051,0.00547485,0.00547486,0.00610628
-1.623e-06,-1.88983e-06,-2.3396e-06,-2.59013e-06,-0.00156495,0.000844628,-0.00231903,0.000432851,0.000432861,5.28693e-05
-1.623e-06,-4.48493e-06,5.84504e-07,3.3391e-07,0.000462112,-0.00201578,0.000400004,-0.00660675,-0.00660675,-0.00649879
-1.98051e-06,6.15373e-06,-1.0528e-05,-1.07783e-05,-0.000281498,-0.000644656,-0.000553102,-0.00635727,-0.00635726,-0.00648211
-5.52603e-07,-2.65394e-05,2.45656e-05,2.43145e-05,0.00179758,-0.00206553,-0.00293163,-0.00411563,-0.00411563,-0.00553956
-1.98051e-06,3.03977e-06,-7.01904e-06,-7.26946e-06,0.0013209,-0.000454666,7.13065e-05,-0.00644208,-0.00644208,-0.00641371
-2.69447e-06,1.73105e-05,-2.28109e-05,-2.3061e-05,0.000146319,-0.0012311,-0.00288016,-0.00600263,-0.00600263,-0.00622381
-2.33696e-06,8.48901e-06,-1.34529e-05,-1.37032e-05,0.00111647,0.0014659,0.00297195,-0.00682201,-0.00682201,-0.00651603
-3.05092e-06,2.04244e-05,-2.63207e-05,-2.65707e-05,-0.0018347,0.00182473,-0.00116647,-0.00651896,-0.00651896,-0.00640175
-1.98051e-06,1.85627e-07,-4.09406e-06,-4.34455e-06,0.00241371,-0.0032745,-0.000585703,-0.00643787,-0.00643786,-0.00644123
-2.33696e-06,7.45051e-06,-1.22833e-05,-1.25336e-05,0.00526017,-0.00338659,-0.000347747,-0.00571223,-0.00571223,-0.00617905
-2.69447e-06,1.67916e-05,-2.22261e-05,-2.24762e-05,0.00083508,0.000200966,0.00256304,-0.00633123,-0.00633122,-0.00637284
-1.98051e-06,7.04492e-07,-4.67888e-06,-4.92936e-06,0.00418514,-0.00362213,-0.000134819,-0.0065197,-0.0065197,-0.00649545
-3.40843e-06,3.00246e-05,-3.62636e-05,-3.65133e-05,0.00162091,-0.00417422,-0.00299837,-0.00597709,-0.00597709,-0.00632613
-1.623e-06,-6.04152e-06,2.33984e-06,2.0892e-06,0.00120855,-6.47386e-05,0.000105447,-0.00630444,-0.00630444,-0.00646681
-1.98051e-06,6.41278e-06,-1.11128e-05,-1.13631e-05,0.0027905,-0.00183869,-0.000681706,-0.00404148,-0.00404148,-0.00461704
-3.05092e-06,2.40565e-05,-2.98297e-05,-3.00796e-05,0.000805828,-0.00171494,-0.00119304,-0.00617152,-0.00617151,-0.0061885
-1.623e-06,-8.52103e-07,-2.92442e-06,-3.17493e-06,-6.60935e-05,-0.000150094,-0.00300825,-0.00674464,-0.00674463,-0.00651519
-1.623e-06,-8.52103e-07,-2.92442e-06,-3.17493e-06,-0.0035945,0.00230033,-0.00336532,-0.00672976,-0.00672975,-0.00651241
-1.98051e-06,2.00204e-06,-6.43422e-06,-6.68465e-06,0.00100893,0.00108421,-0.000779506,-0.00289649,-0.00289648,-0.0030047
-2.33696e-06,9.78578e-06,-1.46226e-05,-1.48728e-05,0.00388032,-0.00647104,-0.0044682,-0.00659782,-0.00659782,-0.00651491
-1.623e-06,-8.52103e-07,-2.92442e-06,-3.17493e-06,0.00402741,-0.00475165,-0.00259729,-0.00595923,-0.00595923,-0.00633113
-1.623e-06,-5.52266e-06,1.75502e-06,1.5044e-06,0.00299627,-0.0033356,-0.00191756,-0.00632453,-0.00632453,-0.00642427
-1.98051e-06,3.55863e-06,-7.60386e-06,-7.85426e-06,0.00511657,-0.00552047,-0.00029782,-0.00552574,-0.00552573,-0.00626385
-2.69447e-06,1.36777e-05,-1.87172e-05,-1.89673e-05,0.00314004,-0.00310036,-0.0031144,-0.00646688,-0.00646688,-0.00644596
-5.52603e-07,-2.34254e-05,2.16415e-05,2.13905e-05,0.00223886,-0.00296013,-0.00113246,0.00379468,0.00379469,0.00387365
-9.09049e-07,-1.38253e-05,1.1113e-05,1.08622e-05,-0.00319095,0.00295083,0.00185816,-0.00652218,-0.00652218,-0.0063531
-1.623e-06,-1.88983e-06,-2.3396e-06,-2.59013e-06,0.00196944,-0.00135673,0.00196481,-0.00677489,-0.00677489,-0.00650296
-5.52603e-07,-2.18688e-05,1.98862e-05,1.96352e-05,0.000468096,-0.00206398,-0.00117007,-0.00646142,-0.00646142,-0.00647376
-1.98051e-06,4.85618e-06,-9.35832e-06,-9.60869e-06,-0.000108143,-0.00132548,-0.00381325,-0.00633197,-0.00633197,-0.00645569
-1.623e-06,-1.88983e-06,-2.3396e-06,-2.59013e-06,0.00418265,-0.00408374,-0.000913501,-0.00413994,-0.00413993,-0.00487172
-3.40843e-06,3.21001e-05,-3.86037e-05,-3.88534e-05,0.00127802,0.000323325,0.00155757,-0.00622707,-0.00622706,-0.0062683
-2.33696e-06,1.03046e-05,-1.52074e-05,-1.54576e-05,-0.00328535,0.00138303,-0.00209969,-0.00684805,-0.00684805,-0.00651658
-1.623e-06,-5.00379e-06,1.16933e-06,9.18718e-07,5.35755e-05,-0.00134242,-0.00310015,-0.00677117,-0.00677117,-0.00651658
-2.33696e-06,8.22919e-06,-1.28681e-05,-1.31184e-05,0.000304548,-0.000729389,-0.00185737,-0.00659385,-0.00659385,-0.00647015
-1.98051e-06,1.85627e-07,-4.09406e-06,-4.34455e-06,0.000416571,-0.000583554,-0.00373483,-0.00668288,-0.00668288,-0.00648266
-1.623e-06,-2.4087e-06,-1.75478e-06,-2.00532e-06,0.00145304,-0.00452342,-0.00920383,-0.00430089,-0.00430088,-0.00644374
-1.98051e-06,3.81845e-06,-8.18868e-06,-8.43907e-06,0.00311145,-0.00151655,0.000704829,-0.00659361,-0.0065936,-0.00649768
-2.33696e-06,1.21211e-05,-1.69619e-05,-1.72121e-05,0.00077857,-0.000755819,-0.00302122,-0.00408092,-0.00408091,-0.0053694
-3.40843e-06,2.74295e-05,-3.39243e-05,-3.41741e-05,0.00619542,-0.00707023,-0.000258674,-0.00656583,-0.00656583,-0.00647265
-2.33696e-06,8.22919e-06,-1.28681e-05,-1.31184e-05,-0.000860229,0.00077622,-0.00191256,-0.004472,-0.004472,-0.00605226
-1.623e-06,-1.37097e-06,-2.3396e-06,-2.59013e-06,-1.5068e-05,4.50258e-05,-0.000142648,-0.00671959,-0.00671958,-0.00651603
-1.623e-06,-2.4087e-06,-1.75478e-06,-2.00532e-06,0.00498028,-0.00571575,-0.00317998,-0.00355045,-0.00355045,-0.00484558
-1.98051e-06,1.85627e-07,-4.09406e-06,-4.34455e-06,0.00203991,-0.000401806,0.00201448,-0.00487996,-0.00487995,-0.00538553
-1.26656e-06,-1.07121e-05,7.60323e-06,7.35247e-06,0.00468859,-0.00732303,-0.00417288,-0.00390285,-0.00390285,-0.00586375
-1.623e-06,-8.52103e-07,-2.92442e-06,-3.17493e-06,0.00084339,0.000503519,0.000149085,-0.00640116,-0.00640116,-0.0064379
-1.26656e-06,-1.07121e-05,7.60323e-06,7.35247e-06,0.00502249,-0.00720829,-0.00959631,-0.005432,-0.00543199,-0.00649684
-1.623e-06,-1.88983e-06,-2.3396e-06,-2.59013e-06,0.00106478,0.000279947,0.00126173,-0.00646911,-0.00646911,-0.00633502
-2.33696e-06,1.28997e-05,-1.81315e-05,-1.83817e-05,-0.00270779,0.00274934,-0.000872302,-0.00651574,-0.00651573,-0.00639758
-2.33696e-06,9.26692e-06,-1.40378e-05,-1.4288e-05,0.0072864,-0.00852671,-0.00180616,-0.00523211,-0.00523211,-0.00601083
-1.26656e-06,-1.07121e-05,7.60323e-06,7.35247e-06,-0.00380841,-0.000433056,-0.0066193,-0.00684383,-0.00684383,-0.00651658
-1.623e-06,-6.56039e-06,2.92466e-06,2.67401e-06,0.000573969,-0.00112134,-0.000402551,-0.00623327,-0.00623326,-0.00618905
-2.33696e-06,1.03046e-05,-1.52074e-05,-1.54576e-05,-0.00293615,-0.00142358,-0.00669233,-0.00684805,-0.00684805,-0.00651658
-1.623e-06,-2.92756e-06,-1.16996e-06,-1.42051e-06,0.00567785,-0.00463893,0.00126891,-0.00470289,-0.00470288,-0.0056758
-2.33696e-06,9.78578e-06,-1.46226e-05,-1.48728e-05,0.00254053,-0.00339654,-0.000361994,-0.00684607,-0.00684606,-0.00651658
-2.33696e-06,9.26692e-06,-1.40378e-05,-1.4288e-05,0.00384309,-0.00297801,-0.00388769,-0.0059513,-0.00595129,-0.00643595
-1.623e-06,-8.52103e-07,-2.92442e-06,-3.17493e-06,0.00119076,-0.00156553,-0.00457088,-0.00684706,-0.00684705,-0.00651658
-2.33696e-06,1.23809e-05,-1.75467e-05,-1.77969e-05,0.00422188,-0.00429907,-0.000111716,-0.00333296,-0.00333295,-0.00486755
-2.33696e-06,1.13432e-05,-1.6377e-05,-1.66272e-05,0.000522113,-0.00161668,-0.00075358,-0.00634611,-0.0063461,-0.00624939
-2.33696e-06,1.31588e-05,-1.81315e-05,-1.83817e-05,0.00350719,-0.00338348,2.60004e-05,-0.00333023,-0.00333023,-0.00380711
-1.623e-06,-2.4087e-06,-1.75478e-06,-2.00532e-06,0.00384475,-0.00446434,-0.00179383,-0.00644134,-0.00644133,-0.00648044
-1.623e-06,-3.33238e-07,-3.50924e-06,-3.75974e-06,5.6068e-05,0.000106594,1.45773e-05,-0.00577745,-0.00577745,-0.00579369
-1.623e-06,-6.56039e-06,2.92466e-06,2.67401e-06,0.00271505,-0.000727834,0.00146644,-0.00674166,-0.00674166,-0.00650824
-1.623e-06,-8.52103e-07,-2.92442e-06,-3.17493e-06,0.00353594,-0.00214513,0.000792489,-0.00555922,-0.00555921,-0.00625801
-1.98051e-06,7.04492e-07,-4.67888e-06,-4.92936e-06,1.01951e-05,-0.000392477,-0.00246496,-0.00680564,-0.00680564,-0.00651575
-1.623e-06,-1.88983e-06,-2.3396e-06,-2.59013e-06,0.0038293,-0.00328989,0.000644762,-0.00641753,-0.00641753,-0.00643567
-2.33696e-06,1.03046e-05,-1.52074e-05,-1.54576e-05,0.000161444,-0.00129516,-0.000474554,-0.00683664,-0.00683664,-0.00651658
-2.33696e-06,1.03046e-05,-1.52074e-05,-1.54576e-05,0.00373007,-0.00543185,-0.00272448,-0.00672604,-0.00672603,-0.00651658
-3.40843e-06,2.82082e-05,-3.45091e-05,-3.47589e-05,-0.000263049,-0.000401494,8.00345e-05,-0.00644109,-0.00644109,-0.00650379
-2.33696e-06,1.28997e-05,-1.81315e-05,-1.83817e-05,0.00173443,-0.000808214,0.00157233,-0.00684011,-0.00684011,-0.00651658
-2.33696e-06,9.00787e-06,-1.40378e-05,-1.4288e-05,0.00624378,-0.00799188,-0.00394057,-0.00672232,-0.00672231,-0.00651658
2.30428e-06,-7.68762e-05,7.95458e-05,7.92934e-05,0.00433756,-0.00301097,0.00100272,-0.00609638,-0.00609637,-0.0060556
-1.95094e-07,-3.43231e-05,3.33388e-05,3.30875e-05,-0.00403262,0.00217844,-0.000500736,0.0117439,0.0117439,0.0125629
-1.95094e-07,-3.32854e-05,3.21692e-05,3.19179e-05,-0.00404558,0.00222477,-0.000798502,0.0117174,0.0117174,0.012594
-1.95094e-07,-3.25067e-05,3.15844e-05,3.13331e-05,-0.0034145,0.00180281,-0.000551434,0.0108566,0.0108566,0.0116695
5.18862e-07,-4.36642e-05,4.32825e-05,4.3031e-05,-0.00348347,0.00179271,-0.000457741,0.0108509,0.0108509,0.0117496
-1.95094e-07,-3.06911e-05,2.92451e-05,2.89938e-05,-0.00400021,0.00215745,-0.000308216,0.0115736,0.0115736,0.0125551
-1.95094e-07,-3.30264e-05,3.15844e-05,3.13331e-05,-0.00409279,0.00216025,0.000319273,0.0116524,0.0116524,0.0126171
8.76372e-07,-5.53399e-05,5.61503e-05,5.58985e-05,-0.0037268,0.00195673,-0.000911961,0.0110148,0.0110148,0.0116809
8.76372e-07,-5.01504e-05,5.03012e-05,5.00495e-05,-0.00356092,0.00186485,-0.000121599,0.0108965,0.0108965,0.0114944
1.61352e-07,-4.10691e-05,4.03576e-05,4.0106e-05,-0.00355893,0.00191413,-0.000651416,0.0110074,0.0110074,0.011816
5.18862e-07,-4.52208e-05,4.5037e-05,4.47854e-05,-0.00340419,0.00162806,-6.47411e-05,0.0110116,0.0110116,0.0119698
1.61352e-07,-3.63994e-05,3.5679e-05,3.54276e-05,-0.00418636,0.00214657,-0.000581467,0.0117893,0.0117893,0.0126732
-1.95094e-07,-3.25067e-05,3.15844e-05,3.13331e-05,-0.00388686,0.00206059,0.000133683,0.0114136,0.0114136,0.0123354
1.61352e-07,-4.15888e-05,4.09432e-05,4.06917e-05,-0.00350807,0.00164625,-0.000425268,0.0111887,0.0111887,0.0119617
5.18862e-07,-4.72963e-05,4.73763e-05,4.71246e-05,-0.00391661,0.00193326,7.28464e-05,0.0115634,0.0115634,0.0124514
5.18862e-07,-4.70373e-05,4.67915e-05,4.65398e-05,-0.00418287,0.00203323,-0.00166433,0.0118667,0.0118667,0.012559
1.61352e-07,-4.05503e-05,4.03576e-05,4.0106e-05,-0.00391943,0.00199482,-0.000519732,0.0114843,0.0114843,0.0122153
5.18862e-07,-4.8075e-05,4.7962e-05,4.77103e-05,-0.00401351,0.00209681,-0.000283316,0.0116256,0.0116257,0.0123299
1.61352e-07,-3.92535e-05,3.86031e-05,3.83516e-05,-0.00409528,0.00221824,-0.000610987,0.0116814,0.0116815,0.0125167
5.18862e-07,-4.34044e-05,4.26977e-05,4.24461e-05,-0.00334236,0.00166646,0.000113019,0.010925,0.0109251,0.0117176
1.61352e-07,-3.56207e-05,3.45093e-05,3.4258e-05,-0.00346768,0.00164392,0.000151524,0.0110897,0.0110897,0.0118336
1.61352e-07,-3.69182e-05,3.5679e-05,3.54276e-05,-0.00413783,0.0022952,7.19483e-05,0.0116219,0.0116219,0.0126515
1.61352e-07,-4.00314e-05,3.91879e-05,3.89364e-05,-0.00428808,0.00219088,-0.000618174,0.0119418,0.0119418,0.0127258
1.61352e-07,-3.84748e-05,3.74334e-05,3.7182e-05,-0.00396996,0.00221482,1.72724e-05,0.0113496,0.0113496,0.0121892
1.61352e-07,-4.05503e-05,4.03576e-05,4.0106e-05,-0.00418254,0.00222835,-0.000535391,0.0118444,0.0118444,0.0125381
1.61352e-07,-3.92535e-05,3.86031e-05,3.83516e-05,-0.00297538,0.00112681,-0.000936475,0.0106684,0.0106684,0.011116
-9.09049e-07,-1.77171e-05,1.52076e-05,1.49567e-05,0.00256263,-0.00235922,-0.00423833,-0.00616581,-0.00616581,-0.00638285
-5.52603e-07,-2.49828e-05,2.3396e-05,2.31449e-05,-0.00258097,0.001872,6.49112e-06,0.00635994,0.00635996,0.00528385
-5.52603e-07,-2.52418e-05,2.3396e-05,2.31449e-05,-0.00466869,0.00249856,-0.000238267,0.0122657,0.0122657,0.0130842
1.61352e-07,-3.92535e-05,3.86031e-05,3.83516e-05,-0.00236141,0.000947708,-6.73085e-05,0.00998192,0.00998194,0.0104006
-1.95094e-07,-3.30264e-05,3.15844e-05,3.13331e-05,0.00220895,-0.00149665,-0.00107625,-0.000429677,-0.000429668,-0.0017591
5.18862e-07,-4.26265e-05,4.21129e-05,4.18613e-05,-0.00227681,0.000967453,-0.000113256,0.00974831,0.00974833,0.0101181
5.18862e-07,-4.18478e-05,4.15281e-05,4.12765e-05,-0.0025823,0.000910083,-0.000612783,0.0104606,0.0104606,0.0107267
-5.52603e-07,-2.26475e-05,2.0471e-05,2.022e-05,0.00366891,-0.00210487,-0.000178971,-0.00091054,-0.000910532,-0.00139237
5.18862e-07,-4.26265e-05,4.21129e-05,4.18613e-05,-0.00271044,0.00117221,-0.000447088,0.0101813,0.0101813,0.0106055
1.61352e-07,-3.71773e-05,3.62638e-05,3.60124e-05,0.00458437,-0.00357829,-0.00127364,-0.00337239,-0.00337239,-0.00357384
1.59033e-06,-6.31244e-05,6.43387e-05,6.40866e-05,-0.003294,0.00129923,-0.00151224,0.0109742,0.0109742,0.0113926
1.59033e-06,-6.31244e-05,6.43387e-05,6.40866e-05,-0.00295311,0.00116226,-0.00183131,0.010806,0.010806,0.0111732
1.61352e-07,-3.7956e-05,3.68486e-05,3.65972e-05,-0.00414414,0.00194429,-0.00181244,0.0118176,0.0118176,0.0124249
-5.52603e-07,-2.67984e-05,2.51505e-05,2.48993e-05,-0.00536294,0.0029768,-0.0008157,0.0128996,0.0128996,0.0135616
-1.95094e-07,-3.1469e-05,3.04147e-05,3.01634e-05,-0.00450049,0.00235739,-0.00101438,0.0123024,0.0123024,0.0129671
-5.52603e-07,-2.49828e-05,2.3396e-05,2.31449e-05,-0.0046544,0.00245534,-0.000337864,0.0120894,0.0120894,0.0126235
-5.52603e-07,-2.52418e-05,2.3396e-05,2.31449e-05,-0.00429406,0.00228385,-0.000370849,0.0119421,0.0119421,0.0122206
-1.95094e-07,-2.99124e-05,2.86603e-05,2.8409e-05,-0.00456781,0.00252421,-6.21491e-06,0.0122295,0.0122295,0.0129702
-5.52603e-07,-2.44639e-05,2.28112e-05,2.25601e-05,-0.00424736,0.0023692,-0.000313735,0.0118377,0.0118377,0.0130286
-5.52603e-07,-2.44639e-05,2.28112e-05,2.25601e-05,-0.00442354,0.00244974,-0.000179997,0.0119299,0.0119299,0.012981
-1.623e-06,-7.07925e-06,3.50948e-06,3.25882e-06,-0.00534798,0.00359216,0.00089645,0.0122898,0.0122898,0.0136483
1.61352e-07,-3.97724e-05,3.91879e-05,3.89364e-05,-0.00326026,0.00161174,-1.19907e-05,0.0108125,0.0108125,0.0116881
1.23282e-06,-5.84538e-05,5.96593e-05,5.94073e-05,-0.00349012,0.00154255,-0.000848814,0.0110436,0.0110436,0.0116765
1.59033e-06,-6.57187e-05,6.72637e-05,6.70115e-05,-0.00259078,0.000926718,-0.000650774,0.0102813,0.0102813,0.0108565
8.76372e-07,-5.4821e-05,5.55655e-05,5.53136e-05,0.00552245,-0.00448766,-0.000408455,-0.00327344,-0.00327344,-0.00399006
1.23282e-06,-6.05293e-05,6.14146e-05,6.11626e-05,-0.00332541,0.0015284,-0.000398829,0.0106756,0.0106756,0.0113217
-1.95094e-07,-2.8096e-05,2.63201e-05,2.60689e-05,0.00454648,-0.0032532,0.000244062,-0.00349862,-0.00349862,-0.00387245
8.76372e-07,-5.01504e-05,5.03012e-05,5.00495e-05,-0.00366065,0.00172212,-0.000887062,0.0111956,0.0111956,0.0117643
-1.95094e-07,-3.04313e-05,2.92451e-05,2.89938e-05,0.00468908,-0.00372444,0.000273966,-0.00276877,-0.00276876,-0.00289376
-5.52603e-07,-2.75771e-05,2.57353e-05,2.54841e-05,-0.00522382,0.00292518,-0.000841113,0.0128706,0.0128706,0.0135952
-1.95094e-07,-2.78369e-05,2.63201e-05,2.60689e-05,0.00210424,-0.00250677,-0.000105171,-0.00345969,-0.00345968,-0.00366837
-1.95094e-07,-3.04313e-05,2.92451e-05,2.89938e-05,-0.00336247,0.00190729,-0.000768597,0.0101878,0.0101878,0.00971631
-5.52603e-07,-2.62796e-05,2.45656e-05,2.43145e-05,0.00306308,-0.00402435,-0.00123283,-0.00424906,-0.00424905,-0.00468515
-5.52603e-07,-2.49828e-05,2.28112e-05,2.25601e-05,-0.00469761,0.00249327,-0.000986915,0.0122161,0.0122161,0.0123474
-5.52603e-07,-2.62796e-05,2.45656e-05,2.43145e-05,-0.00526288,0.00294897,-0.000606495,0.0126424,0.0126424,0.0130338
-9.09049e-07,-1.95336e-05,1.69621e-05,1.67111e-05,0.00282291,-0.00319054,-0.00130252,-0.0048688,-0.00486879,-0.00518228
-5.52603e-07,-2.4723e-05,2.28112e-05,2.25601e-05,-0.00463479,0.00285615,-0.000767057,0.0114183,0.0114183,0.0114326
-1.95094e-07,-2.78369e-05,2.63201e-05,2.60689e-05,-0.00430686,0.00262947,-0.000845477,0.0111902,0.0111902,0.0111774
-1.95094e-07,-3.06911e-05,2.92451e-05,2.89938e-05,-0.00456515,0.00257303,-0.000956241,0.0120594,0.0120594,0.0120827
-5.52603e-07,-2.70583e-05,2.51505e-05,2.48993e-05,0.00211421,-0.00203786,-0.000701087,-0.00444596,-0.00444596,-0.00478497
-5.52603e-07,-2.39443e-05,2.22264e-05,2.19753e-05,-0.00512144,0.00300043,-0.000570044,0.0124758,0.0124758,0.012936
-5.52603e-07,-2.57607e-05,2.39808e-05,2.37297e-05,0.00249499,-0.00295717,-0.00147836,-0.00512919,-0.00512919,-0.00558488
-1.95094e-07,-3.32854e-05,3.21692e-05,3.19179e-05,-0.00315671,0.00153866,-0.000311039,0.0104372,0.0104373,0.011022
-1.26656e-06,-1.27875e-05,9.94338e-06,9.69257e-06,-0.0050164,0.00308951,0.000749108,0.0122893,0.0122893,0.0135616
-1.95094e-07,-3.04313e-05,2.86603e-05,2.8409e-05,0.00110051,-0.00110921,0.00066273,0.00483576,0.00483578,0.00511286
5.18862e-07,-4.21076e-05,4.15281e-05,4.12765e-05,0.00323261,-0.0030943,0.00109449,-0.000710408,-0.000710399,-0.00318264
5.18862e-07,-4.28856e-05,4.26977e-05,4.24461e-05,0.00133769,-0.000922954,0.00142293,0.000909251,0.000909261,0.000957323
-1.95094e-07,-3.19879e-05,3.04147e-05,3.01634e-05,-3.56779e-05,0.00142455,0.00122669,0.00155999,0.00156,0.00182035
-5.52603e-07,-2.65394e-05,2.45656e-05,2.43145e-05,-0.000334186,0.00163615,0.00136402,0.00191934,0.00191935,0.00220571
-1.95094e-07,-3.06911e-05,2.92451e-05,2.89938e-05,-0.00318563,0.00220642,0.000421694,0.00990455,0.00990456,0.0100786
-9.09049e-07,-1.51228e-05,1.22827e-05,1.20318e-05,0.00469656,-0.00482084,-0.00205541,-0.00653533,-0.00653532,-0.00646014
5.18862e-07,-4.26265e-05,4.21129e-05,4.18613e-05,0.00342192,-0.0022849,0.000989631,-0.00214159,-0.00214158,-0.00379127
-9.09049e-07,-2.05713e-05,1.81317e-05,1.78807e-05,0.00307355,-0.00216301,-0.00140404,-0.004936,-0.004936,-0.00520036
-1.95094e-07,-2.99124e-05,2.86603e-05,2.8409e-05,0.00186939,-0.00104624,0.000688528,0.00239673,0.00239674,0.00247457
5.18862e-07,-4.72963e-05,4.73763e-05,4.71246e-05,0.00157537,-0.00159289,-4.25375e-05,0.00330117,0.00330118,0.00219181
-1.95094e-07,-2.88747e-05,2.74897e-05,2.72385e-05,0.00426625,-0.002948,0.000253945,-0.00119028,-0.00119027,-0.00185808
2.30428e-06,-7.58377e-05,7.83761e-05,7.81238e-05,0.00152783,-0.00189809,0.000219291,0.00159,0.00159001,0.00124259
1.94677e-06,-7.32434e-05,7.5452e-05,7.51997e-05,-0.00106018,0.000369966,0.00137904,0.000993321,0.000993331,0.000960103
1.94677e-06,-7.32434e-05,7.5452e-05,7.51997e-05,0.000512971,-0.000316295,0.00107306,0.00269035,0.00269037,0.00286271
1.23282e-06,-5.63784e-05,5.732e-05,5.70681e-05,-0.0011948,0.000892669,0.00141305,0.00287486,0.00287488,0.00307068
8.76372e-07,-5.24857e-05,5.26405e-05,5.23887e-05,-0.000215015,0.000655727,0.00165986,0.00225115,0.00225117,0.00247401
1.94677e-06,-7.06483e-05,7.25271e-05,7.22748e-05,0.000798681,-0.000235759,0.00130524,0.00137598,0.00137599,0.00149254
8.76372e-07,-5.53399e-05,5.61503e-05,5.58985e-05,0.000259007,0.000370433,2.57433e-05,0.00320916,0.00320917,0.0032995
1.23282e-06,-5.94916e-05,6.02441e-05,5.99921e-05,0.000252358,-3.42651e-05,0.00135722,0.00121528,0.00121529,0.00130487
1.94677e-06,-7.19459e-05,7.36967e-05,7.34444e-05,-0.00229792,0.00161935,0.00174457,0.00142855,0.00142856,0.00152285
5.18862e-07,-4.85938e-05,4.85468e-05,4.82951e-05,-0.000114626,0.000256004,0.0012444,0.00191562,0.00191563,0.00182702
8.76372e-07,-5.11889e-05,5.14709e-05,5.12191e-05,-0.000312578,0.000413344,0.00136671,0.00204185,0.00204186,0.0020539
1.23282e-06,-5.66374e-05,5.732e-05,5.70681e-05,-0.00022266,0.000235015,0.00115443,0.00312286,0.00312287,0.00304844
1.94677e-06,-6.96106e-05,7.13574e-05,7.11052e-05,-0.00099602,0.000401216,0.000775804,0.00192578,0.0019258,0.00181868
1.23282e-06,-5.87129e-05,5.96593e-05,5.94073e-05,0.000408593,-3.86188e-05,0.000746926,0.00216014,0.00216015,0.00184231
5.18862e-07,-4.54807e-05,4.5037e-05,4.47854e-05,-0.000696683,0.00122398,0.00177717,0.00365258,0.00365259,0.00393982
-1.26656e-06,-9.67435e-06,6.43358e-06,6.18286e-06,0.00339799,-0.00308388,0.000848834,-0.00101371,-0.0010137,-0.00251897
-5.52603e-07,-2.65394e-05,2.45656e-05,2.43145e-05,0.0029961,-0.00244535,-0.000667075,-0.00411638,-0.00411637,-0.00453613
1.23282e-06,-5.74161e-05,5.84896e-05,5.82377e-05,1.30214e-05,0.0010455,0.00135722,-0.000306671,-0.000306662,-0.000243796
8.76372e-07,-5.32644e-05,5.38102e-05,5.35584e-05,-0.0034622,0.00151052,-0.000628185,0.0114248,0.0114248,0.0120863
-2.69447e-06,1.62728e-05,-2.16413e-05,-2.18914e-05,-0.00597558,0.00406465,0.000919296,0.010656,0.010656,0.0119812
-2.33696e-06,1.03046e-05,-1.52074e-05,-1.54576e-05,0.00116085,0.000655261,0.00172763,-0.00126716,-0.00126715,-0.00142378
-2.33696e-06,6.93164e-06,-1.16976e-05,-1.19479e-05,0.001827,-0.00150816,0.00138969,-0.00424236,-0.00424235,-0.00503854
-2.69447e-06,1.49752e-05,-2.04717e-05,-2.07218e-05,-0.00052765,0.00263677,0.00309234,-0.00556517,-0.00556516,-0.00542362
-2.69447e-06,1.80892e-05,-2.33958e-05,-2.36458e-05,-0.0028346,0.00168854,0.000829068,0.00864597,0.00864598,0.00847683
-2.69447e-06,1.47162e-05,-1.98868e-05,-2.0137e-05,-0.0029925,0.00183888,-0.00053077,0.00851106,0.00851107,0.00836589
-4.47989e-06,3.13214e-05,-3.68484e-05,-3.70981e-05,-0.0027972,0.00332848,0.00282474,-0.00589599,-0.00589599,-0.00578479
-2.33696e-06,1.05645e-05,-1.52074e-05,-1.54576e-05,-0.00200257,0.00211625,0.00300584,0.00728373,0.00728374,0.00868063
-2.33696e-06,1.31588e-05,-1.81315e-05,-1.83817e-05,-0.00224457,0.00210101,0.00257497,0.00603185,0.00603186,0.00697765
-3.40843e-06,3.21001e-05,-3.86037e-05,-3.88534e-05,-0.00315987,0.00448707,0.00212152,0.00171548,0.00171549,0.0020742
-1.98051e-06,3.55863e-06,-7.60386e-06,-7.85426e-06,0.00181371,-0.000481098,0.000775419,-0.00170363,-0.00170362,-0.00225511
-1.98051e-06,4.85618e-06,-9.35832e-06,-9.60869e-06,-0.00202949,0.000871992,-0.00175148,0.00770309,0.0077031,0.00692232
-3.40843e-06,3.21001e-05,-3.86037e-05,-3.88534e-05,-0.00216113,0.00197212,0.0020431,0.00869507,0.00869509,0.00975913
-3.05092e-06,2.01646e-05,-2.57359e-05,-2.59859e-05,0.000792863,0.00084525,0.00147799,-0.00662039,-0.00662039,-0.00642872
-1.98051e-06,4.33732e-06,-8.7735e-06,-9.02388e-06,-0.00158606,0.00128089,-0.00055092,0.00745832,0.00745833,0.00642158
-1.623e-06,-8.52103e-07,-2.92442e-06,-3.17493e-06,0.00385822,-0.00284197,0.00120731,-0.00216912,-0.00216911,-0.00483529
-9.09049e-07,-1.90147e-05,1.63773e-05,1.61263e-05,-0.00155132,0.00101114,-0.000167804,-0.0050605,-0.00506049,-0.0060328
-3.05092e-06,3.02836e-05,-3.74332e-05,-3.76829e-05,-0.000289476,0.00177747,0.000929179,0.00028579,0.000285799,0.000415707
-1.623e-06,-5.52266e-06,1.75502e-06,1.5044e-06,-0.00107846,0.00059898,0.000570962,0.00800763,0.00800764,0.00654864
-2.69447e-06,1.57539e-05,-2.10565e-05,-2.13066e-05,0.000907712,-0.00107019,0.000175909,-0.00650358,-0.00650358,-0.00646264
-2.33696e-06,1.03046e-05,-1.52074e-05,-1.54576e-05,-0.00157858,0.00177514,0.00124478,0.00729811,0.00729813,0.00821019
-3.40843e-06,3.21001e-05,-3.86037e-05,-3.88534e-05,0.000254354,0.00122181,0.000438765,-0.00563287,-0.00563287,-0.00597469
-9.09049e-07,-1.97934e-05,1.75469e-05,1.72959e-05,0.000744165,0.0003922,0.000679672,-0.00637289,-0.00637289,-0.0064151
-1.623e-06,-8.52103e-07,-2.92442e-06,-3.17493e-06,0.000410754,9.41555e-05,-0.001019,-0.00613357,-0.00613357,-0.00637061
-1.98051e-06,3.55863e-06,-7.60386e-06,-7.85426e-06,0.00421639,-0.00233046,-0.000276129,-0.00404372,-0.00404371,-0.0044883
-2.33696e-06,9.26692e-06,-1.40378e-05,-1.4288e-05,0.0010922,-0.000292974,0.00119088,0.00279749,0.0027975,0.00278903
-1.98051e-06,3.81845e-06,-8.18868e-06,-8.43907e-06,-0.00129785,0.00107846,-0.00236139,-0.00598751,-0.0059875,-0.00636088
-2.33696e-06,1.03046e-05,-1.52074e-05,-1.54576e-05,-0.00323184,0.00175524,0.000791463,0.010716,0.010716,0.0108421
-9.09049e-07,-1.97934e-05,1.75469e-05,1.72959e-05,-0.00245216,0.00240356,-0.000398829,-0.00581192,-0.00581192,-0.00621491
-1.623e-06,-8.52103e-07,-2.92442e-06,-3.17493e-06,-0.00097242,0.00199747,0.00136312,0.00227099,0.00227101,0.00265585
-3.05092e-06,2.56131e-05,-3.15841e-05,-3.1834e-05,-0.00175808,0.00236205,0.0013096,0.00609657,0.00609659,0.00570591
-2.33696e-06,1.03046e-05,-1.52074e-05,-1.54576e-05,-0.00199758,0.00354101,0.0013997,-0.00541736,-0.00541736,-0.00524873
-2.69447e-06,1.75703e-05,-2.33958e-05,-2.36458e-05,0.00352447,-0.00205403,-0.00119907,-0.00417143,-0.00417143,-0.00524234
-3.40843e-06,3.21001e-05,-3.86037e-05,-3.88534e-05,0.00253671,-0.000506284,-0.000239165,0.00096877,0.00096878,0.000305605
-2.33696e-06,8.48901e-06,-1.34529e-05,-1.37032e-05,0.00317461,-0.000947674,0.000882846,-0.00634115,-0.00634114,-0.00625745
-1.26656e-06,-1.17498e-05,8.77374e-06,8.52296e-06,-0.00225238,0.00137137,-0.000693771,-0.00595874,-0.00595873,-0.00625245
-3.76594e-06,1.54941e-05,-1.98868e-05,-2.0137e-05,0.00289638,-0.00296635,8.54247e-05,-0.00315341,-0.00315341,-0.00478386
-1.26656e-06,-1.17498e-05,8.77374e-06,8.52296e-06,-0.00179115,0.00128804,-0.00146604,-0.00576208,-0.00576207,-0.0062024
-2.33696e-06,1.03046e-05,-1.52074e-05,-1.54576e-05,-0.00413351,0.0035037,-0.000194243,0.0028327,0.00283272,0.00285047
-2.33696e-06,1.03046e-05,-1.52074e-05,-1.54576e-05,-0.00650461,0.00455625,0.000306952,0.0130159,0.0130159,0.0150035
-3.40843e-06,2.82082e-05,-3.45091e-05,-3.47589e-05,-0.00199226,0.00259075,0.0015731,-0.00566809,-0.00566808,-0.00574447
-5.52603e-07,-2.18688e-05,1.98862e-05,1.96352e-05,-0.000375072,0.000620746,0.000785302,0.00595075,0.00595077,0.00537505
-1.95094e-07,-2.73181e-05,2.57353e-05,2.54841e-05,0.000217954,4.13623e-06,0.000381008,0.00508054,0.00508055,0.00408857
-5.52603e-07,-2.65394e-05,2.45656e-05,2.43145e-05,-0.00274485,0.00201006,-0.00414464,0.00756148,0.0075615,0.00782872
1.61352e-07,-3.40641e-05,3.2754e-05,3.25027e-05,-0.00138694,0.00110396,-0.00395366,0.00660248,0.0066025,0.00649859
1.61352e-07,-3.58805e-05,3.50942e-05,3.48428e-05,-0.000697347,-0.00034568,-0.0045791,0.00698018,0.0069802,0.00365567
-1.95094e-07,-3.06911e-05,2.92451e-05,2.89938e-05,0.00103021,-0.000445494,-0.000162285,0.0041627,0.00416272,0.00381582
-1.95094e-07,-2.88747e-05,2.74897e-05,2.72385e-05,-8.75345e-05,-0.000397608,-0.000396904,0.0068661,0.00686612,0.00491962
-1.95094e-07,-2.73181e-05,2.57353e-05,2.54841e-05,-0.00302674,0.00142221,-0.0067524,0.00926149,0.00926151,0.00892335
5.18862e-07,-4.15888e-05,4.09432e-05,4.06917e-05,-0.00331394,0.00151348,-0.00352498,0.0103576,0.0103577,0.00903846
5.18862e-07,-4.57397e-05,4.56218e-05,4.53702e-05,-0.00120461,0.000256315,-0.00472002,0.0062171,0.00621711,0.00427792
-5.52603e-07,-2.34254e-05,2.16415e-05,2.13905e-05,9.94485e-05,0.000163964,-0.00238949,0.00390727,0.00390728,0.00347522
-5.52603e-07,-2.135e-05,1.87166e-05,1.84656e-05,-0.0030412,0.000835766,-0.00559201,0.00939343,0.00939344,0.0061833
-5.52603e-07,-2.135e-05,1.87166e-05,1.84656e-05,0.000471253,-0.000234516,0.000402571,0.00507186,0.00507187,0.00498385
-5.52603e-07,-2.05713e-05,1.81317e-05,1.78807e-05,0.000138507,-0.00142436,-0.00452955,0.00716419,0.00716421,0.00475586
-5.52603e-07,-2.26475e-05,2.0471e-05,2.022e-05,-0.00190135,0.00163537,-0.00323235,0.00783725,0.00783727,0.00749424
-5.52603e-07,-2.57607e-05,2.39808e-05,2.37297e-05,-0.00174362,0.00022833,-0.00621142,0.00923421,0.00923423,0.00665596
-5.52603e-07,-2.18688e-05,1.98862e-05,1.96352e-05,5.15813e-05,-0.000379884,-0.00534854,0.0049739,0.00497391,0.0034844
-5.52603e-07,-2.18688e-05,1.98862e-05,1.96352e-05,-0.00289211,0.00152825,-0.00615135,0.00942269,0.00942271,0.00739248
-1.98051e-06,1.85627e-07,-4.09406e-06,-4.34455e-06,-0.00338558,0.00219414,-0.00291918,0.0100891,0.0100891,0.00908156
-2.33696e-06,1.05645e-05,-1.52074e-05,-1.54576e-05,-0.00197282,0.00166755,0.00174932,0.00630266,0.00630267,0.0061694
-3.40843e-06,2.79484e-05,-3.39243e-05,-3.41741e-05,0.000636795,-0.000166107,0.00123157,-0.00596295,-0.00596295,-0.005772
-3.40843e-06,3.21001e-05,-3.86037e-05,-3.88534e-05,-0.000653302,0.000553425,0.00153382,-0.00653731,-0.00653731,-0.00636422
-3.40843e-06,2.87271e-05,-3.50939e-05,-3.53437e-05,0.000694469,0.00097989,0.000653874,-0.00524873,-0.00524872,-0.00556431
-1.623e-06,-6.56039e-06,2.92466e-06,2.67401e-06,0.000987492,-7.7021e-05,-0.000793625,-0.00580696,-0.00580696,-0.00607367
-3.40843e-06,3.21001e-05,-3.86037e-05,-3.88534e-05,-0.00517313,0.00357242,0.00286465,0.011918,0.011918,0.0139491
-2.33696e-06,1.03046e-05,-1.52074e-05,-1.54576e-05,-0.00660284,0.00482507,0.00155205,0.0132319,0.0132319,0.0152156
-2.69447e-06,1.47162e-05,-1.98868e-05,-2.0137e-05,0.00135315,0.000211383,0.00235524,-0.00503247,-0.00503247,-0.00548145
-3.05092e-06,2.50942e-05,-3.09993e-05,-3.12492e-05,-0.0027618,0.00376427,0.00280292,-0.00531073,-0.00531072,-0.00547144
-3.05092e-06,1.54941e-05,-2.22261e-05,-1.95522e-05,0.00337705,-0.00356337,0.000324664,-0.00648027,-0.00648027,-0.00633753
-2.33696e-06,1.21211e-05,-1.69619e-05,-1.72121e-05,0.00214462,3.84963e-05,0.00160698,-0.00537942,-0.00537942,-0.00535522
-1.26656e-06,-9.9334e-06,7.01841e-06,6.76766e-06,-0.00796956,0.00550993,0.00140727,0.0144022,0.0144022,0.0163094
-2.33696e-06,1.03046e-05,-1.52074e-05,-1.54576e-05,-0.000881837,0.00274234,0.00238977,0.00237044,0.00237045,0.00309904
-1.623e-06,-8.52103e-07,-2.92442e-06,-3.17493e-06,0.000691643,-0.00029173,0.000664912,-0.00594113,-0.00594113,-0.00619684
-5.52603e-07,-2.135e-05,1.87166e-05,1.84656e-05,-0.00534582,0.00330873,-0.00350214,0.0120705,0.0120706,0.0121833
-1.623e-06,-1.88983e-06,-2.3396e-06,-2.59013e-06,0.00284336,-0.00184662,0.00115225,-0.00265122,-0.00265121,-0.00328885
-1.26656e-06,-1.30474e-05,9.94338e-06,9.69257e-06,-0.00169259,0.00202219,0.00197367,0.00631258,0.00631259,0.00660953
-1.623e-06,-5.00379e-06,1.16933e-06,9.18718e-07,0.00111165,3.08779e-05,-0.00103761,-0.00526733,-0.00526732,-0.00583206
-1.26656e-06,-8.89567e-06,5.84876e-06,5.59805e-06,0.00449928,-0.00309461,0.000806864,-0.00347457,-0.00347456,-0.00481833
-9.09049e-07,-1.56417e-05,1.28675e-05,1.26166e-05,-0.0027623,0.00172414,0.000969994,0.00978774,0.00978776,0.00964514
-1.623e-06,-5.52266e-06,1.75502e-06,1.5044e-06,-0.00169708,0.0012173,-0.00106277,0.00633019,0.0063302,0.00599785
-1.623e-06,-3.96606e-06,-3.16365e-10,-2.50897e-07,0.00261349,-0.000564276,0.00158028,-0.00313432,-0.00313431,-0.00351823
-2.33696e-06,6.93164e-06,-1.16976e-05,-1.19479e-05,0.00170351,-0.0002866,0.0026154,-0.00598478,-0.00598477,-0.00580036
-1.623e-06,-5.00379e-06,1.16933e-06,9.18718e-07,0.00184163,-0.00123064,-0.000227614,-0.000784062,-0.000784054,-0.00275335
-2.33696e-06,1.03046e-05,-1.52074e-05,-1.54576e-05,-0.00178401,0.00406107,0.00192695,-0.00666007,-0.00666007,-0.00644068
-3.40843e-06,3.21001e-05,-3.86037e-05,-3.88534e-05,-0.00129386,0.00172616,0.00124902,-0.00624567,-0.00624566,-0.00623688
-2.33696e-06,1.03046e-05,-1.52074e-05,-1.54576e-05,-0.000241109,0.00166304,0.00139752,8.43229e-07,8.5245e-07,-6.94668e-05
-1.623e-06,-3.44643e-06,-5.85137e-07,-8.35704e-07,0.000283938,0.0013594,0.0014622,-0.00606438,-0.00606438,-0.00615402
-2.33696e-06,1.08235e-05,-1.57922e-05,-1.60424e-05,0.00272103,-0.0013076,0.000265239,-0.00600189,-0.00600188,-0.00623743
-3.05092e-06,2.22401e-05,-2.80752e-05,-2.83251e-05,-0.00119647,0.00241103,0.00244727,-0.00680639,-0.00680638,-0.00650407
-2.69447e-06,1.73105e-05,-2.28109e-05,-2.3061e-05,0.00253006,-0.00113751,-0.000722777,0.00180848,0.00180849,0.00134407
-1.98051e-06,4.85618e-06,-9.35832e-06,-9.60869e-06,-0.00250834,0.00225338,0.000563133,0.00401986,0.00401987,0.00446642
-2.33696e-06,1.03046e-05,-1.52074e-05,-1.54576e-05,-0.00184766,0.00285553,0.00296669,0.00577592,0.00577593,0.00695819
-2.69447e-06,1.99048e-05,-2.57359e-05,-2.59859e-05,0.00151071,-0.00162958,0.000917499,-0.00433511,-0.00433511,-0.00563826
-2.33696e-06,1.03046e-05,-1.52074e-05,-1.54576e-05,-0.000877847,0.00160909,0.00111028,0.00330935,0.00330936,0.00369737
-1.26656e-06,-1.12309e-05,8.18892e-06,7.93815e-06,-0.00419185,0.00319306,0.00245548,0.00908194,0.00908196,0.00880407
-2.69447e-06,1.41973e-05,-1.9302e-05,-1.95522e-05,-0.00401334,0.00332039,0.000497162,0.00955066,0.00955067,0.0103133
-2.33696e-06,1.03046e-05,-1.52074e-05,-1.54576e-05,-0.00476609,0.00363803,0.001114,0.0110547,0.0110548,0.0123157
-3.40843e-06,3.21001e-05,-3.86037e-05,-3.88534e-05,-0.00518909,0.00373442,-0.000583906,0.0113392,0.0113392,0.0125537
-1.623e-06,-6.56039e-06,2.92466e-06,2.67401e-06,-0.000957627,0.00129084,-0.000337479,-0.00648796,-0.00648796,-0.0064974
