-0.00629201,-0.00727405
-0.00630094,0.000332195
-0.00628085,0.00340546
-0.00626466,-0.00235173
-0.00270024,0.00580617
-0.00621051,0.00325619
0.00416565,0.00269092
-0.00625238,-0.00133298
-0.00557801,0.00245992
-0.00625628,-0.00722638
-0.00622558,-0.00596643
0.00368221,-0.00022854
-0.0062306,-0.00320986
0.00318872,0.00136286
-0.0062066,-0.00657541
-0.00616641,-0.00530694
0.00110254,-0.00044818
-0.00611337,0.00639586
0.00105509,0.00261089
-0.00619711,-0.00717587
-0.0061932,-0.00717019
-0.0061798,-0.00553509
-0.00618259,-0.00713898
-0.00613459,0.000448542
-0.00615189,0.00563591
-0.00614017,0.00392817
-0.00613961,-0.00447549
-0.00613124,-0.00702717
-0.00325793,0.00698554
-0.00613961,-0.0071072
-0.00264107,0.00754797
-0.00613124,-0.00710833
-0.00612789,0.00133051
-0.00613235,-0.00711003
-0.00611784,0.00346562
-0.0061223,-0.00328818
-0.0061357,-0.00710549
-0.00559532,-0.00643522
-0.00549148,-0.0063569
-0.00573767,-0.00642784
-0.00603354,-0.00690685
-0.00575888,-0.00630298
-0.00550097,-0.00631433
-0.00563607,-0.00656235
-0.00596823,-0.00668891
-0.00564444,-0.0063149
-0.00548981,-0.00610321
-0.00556741,-0.00641422
-0.0057159,-0.0067031
-0.0049885,-0.00621501
-0.00562323,-0.00636995
-0.0056517,-0.00657143
-0.00555903,-0.00663273
-0.00536085,-0.00552091
-0.00601624,-0.00691026
-0.00598665,-0.0070266
-0.00597325,-0.00684158
-0.00592748,-0.0068938
-0.00539993,-0.00654306
-0.0055233,-0.00645509
-0.00580299,-0.00666508
-0.00596209,-0.00688642
-0.00591743,-0.00677064
-0.00582476,-0.00682569
-0.00582811,-0.00619231
-0.00559141,-0.00675248
-0.0059085,-0.00659697
-0.00594199,-0.0069131
-0.00583927,-0.00674964
-0.0057159,-0.00623318
-0.00529777,-0.00640798
-0.0057868,-0.00685123
-0.00581527,-0.00650049
-0.00555289,-0.00625304
-0.00550656,-0.00662251
-0.00615636,-0.00707314
-0.00558415,-0.00657257
-0.00569413,-0.00649765
-0.00541668,-0.00644884
-0.00554563,-0.00597551
-0.00570138,-0.00665827
-0.0057801,-0.00676156
-0.005276,-0.00609186
-0.00593641,-0.00688812
-0.00551493,-0.00664465
-0.00590961,-0.00662705
-0.00559364,-0.00662762
-0.00566566,-0.0062888
-0.005506,-0.00602489
-0.00570473,-0.00677348
-0.00594199,-0.00682626
-0.00560258,-0.00647665
-0.00560425,-0.00649084
-0.00548869,-0.00634101
-0.0054993,-0.00595735
-0.00564165,-0.00648687
-0.00556964,-0.00596473
-0.0057226,-0.00651354
-0.00552163,-0.00647268
-0.00539826,-0.00618607
-0.00618706,-0.00710663
-0.00623172,-0.00708676
-0.00627359,-0.00719744
-0.00604136,-0.00687621
-0.0062641,-0.00709528
-0.0060983,-0.00697099
-0.00614519,-0.0070005
-0.0061625,-0.00708109
-0.00616585,-0.00700788
-0.00615301,-0.00700901
-0.00613905,0.00310295
-0.00613849,-0.00675759
-0.00591687,-0.00647098
-0.00620883,-0.00703569
-0.00609662,-0.00697496
-0.0060274,-0.00673886
-0.00613905,-0.006698
-0.0059565,-0.00686996
-0.00584597,-0.00660265
-0.00615859,-0.00704136
-0.00598386,-0.00675872
-0.00608044,-0.00606915
-0.00622056,-0.00709187
-0.00611616,-0.00672297
-0.00626968,-0.00653908
-0.00614296,-0.0069182
-0.00605252,-0.00578368
-0.00528996,-0.00379727
-0.00446766,-0.00332507
-0.00566342,-0.00421441
-0.00618315,-0.00539207
-0.00605531,-0.00597097
-0.00574716,-0.00381713
-0.00403557,-0.00212301
-0.00548534,-0.00290509
-0.00605699,-0.00563952
-0.00568073,-0.00434552
-0.00574381,-0.00319226
-0.00626633,-0.00710039
-0.00168423,-0.000756358
-0.00566231,-0.00677972
-0.00601177,-0.00691934
-0.00565338,-0.00675702
-0.00588561,-0.00663273
-0.00550488,-0.00651581
-0.0059967,-0.00698574
-0.00564947,-0.00638925
-0.00551102,-0.00616337
-0.00614296,-0.00709244
-0.00610053,-0.0068711
-0.00568296,-0.00652319
-0.00586663,-0.00684726
-0.00579238,-0.00629163
-0.00602517,-0.00641082
-0.00626298,-0.00691139
-0.00580019,-0.00628993
-0.00599893,-0.00649935
-0.00626131,-0.00689039
-0.0059057,-0.00630809
-0.00597716,-0.00651014
-0.00618929,-0.00677121
-0.0058817,-0.00640628
-0.00582308,-0.00643295
-0.00623284,-0.00693069
-0.00605755,-0.00647381
-0.00615357,-0.00650219
-0.00601624,-0.00649481
-0.00602796,-0.00649992
-0.00619488,-0.00688869
-0.00614575,-0.00683023
-0.00619934,-0.00701355
-0.00626633,-0.00714238
-0.00622223,-0.00710776
-0.00629145,-0.00714409
-0.0062775,-0.00720765
-0.00623116,-0.00714011
-0.00626187,-0.00718495
-0.00619543,-0.00691593
-0.00628308,-0.0071929
-0.00622837,-0.00704079
-0.00607039,-0.00697893
-0.00619488,-0.0070039
-0.00629145,-0.00722525
-0.00603298,-0.00676553
-0.00607597,-0.00699766
-0.00629592,-0.0072156
-0.00629424,-0.00722354
-0.00628364,-0.00723943
-0.00628699,-0.0072576
-0.00621497,-0.00714579
-0.00616361,-0.00706917
-0.00618539,-0.00699766
-0.00624903,-0.00715373
-0.00622446,-0.00710322
-0.0062507,-0.00721049
-0.00626857,-0.00717927
-0.00621107,-0.00713274
-0.00621609,-0.00716168
-0.00616306,-0.00699312
-0.00605531,-0.00676894
-0.00627806,-0.00721446
-0.00626522,-0.00716963
-0.00630876,-0.00694488
-0.00623228,-0.00689437
-0.00628308,-0.00720992
-0.00629704,-0.00697609
-0.00618762,-0.00669005
-0.00628978,-0.00714182
-0.00622056,-0.0069778
-0.00618092,-0.00712195
-0.00628978,-0.0071929
-0.00623228,-0.00700163
-0.00622279,-0.00701809
-0.00620437,-0.00677291
-0.00619041,-0.00701469
-0.00628866,-0.00713784
-0.00622279,-0.00674453
-0.00618092,-0.00688358
-0.0062373,-0.00714976
-0.0055741,-0.0055595
-0.00624065,-0.00712422
-0.00624847,-0.00700163
-0.00623172,-0.00699482
-0.00597437,-0.00576552
-0.00607485,-0.00590116
-0.00625349,0.00802641
-0.00617199,0.00787431
-0.00612677,0.0116842
-0.00619376,0.0208461
-0.0062267,-0.00649198
-0.00623675,-0.00632228
-0.00621665,-0.00630809
-0.00627526,-0.00632852
-0.00619209,-0.00579503
-0.00620437,-0.00619856
-0.00623172,-0.00591478
-0.00622949,-0.00467753
-0.00592078,0.0211696
-0.00585602,0.0119544
-0.00571143,0.011741
-0.00617087,0.00454849
-0.00628308,-0.00569571
-0.00616529,-0.00506687
-0.00614798,-0.00280066
-0.00623284,-0.00537107
-0.00620158,-0.00360771
-0.00618427,-0.00214458
-0.00472054,-0.00345617
-0.00619934,-0.00578311
-0.0062842,-0.00559582
-0.0061117,-0.00533759
-0.0061424,-0.00531432
-0.00609774,-0.00300214
-0.0061999,-0.00600899
-0.00598888,-0.00444597
-0.00592357,-0.00561058
-0.00621274,-0.0018835
-0.00622781,0.00129929
-0.0061932,0.00671028
-0.00614631,0.00543841
-0.00601233,0.0125685
-0.00426334,0.0229926
-0.00620548,0.0110565
-0.00619432,-0.00160257
-0.00591966,0.00275108
-0.00614296,0.00516144
-0.0058549,0.00908546
-0.00594255,0.00951736
-0.00583983,0.0099328
-0.00544068,0.0212888
-0.00423989,0.0240653
-0.00563216,0.0240658
0.0220709,0.00255811
0.0211079,0.00468073
0.0239103,0.00262678
0.0231807,0.0031529
0.0227961,0.00436688
0.0175329,0.00560016
0.0219989,0.00319546
0.0202281,0.00288672
0.0241738,0.00119032
0.0215512,0.00362793
0.0144564,0.00726023
0.00961416,0.00901508
0.00571479,0.0164176
0.00118126,0.0158642
0.0102528,0.010489
-0.00546915,0.019232
-0.00515933,0.0110974
-0.0058817,0.0086195
-0.00487853,0.0165487
0.0181542,0.00686976
0.00891914,0.0108545
-0.0054418,0.0181537
-0.00620269,0.00165401
-0.00613849,0.00721369
-0.00594869,0.00727782
-0.00613682,-0.00272688
-0.00595595,0.0192644
-0.00616138,0.01753
0.0177115,-0.00286706
0.0213843,0.000921308
0.0160128,-0.00359919
0.0241543,-0.00111448
0.0080706,0.00419151
0.0119354,-0.000667821
0.0126209,-0.00503452
0.0225638,0.00144515
0.0173146,0.0096933
0.0157426,-0.00531432
0.0137519,-0.00231257
0.0166754,0.00297128
0.0121012,-0.00336026
0.0135102,-0.00197488
0.0186193,-0.000831274
0.0183312,-0.00124672
0.0231947,0.00550935
0.0184462,-0.00494314
0.0188805,-0.000895974
0.02016,0.000102339
0.0136006,-0.00516335
0.0160413,-0.00416958
0.0102266,-0.00117067
0.016269,-0.00309692
0.0112761,0.00291907
0.00493101,0.000131284
0.0141896,-0.00522408
0.0127409,-0.00398399
0.0110165,-0.00501295
0.0167223,-0.00276547
0.014079,-0.0045033
0.00907098,0.0170351
0.0173029,-0.00406799
0.0148567,-0.00479274
0.00795839,-0.00495847
0.0157666,-0.0043966
0.00665042,-0.00591762
0.0139601,0.00713253
0.0128872,-0.00434041
0.0124355,-0.00174786
0.0114597,-0.00425358
0.00716233,-0.00451635
0.00855404,-0.00474904
0.0138702,0.00566769
0.00625853,-0.00498571
0.0129419,-0.00508333
0.00638692,-0.00542045
0.0133661,-0.00481261
0.0102796,-0.0043546
0.0132952,-0.00422747
0.00483555,-0.0049176
0.0113079,-0.00499025
0.00504713,-0.00560093
0.0142303,-0.00367808
0.0106413,-0.00498287
0.0183217,-0.00288125
0.0165415,0.0112455
-0.00190641,0.0212633
0.00599559,0.0228411
0.00900566,0.0204642
0.000111654,0.0258224
0.0175329,-0.00181937
0.00706743,0.0229676
0.0253796,-0.00069563
0.00583258,0.0241095
0.0168502,0.0149754
0.0085747,0.0223921
0.0302498,0.00133278
0.00887838,0.0195947
0.00620047,0.0226367
0.0134811,0.0169965
0.0235413,-8.38159e-05
0.0196877,0.00970862
0.0183245,-0.000567365
0.0169077,0.00236401
0.0181587,-0.00328932
0.0175564,-0.00525813
0.0158381,0.011623
0.0181838,-0.00409977
0.013298,-0.00176829
0.00830395,0.0138001
0.0188264,-0.00357139
0.018526,-0.00331996
0.0175971,-0.00317581
0.0194868,-0.00476664
0.0177238,-0.00446243
0.0116596,0.00352634
0.00455699,0.00805025
0.0118137,0.0118591
0.0135593,0.0116996
0.00341704,0.00342532
0.0110918,0.00613592
0.00907712,-0.00534099
0.0113207,-0.00307535
0.00448665,-0.00505268
0.00439733,-0.00442327
0.00206496,-0.00553623
0.00687595,-0.00449535
0.0233286,0.00138216
0.0204224,-0.00182675
0.0199406,-0.000579284
0.0183468,-0.00282733
0.0110343,0.00136513
0.0101026,0.00168806
-0.000341643,0.00960533
0.00516213,0.00493272
0.0171578,0.00145594
0.0144212,0.00906446
0.00775798,0.0132876
0.00213865,0.0177008
-0.0062948,-0.00651411
0.00698313,0.00933007
-0.00628699,-0.00167521
-0.00239265,0.0100639
-0.00628252,-0.00281712
-0.00629983,-0.003669
-0.00630932,-0.000783033
0.00651197,0.000988278
-0.00631211,0.00258422
-0.00177913,0.0115883
0.00849096,0.0080389
-0.00526093,0.0105457
-0.00630429,-0.00295673
0.003225,0.0075213
0.00686646,0.00535157
-0.00629704,0.00789418
-0.00629369,4.78543e-05
-0.0062948,0.00193324
-0.00629983,0.00104503
-0.00630485,0.00456949
0.00893253,0.00440377
-0.00631155,0.00598609
-0.0036448,0.0127881
0.0120799,0.00652299
-0.00628587,0.00930055
0.0108836,0.00653774
0.00289452,0.0112949
-0.00606257,0.0123085
0.00148215,0.0116411
-0.00612677,0.0108182
-0.00624177,0.00894243
-0.00602852,0.014388
-0.00608546,0.0149022
-0.00583871,0.015619
-0.0062373,0.00751449
-0.00619878,0.0122881
-0.00629424,0.00648723
-0.00594366,0.0121468
-0.00625628,0.00374258
-0.0023759,0.0111116
-0.00571981,0.0140884
-0.00620492,0.00788169
-0.00594925,0.0137683
-0.00625405,0.00945777
-0.00626522,0.00824889
-0.00625796,0.0101383
-0.00623116,0.0108392
-0.00626019,0.0101933
-0.00616752,0.0142365
-0.00626187,0.0115775
-0.00625461,0.0104941
0.019513,0.0108335
0.0150883,0.0134056
0.010835,0.0132507
0.02257,0.0100894
0.0134287,0.0124187
0.0191563,0.00651901
0.0214401,0.00499061
0.0235799,0.0103465
0.0254461,0.00366936
0.0261188,0.00758316
0.0240627,0.00971032
0.0219453,0.00895549
0.0149862,0.0108034
0.0183898,0.00821541
0.020385,0.0116928
0.0179784,0.0101842
0.013638,0.00236344
0.0225795,0.00872336
0.0178282,0.00934142
0.0211437,0.0101104
0.0195236,0.00606611
0.0168083,0.00425904
0.0201282,0.000314034
0.0165744,0.00598098
0.0292589,0.00176922
0.0204816,0.000692587
0.0186053,0.00491853
0.0153518,0.00289637
0.0233091,0.000870796
0.021353,-0.00143628
0.021971,0.00200532
0.0110003,0.00317787
0.0207289,0.00168012
0.0158336,0.00884709
0.0181554,0.00527495
0.0223752,0.00428231
0.00058784,0.00840156
0.00236028,0.00870804
0.0116998,0.00707521
-0.00560202,-0.00209293
-0.00631546,-0.00717871
-0.00631099,-0.00521613
-0.00619655,-0.00436595
-0.00120358,0.00271873
-0.00298383,0.00714785
-0.00630708,-0.00526608
-0.00631713,-0.00730527
-0.00631602,-0.00730243
-0.00631657,-0.00730357
-0.00631434,-0.00730016
-0.00631602,-0.00730243
-0.00483498,-0.00534213
-0.00631546,-0.00723376
-0.00173056,0.00986583
-0.0063149,-0.00730243
-0.00596097,0.00327662
-0.00631434,-0.00593578
-0.0063149,-0.00583476
-0.00631434,-0.00727916
-0.00631155,-0.00729846
-0.00631378,-0.00730073
-0.00631657,-0.00730357
-0.00631546,-0.00730357
-0.00631155,-0.00729392
-0.00631378,-0.00730073
-0.0063082,-0.00729278
-0.00631434,-0.00730073
0.00632831,0.00546622
0.00315467,0.0022505
-0.00631434,-0.00482112
-0.00631211,-0.00729903
0.000188692,0.00571423
-0.00594757,-0.0019641
-0.00631323,-0.00709301
0.00754305,-0.00141528
-0.00631211,-0.00374903
-0.0050393,0.00807579
-0.00575219,-0.000457261
0.00425162,0.00384474
-0.000444361,0.00247355
-0.00631546,-0.00730243
-0.00629704,-0.00279555
-0.00631267,-0.00679788
-0.000856907,0.0122478
-0.0063082,-0.0072576
-0.00631657,-0.00730186
-0.000879237,0.00665579
-0.0063149,-0.00709982
-0.00631602,-0.00730243
-0.00631657,-0.00730413
-0.00631043,-0.00729562
-0.0063149,-0.00729846
-0.00630988,-0.00286876
-0.00631099,-0.00639776
-0.00384521,0.00989932
0.0053603,0.00272327
-0.00630653,-0.00122912
-0.0063149,-0.00730186
-0.0063149,-0.0073013
-0.00631602,-0.00730413
-0.000847416,0.00783061
-0.00631378,-0.00729846
-0.0063149,-0.00729846
-0.00631657,-0.007303
-0.00631323,-0.00728881
-0.0049952,-0.0012121
-0.00631267,-0.00729789
-0.00631043,-0.00666905
-0.00631657,-0.0073047
-0.0063149,-0.00727746
-0.00631323,-0.00727462
-0.00631043,-0.00518208
-0.00631323,-0.00500614
-0.00408302,0.00728633
-0.00478809,0.00288615
-0.00631378,-0.00381543
-0.00631434,-0.00729959
-0.00630988,-0.00610094
-0.00631434,-0.00348739
-0.00139841,0.00318979
-0.00631378,-0.00730186
-0.00631267,-0.00253959
-0.00631546,-0.00730186
-0.00631602,-0.00553907
-0.0063149,-0.0073013
-0.00631657,-0.00730413
-0.00631546,-0.007303
-0.00631546,-0.00214514
-0.00631267,-0.00231087
-0.00631546,-0.00730073
-0.00631657,-0.007303
-0.00631546,-0.00690685
0.00104672,0.00183903
-0.00631546,-0.00730357
-0.00631602,-0.00730357
-0.00124489,-0.00126545
-0.00630988,-0.00729449
-0.0063149,-0.0073013
-0.0063082,-0.00729505
-0.00629369,-0.00722638
-0.00484894,-0.00494087
-0.00616027,-0.00538583
-0.00512137,-0.00609129
-0.00137105,-0.00341418
-0.00202532,-0.00134774
-0.00531843,-0.00193629
0.0029509,-0.00356798
0.016403,-0.00311111
0.0162305,-0.00430011
0.0185746,-0.00279442
0.0141025,-0.0011525
0.00793662,-0.00500671
0.00944054,-0.00296581
0.000951259,-0.00488582
0.00942435,-0.000386886
0.00285879,-0.00139428
0.0107552,-0.00546699
0.00599615,-0.00527743
0.01082,0.00192303
0.0113905,0.00124821
0.00966998,-0.000772249
0.0126376,-0.00317864
0.0112744,-0.00328194
0.00906149,-0.00401464
-0.000276329,0.00177546
-0.00620492,-0.00722638
-0.00628085,-0.00625588
-0.00622167,-0.00432622
-0.00195777,-0.00313324
-0.00241609,-0.000947053
-0.00299109,-0.00132447
-0.00326798,-1.85483e-05
-0.00620102,-0.00681775
-0.00592078,-0.00597835
-0.00604862,-0.00715033
-0.00602908,-0.00711968
-0.00620437,-0.00722411
-0.0061117,-0.00415936
-0.00610611,-0.00677178
-0.00618092,-0.00651411
-0.00620437,-0.00362246
-0.00630373,-0.00725873
-0.00173001,-0.00378876
-0.000536472,-0.00144309
0.000843517,-7.36005e-05
-0.00079829,-0.00249589
1.78684e-05,-0.00210939
-2.5675e-05,-0.00230292
0.000977497,-0.00220019
6.81108e-05,-0.000258053
0.00151062,-0.00336764
2.62419e-05,-0.00169054
-0.00214311,-0.00363836
-0.00281747,-0.00302995
-0.00630094,-0.00559071
-0.00280352,-0.00371554
-0.00216823,-0.0034749
-0.0026232,-0.00294141
-0.00231393,-0.00219282
-0.0031848,-0.00322007
-0.00240325,-0.00358387
-0.00578512,-0.00665486
-0.00577396,-0.00658392
-0.00600228,-0.00681321
-0.00569134,-0.00647609
-0.0060609,-0.0068711
-0.00550432,-0.00650389
-0.00564389,-0.00639322
-0.00571869,-0.00635236
-0.00569971,-0.00651581
-0.00603466,-0.0069148
-0.00614687,-0.00696758
-0.00609104,-0.00668437
-0.00580913,-0.00671162
-0.00586607,-0.00660265
-0.00572762,-0.0030623
-0.00567961,-0.00629958
-0.00589063,-0.00656462
-0.00575609,-0.00666678
-0.00555568,-0.006677
-0.00616082,-0.00709755
-0.00565282,-0.00650106
-0.00577396,-0.00653852
-0.00566677,-0.0062939
-0.00564891,-0.0065703
-0.00609439,-0.00671275
-0.00573767,-0.00675078
-0.00587612,-0.00675305
-0.00607876,-0.00697155
-0.00581527,-0.0067014
-0.00595539,-0.00666848
-0.00586439,-0.00671843
-0.00580243,-0.00662592
-0.00567682,-0.00626269
-0.0056852,-0.00668097
-0.0057025,-0.00630752
-0.00589956,-0.00667813
-0.00568352,-0.0063779
-0.00548646,-0.00628028
-0.00628978,0.00352294
-0.00626912,-0.000619579
-0.00626689,0.00436347
-0.0062574,0.00744071
-0.00630597,-0.00245502
-0.00556685,0.0214455
-0.0062881,-0.00264231
-0.00629201,0.0133228
-0.00629648,-0.00173424
-0.00613012,0.0182774
-0.00630429,-0.000433992
-0.00599112,0.016707
-0.00625907,0.0147535
-0.00626912,3.99089e-05
-0.00625405,0.00790666
-0.00620772,0.00857069
-0.00630597,0.0031966
-0.00630597,0.00814106
-0.00629424,0.00765581
-0.00185785,0.0204063
-0.00627247,0.00064094
-0.00212804,0.0246918
-0.00630597,0.00879033
-0.00627806,0.0140146
-0.00578959,0.0203382
-0.00631043,0.0125878
-0.00569469,0.0222037
-0.0062306,0.0165055
-0.00381841,0.0185533
-0.00621665,0.019387
-0.00618874,0.0206571
0.0197988,0.0135271
-0.00622223,0.0245976
-0.00629759,0.0190203
0.0274893,0.00675227
0.0193171,0.0078238
0.0199752,0.00902586
0.0166548,0.0165243
0.0142487,0.0137569
0.0248471,0.00589358
0.0094076,0.00103425
0.0187979,0.00744241
0.0200199,0.00763254
0.0133544,0.0108727
0.0128637,0.0152484
0.016748,0.00804685
0.0124395,0.0163183
0.00836982,0.0126967
0.010576,0.0142904
0.013077,0.0157814
0.0164784,0.0104442
0.015598,0.0132915
0.0223311,0.00708259
0.0225767,0.00718191
0.00771388,0.0146026
0.0173219,0.0109385
0.0142409,0.0114107
0.0199122,0.0110571
0.014103,0.00559391
0.0210515,0.00953609
0.0138356,0.00512115
-0.00628755,-0.00657824
-0.00629871,-0.00684499
-0.00626857,-0.00260429
0.0179482,0.00420456
-0.00629257,-0.00726668
-0.00629536,-0.00729676
-0.00628699,-0.00725703
-0.00630876,-0.00718381
-0.00627806,-0.00728087
-0.00631434,-0.00730073
-0.00629313,-0.00725533
-0.00629704,-0.00728995
-0.00631267,-0.0073013
-0.00631434,-0.00728938
-0.0063015,-0.00477629
-0.00630988,-0.00719006
-0.00628978,-0.00688472
-0.0062814,-0.0020952
-0.00585993,0.00637486
-0.00627024,0.0019043
-0.00629759,-0.00722752
-0.00630373,-0.00720254
-0.00631546,-0.00723206
-0.00628531,-0.00724795
-0.00631155,-0.0072837
-0.00631657,-0.0073047
-0.00630429,-0.0071736
-0.0062133,-0.000961242
-0.00630653,-0.00697666
-0.00631434,-0.007303
-0.00631211,-0.00728654
-0.00629927,-0.00728597
-0.00629424,-0.0072803
0.0047066,-0.00328307
0.00372408,-0.00035113
0.00288447,-0.00194877
0.00283814,-0.00374165
0.00635287,-0.00451748
0.00334782,-0.00330067
-0.000771495,-0.00606405
-0.00208394,-0.00604929
-0.00387591,-0.00614804
0.0169551,-0.00344085
0.00886666,0.0120259
0.0103806,0.0103329
0.0155874,0.0152933
-0.00124377,-0.00606291
0.0136358,0.0189522
0.0165096,0.019757
0.0264543,0.00957468
0.0150604,-0.00384494
0.0197251,-0.00285174
0.00853953,0.0182683
0.0150515,0.00615295
0.0151492,-0.00120415
0.014735,0.0111377
0.0100769,0.0235562
0.00665042,-0.00604418
0.0066292,-0.00627688
-0.00453409,-0.00608959
-0.00157984,-0.00593635
-0.00398086,-0.00690174
-0.00504098,-0.00623374
-0.00465244,-0.00634385
0.0276484,0.009716
0.0158325,0.0169096
0.0249755,-0.000137733
0.00877511,0.0229421
0.0189643,0.00380841
0.0081588,0.0148932
-0.00608769,0.0195158
0.00726895,0.0173347
-0.00215707,0.0184329
-0.00377487,0.028722
-0.00464406,0.0206413
0.00436886,0.0187457
0.003225,0.0246362
0.00296319,0.0198002
0.0127191,0.0160952
0.0199094,0.0165941
0.0137262,0.0212412
0.0198826,0.0101468
0.0137,0.00638904
0.00181487,-0.00673375
0.000165246,-0.00684896
0.000164129,-0.00676156
0.00513589,-0.00466107
-0.00253612,-0.0058847
-0.00562323,0.00427607
-0.00627973,-0.00723546
-0.00625573,-0.00718325
-0.00629815,-0.00621672
-0.00628978,-0.00713614
-0.00630988,-0.00722411
-0.00622614,-0.00714522
-0.00625684,0.00254052
-0.00630988,-0.00351747
-0.00628755,-0.00147941
-0.00628866,-0.00675645
-0.00629034,-0.00720027
-0.00628475,-0.00721957
-0.00631378,-0.00729222
-0.00620158,-0.00619174
0.00624848,0.001301
0.0196481,0.00811041
0.00939811,-9.45995e-05
0.0185651,0.00834311
-0.00519394,0.0213206
-0.00590291,0.00927047
0.0166157,0.00147466
0.00527266,0.00651334
-0.00370509,0.0151451
0.011122,-0.000443073
-0.00313065,0.0193018
-0.00631546,-0.00727292
0.00983243,0.005351
-0.00629704,-0.005257
-0.00616361,0.0104141
-0.00624289,0.00791574
-0.00620604,0.0122541
-0.00309381,0.00977219
-0.00628699,0.00254052
-0.00618092,0.00883063
0.0132964,-0.00558788
0.015315,0.0132683
0.00994631,-0.00624055
0.0139255,0.00260068
0.0158213,0.0179108
0.013384,-0.00083695
0.00737725,-0.00526551
0.0165537,0.00709223
0.0121737,0.011678
0.0130301,0.00309955
0.021722,0.00690438
-0.00557187,0.0146338
0.00966328,0.0162309
0.0070959,0.0244784
-0.00629759,0.0150924
0.00872487,0.0156463
-0.00226146,-0.00206001
-0.00229272,-0.00280577
-0.00223857,-0.00282563
-0.00202588,-0.00251859
-0.00251825,-0.00229781
-0.00154244,-0.00220133
-0.00143637,-0.00192948
-0.00178527,-0.00179951
-0.00215148,-0.00346752
-0.0027449,-0.00396469
-0.00233682,-0.00405096
-0.00139841,-0.00330521
-0.00167139,-0.00354755
-0.00148549,-0.00430409
-0.000895426,-0.00184434
-0.00330929,-0.00553055
-0.000945668,-0.00451124
-0.00317978,-0.00589776
-0.00318871,-0.00624282
-0.00154467,-0.00559866
-0.00451008,-0.00592159
-0.00430856,-0.00613669
-0.00479088,-0.00661173
-0.00487462,-0.00632512
-0.0026941,-0.00602148
-0.00509178,-0.0063359
-0.00542003,-0.00660549
-0.00539993,-0.0065913
-0.00531954,-0.00650617
-0.00466416,-0.00642557
-0.00475292,-0.00652546
-0.00159547,-0.00571614
-0.0006805,-0.00430636
-0.00426669,-0.00619458
-0.00155751,-0.00395675
-0.00106402,-0.00308386
-0.00198792,-0.00281541
-0.000647005,-0.00196637
-0.00536699,-0.0061628
-0.00133421,-0.00414517
-0.00552163,-0.00656178
-0.00509513,-0.00557085
-0.00549651,-0.00622012
-0.00429292,-0.00480977
-0.00512471,-0.0059233
-0.00528772,-0.00599878
-0.0054926,-0.00666111
-0.00567626,-0.00659243
-0.005252,-0.0065266
-0.00516602,0.000250468
-0.00536476,-0.0041219
-0.00530112,-0.00570309
-0.00529666,-0.00580865
-0.00567403,-0.0065527
-0.00510964,-0.00536086
-0.00515039,-0.00605383
-0.00533462,-0.00644998
-0.0048696,-0.00611059
-0.00471887,-0.00640798
-0.00373579,-0.00576154
-0.00474064,-0.00589208
-0.00331543,-0.00475529
-0.00548088,-0.00598005
-0.00560872,-0.00655838
-0.00554173,-0.00646644
-0.00446375,-0.00500784
-0.00498292,-0.00584214
-0.0050393,-0.00580922
-0.00479423,-0.00521443
-0.00124656,-0.000978836
-0.00522241,-0.00578765
-0.00112822,-0.00567982
-0.00113436,-0.00562306
-0.000784334,-0.00510489
-0.000166354,-0.0041185
-0.00301565,-0.0059721
-0.00396356,-0.00555269
-0.000712879,-0.00565258
0.000267405,-0.00535348
-0.00466807,-0.00608788
-0.0044403,-0.00583079
-0.00430744,-0.00598062
-0.00435768,-0.00619118
-0.00497566,-0.00576211
-0.00460443,-0.00514008
-0.00463346,-0.00543748
-0.00440513,-0.00497947
-0.00472445,-0.00536653
-0.004816,-0.00577346
-0.00547753,-0.00590627
-0.00484782,-0.00483588
-0.00486848,-0.00573487
-0.00559253,-0.00649538
-0.00492821,-0.00523713
-0.00534578,-0.00463156
-0.00505438,-0.00604135
-0.0051811,-0.00580695
-0.00544738,-0.00438014
-0.0054418,-0.00525643
-0.00521403,-0.00438468
0.0150169,-0.00401634
0.0219107,-0.00440908
-0.00631657,-0.00730357
-0.00626912,0.029537
0.0201589,0.0129294
-0.00630708,-0.00728881
-0.0063082,-0.00729222
-0.00631267,-0.00729959
-0.00631099,-0.00728881
-0.00631378,-0.00729449
0.0160653,0.0136996
-0.00624847,0.0137416
-0.0063149,-0.00729051
-0.00631099,-0.00729392
0.0299807,0.00525849
-0.00631546,-0.00729846
0.0232951,0.00796001
-0.00631267,-0.00477799
-0.00631602,-0.00711571
-0.00630932,0.0255017
0.0122653,0.0027874
-0.0063082,0.0181134
-0.00631657,-0.000426614
0.00316583,0.00304506
0.0212654,0.00333224
0.024372,0.000370788
0.023955,-0.00224276
-0.00631602,-0.00259237
-0.00631267,0.00778975
0.0145106,0.00713593
-0.00627191,0.0232378
-0.00631546,-0.00729846
-0.00631657,-0.0073047
0.00407354,0.0226844
0.017548,0.00399741
0.0201048,0.0106757
0.019824,0.00214494
0.017539,0.0155186
0.015622,-0.00403564
0.00987653,-0.00428593
-0.0063149,-0.00727916
0.0238495,0.00196502
0.0133924,-0.00358047
-0.00361633,0.0363067
-0.00630039,0.00103482
-0.00631267,-0.00726611
-0.00629369,0.0221379
0.0178383,0.0160231
0.0119761,-0.00372519
0.0125734,-0.00397945
-0.00631546,-0.00730413
-0.00631602,-0.00730357
0.00972915,0.0182718
-0.00630708,-0.00728995
-0.00631602,-0.00729562
-0.00631546,-0.00729959
-0.00631546,-0.007303
-0.00631267,-0.00729846
-0.00631267,-0.00730186
-0.0063149,-0.00730073
-0.00631323,-0.00729903
-0.00631434,-0.00728938
-0.00631323,-0.00729789
-0.00631546,-0.00730073
-7.4801e-05,0.0269189
-0.00631602,-0.007303
0.00672243,0.0232945
-0.00631546,0.015753
0.0334212,0.00030325
0.0116317,-0.00277852
0.0350753,-0.00107872
0.0078808,-0.00425131
-0.00631602,-0.00730243
-0.00631602,0.00118862
-0.00631546,0.0146139
-0.0063149,0.00244063
-0.00631546,-0.00730357
0.0156784,-0.000608228
0.00348124,0.0211997
0.0128436,-0.00408672
0.0131892,0.000609157
0.00969399,-0.00247489
0.012914,-0.00212358
0.0192445,0.00243155
0.0169328,0.00877047
0.0134214,0.00279421
0.0061385,0.0140265
0.0247913,-0.00277455
0.00412881,0.0142689
0.00276668,0.00705705
0.00361745,0.00893846
0.00326408,0.00852585
0.00388541,0.00737601
0.00341593,0.00828351
0.00344719,0.00555021
0.00273877,0.00245822
0.0031167,0.00541797
0.00397529,0.00299853
0.00409755,0.0111371
0.00545521,0.0121513
-0.00612398,-0.00707768
-0.00599614,-0.00676894
-0.00605699,-0.00685294
-0.00587165,-0.0068728
-0.00613347,0.000358302
-0.00593417,-0.00482226
-0.00617143,-0.000405615
-0.0059258,0.00278683
-0.0060648,-0.00690685
-0.00589733,-0.00666621
-0.00590403,0.00737033
-0.00588672,0.0113369
-0.00608937,-0.00099643
-0.00584597,0.0207275
0.0166749,0.0158813
-0.00550935,0.035877
0.00509235,0.024193
-0.00433144,0.0245471
-0.00617813,0.0327515
-0.0060475,-0.00025408
-0.00603857,0.0165475
-0.00611728,-0.0070442
-0.00621442,0.0116025
-0.00603522,-0.00638414
-0.00580801,-0.00344369
-0.00590347,-0.00686145
-0.00614184,-0.00713614
-0.00593306,-0.00629447
-0.00619097,0.000587591
-0.00582811,-0.00668948
-0.00608937,-0.00704193
-0.00610388,-0.00681945
-0.00620437,-0.00707825
0.00410815,0.00571707
-0.000420915,0.00616543
-0.00625238,-0.00685407
-0.0052894,-0.0028052
-0.00411931,0.00463022
0.00430689,0.00886752
0.00198234,0.00657066
0.00247528,0.00696227
0.00138781,0.00672957
-0.00405009,0.00469265
0.0042907,0.00589868
0.00156533,0.0094589
0.00487742,0.00723015
0.0134968,-0.00108099
0.0061318,0.0129902
0.00200523,0.0182246
0.00900734,0.0137337
0.0278566,-0.000331266
0.00398199,0.0228297
0.011865,0.0105015
0.0181821,0.00202859
-0.00621218,-0.00608618
-0.0027957,0.000893498
-0.00455084,0.00173857
-0.00362191,0.0147166
-0.00321662,0.00898387
-0.00367439,0.00132937
-0.00289451,0.0115929
-0.00174006,0.00175447
-0.00497845,-0.00384097
0.00906484,0.0142706
0.0102545,0.0120429
-0.0007955,0.026945
0.0038307,0.0168989
-0.00436382,0.00249682
-0.00263046,-0.00429955
-0.00166413,-0.00263948
-0.00312619,0.00356948
-0.00294531,0.0037142
-0.00256682,0.0139221
0.00202086,-0.00423598
-0.00451678,-0.00479047
0.00794053,0.00464611
0.0192629,0.00371874
0.0102494,0.00210578
-0.00630206,0.00769383
-0.00622279,0.0166752
-0.00626298,0.00860474
-0.00626522,0.000748206
-0.00624344,-0.007261
0.00254673,0.00469833
-0.0062574,-0.00725533
0.0120442,0.00793107
0.013355,0.0115594
0.0153462,-0.00424279
0.0065343,0.00210634
0.0133555,-0.000113896
0.00691893,0.00386857
-0.00631378,-0.00715657
-0.00630932,-0.00729505
-0.00506833,0.00830622
0.00421255,0.00662571
-0.0063149,-0.007303
0.000883153,0.00956049
-0.00612119,-0.00677291
-0.00570529,0.0175555
-0.00612007,0.000612563
-0.000219946,-0.00296014
-0.000115553,-0.00238124
0.000778761,-0.000130354
0.00080109,-0.000910163
-0.00038407,-0.0033682
-0.00289619,-0.00447549
-0.00423543,-0.00291474
-0.00456647,-0.00460318
-0.00423375,-0.0047638
-0.0047211,-0.00538867
-0.00381171,-0.00532113
-0.00425161,-0.0042916
-0.00302682,-0.00469002
-0.00355715,-0.00452997
-0.00455642,0.00417789
-0.0042505,-0.00423825
-0.00221401,-0.00492385
-0.00268964,-0.00467186
-0.00413327,-0.00396753
-0.00205044,-0.0034295
-0.00349184,-0.00338239
-0.00476074,-0.00162527
-0.00347788,-0.00405266
-0.00343546,-0.00246354
-0.00206775,-0.00381259
0.000242842,-0.00239202
0.000346676,-0.00337558
-0.00054987,-0.00146806
-0.00221847,-0.00249759
-0.00288893,-0.00227398
-0.00232008,-0.00275071
-0.000332712,-0.00346242
-0.000157422,-0.000828436
0.00134985,-0.00333245
-0.000587273,-0.00148111
-0.00113938,-0.00251632
-1.84179e-05,0.000343546
-0.000497953,0.00121416
-0.00339247,0.000794178
-0.000341085,-0.00344539
-0.00171717,-0.00139598
-0.00210962,-0.0021843
-0.00256515,-0.00288182
-0.000488463,-0.00222687
-0.00196335,-0.00343234
-0.00144921,-0.000545798
-0.000637515,-0.00314062
0.00313233,-0.000812545
0.00111315,-0.00078133
0.00140679,-0.001749
0.000788809,-0.000246702
-0.00244624,-0.000260323
-0.00324509,-0.000549771
0.000995361,0.00108192
-0.00179365,-0.00175978
-0.00168479,-0.00181143
-0.00208449,-0.000893136
-0.000339969,0.00309785
-0.00275997,-0.00116613
-0.000209897,0.00152177
-0.00221457,-3.50074e-05
-7.81505e-05,0.0023118
-0.0012354,-0.000579851
-0.00125215,-0.000333536
-0.00248811,-0.000489611
-0.00209064,0.000247631
0.000768154,0.00578801
-0.00227653,-0.00294765
-0.00320434,-0.000314239
-0.00476409,-0.000205838
-3.23739e-05,0.000774313
0.000884269,-0.000655335
-0.00350189,-0.000515718
-0.00350021,-0.000171218
-0.00220898,-0.00109745
-0.00200076,-0.000428316
-0.000128951,-0.00113888
-0.00249257,0.00123232
-0.00418853,-0.00130177
-0.00186622,-0.00133866
-0.00113826,-0.000771682
-0.00108467,-0.00127509
-0.00148605,0.000161931
-0.00257017,-0.000973728
-0.0033947,-0.00136363
-0.0026768,0.000396328
0.000765363,0.003952
-0.00185896,0.00233052
-0.00154076,0.000767503
-0.00215372,0.000793043
-0.00214702,0.00236174
-0.00381506,-0.00220076
-0.00408805,-0.00264572
-0.00329868,-0.00252313
-0.00428399,-0.00343744
-0.00338577,-0.00240224
0.00111483,-0.00140109
-3.73983e-05,0.000403138
-0.00119688,-0.00212641
-0.00283311,0.00032425
0.00548591,0.00095536
-0.00627973,0.00242814
0.010509,0.00374371
0.00443529,0.00454395
0.00605086,0.00180327
-0.00613124,-0.00713387
-0.00603019,0.00937661
-0.00626242,0.00471649
0.00447827,-0.000115031
-0.00630597,-0.00703115
0.000818396,-0.00123707
-0.00627806,-0.0013188
0.00806725,0.00187081
0.00411094,0.00432545
-0.00629536,0.00486745
0.0046491,-0.0012138
-0.00613403,-0.00313154
0.0026969,-0.00133298
-0.00567906,0.00684876
-0.00383181,-0.000445343
0.00381954,0.000745368
0.00184836,0.000426976
-0.00628029,0.00280953
-0.00624289,0.00554567
-0.00625963,0.00198489
-0.0063082,0.00579028
-0.0063082,-0.00611853
-0.00618762,0.000730045
0.00183999,-0.00096181
-0.00434373,0.00448777
0.00411932,0.00129986
-0.00618762,0.00793561
-0.00629983,0.00365745
-0.00608267,-0.00120075
-0.00616976,0.00662458
0.00324789,0.00361999
-0.00630262,-0.00317467
0.000743033,0.00476359
-0.00535248,0.00144345
-0.00619097,-0.00109745
-0.00606034,-0.00722298
0.00309326,-9.06264e-05
0.000216047,0.00313417
-0.000123368,0.00166593
-0.00621832,-0.00598516
0.00188744,0.00318468
-0.00423766,0.00636351
-0.00627526,-0.00711287
-0.00117678,-0.00114115
-0.00603633,-0.00723035
-0.0060715,0.001154
0.00210907,0.00107341
-0.00610667,-0.00722979
-0.00630094,-0.00402145
-0.00618148,-0.00439206
-0.00629983,-0.00726214
-0.00416955,-0.000306862
-0.000496279,0.00234585
-0.00624679,-0.00171267
-0.00204486,-0.00254356
-0.00623116,-0.00711117
-0.00507559,0.00671709
-0.00603354,-0.003648
-0.00627973,0.00799917
0.00543399,0.00193494
-0.0056852,0.00462795
-0.00467142,0.0115106
-0.00235078,-0.00325867
-0.00233236,-0.00367638
-0.00522241,-0.00514689
-0.00544292,-0.00552942
-0.00446598,-0.00509354
-0.00600675,-0.00564066
-0.00624065,-0.00726611
-0.00446487,-0.00558844
-0.00523413,-0.00516959
-0.0059392,-0.00556574
-0.00451846,-0.00550615
-0.00471552,-0.00531318
-0.00511857,-0.00535461
-0.00588058,-0.0054125
-0.00304022,-0.00427855
-0.00608211,-0.00565144
-0.00627526,-0.00710379
-0.00502032,-0.00504133
-0.00628699,-0.00677802
-0.00462676,-0.00479047
-0.0043761,-0.00343688
-0.00501027,-0.00567982
-0.00337684,-0.00289487
-0.00544961,-0.00551069
-0.00615803,-0.00681264
-0.00624679,-0.00727235
-0.00611393,-0.00724397
-0.00520064,-0.00544712
-0.00609607,-0.00678029
-0.0061184,-0.00483645
-0.00625628,-0.00726497
-0.00428958,-0.00411793
-0.00627806,-0.00727519
