-0.00628721,-0.00728482
-0.00630396,-0.00413005
-0.00629112,0.00132669
-0.00628331,-0.00663648
-0.00462366,0.00454596
-0.00621132,0.00109709
0.00424326,0.00120697
-0.00627884,-0.00142683
-0.00628889,-0.000133979
-0.00629949,-0.00727771
-0.00626936,-0.0059619
0.00692359,-0.00110922
-0.00629335,-0.00466523
0.00354737,6.93779e-05
-0.0062794,-0.00726896
-0.00624257,-0.00568912
-0.00215929,0.000943484
-0.00620351,0.00517079
-0.00136853,0.00253153
-0.00629838,-0.00729356
-0.00630005,-0.00728919
-0.00629056,-0.0063872
-0.00629949,-0.00726951
-0.00625038,-0.0012191
-0.00628833,0.00270318
-0.00626992,0.00171755
-0.00627438,-0.00565359
-0.00627215,-0.00721539
-0.0056103,0.00598203
-0.00629559,-0.0072788
-0.00406616,0.0070092
-0.00629949,-0.00729739
-0.0062967,-0.00294107
-0.00630061,-0.0072952
-0.00628777,-0.000818942
-0.0062861,-0.00479588
-0.00630284,-0.00728591
-0.0057074,-0.00654683
-0.00564043,-0.00645608
-0.0058151,-0.0063227
-0.00619625,-0.00706342
-0.00587202,-0.00631395
-0.00567949,-0.00634456
-0.00578218,-0.00666819
-0.00608855,-0.00671028
-0.00570572,-0.00622594
-0.00554166,-0.00609911
-0.00570684,-0.006461
-0.00581231,-0.00683929
-0.00497356,-0.00636534
-0.00570126,-0.00634784
-0.00573028,-0.00667857
-0.00567391,-0.00669661
-0.005295,-0.00525617
-0.00610362,-0.00701586
-0.00605897,-0.00714159
-0.00603442,-0.00686116
-0.00602995,-0.00695354
-0.00536475,-0.00656979
-0.00551543,-0.00632762
-0.00584412,-0.00656979
-0.00604558,-0.00695463
-0.00593564,-0.00683437
-0.00583073,-0.0068535
-0.00579055,-0.00594496
-0.00567503,-0.00671574
-0.00596299,-0.00647467
-0.00593955,-0.00691418
-0.00578831,-0.00670426
-0.00565885,-0.00633254
-0.00531285,-0.00636971
-0.0057593,-0.00683765
-0.00572246,-0.00626202
-0.0054613,-0.00597065
-0.00549087,-0.00658345
-0.00613598,-0.00701422
-0.00558407,-0.00647139
-0.00561141,-0.00642766
-0.00542391,-0.00635276
-0.00546632,-0.00562461
-0.00564322,-0.00660368
-0.00577157,-0.00675073
-0.00517557,-0.00609091
-0.00587928,-0.00688193
-0.00543786,-0.00662828
-0.00587872,-0.00657252
-0.00560025,-0.00645554
-0.00557681,-0.00610075
-0.00545069,-0.00593074
-0.00567224,-0.00670044
-0.00591276,-0.00684585
-0.00552882,-0.00634292
-0.00552045,-0.00638775
-0.00537536,-0.00611169
-0.00538317,-0.00585148
-0.00558965,-0.00634511
-0.00551096,-0.00564703
-0.0056382,-0.00621665
-0.00540382,-0.00644898
-0.00533071,-0.0060204
-0.00611645,-0.00702625
-0.00616891,-0.00698142
-0.0062275,-0.00712574
-0.00591723,-0.00682453
-0.006189,-0.00691637
-0.00600484,-0.00684694
-0.0060439,-0.00693113
-0.00609078,-0.00697923
-0.0060679,-0.00682453
-0.00607515,-0.00696119
-0.00611422,-0.00627459
-0.00594345,-0.00659439
-0.00575706,-0.00649161
-0.00606846,-0.00700766
-0.0059987,-0.00693058
-0.00582794,-0.00663429
-0.00588709,-0.00661571
-0.00575148,-0.00688302
-0.00562815,-0.00637463
-0.00605395,-0.00697158
-0.00583854,-0.0067223
-0.00602493,-0.00646264
-0.006141,-0.00698743
-0.00603107,-0.0067141
-0.00622192,-0.00658127
-0.00603497,-0.00684038
-0.00600372,-0.00601712
-0.00570684,-0.00489209
-0.00490547,-0.00354239
-0.00570237,-0.00412568
-0.00614268,-0.00587498
-0.00590439,-0.00595316
-0.00599424,-0.00495332
-0.00463928,-0.00302307
-0.00542056,-0.00255185
-0.00604335,-0.00616253
-0.00609078,-0.00523813
-0.0061025,-0.00463462
-0.00621076,-0.00706889
-0.0012385,-0.000676811
-0.005569,-0.00675018
-0.00588709,-0.00673324
-0.00555114,-0.00659384
-0.00588932,-0.0064856
-0.00529276,-0.00637682
-0.00590495,-0.00690325
-0.00550706,-0.0063145
-0.00538819,-0.00606905
-0.00612538,-0.00703499
-0.00616165,-0.00682672
-0.00581399,-0.00624726
-0.00585361,-0.00681906
-0.00603386,-0.00637518
-0.006141,-0.00665725
-0.00629391,-0.00711808
-0.00571521,-0.00632051
-0.00606009,-0.00654737
-0.00623811,-0.00699727
-0.00596466,-0.00647357
-0.0061265,-0.00656213
-0.00626545,-0.00706889
-0.00609748,-0.0065922
-0.00594011,-0.00660149
-0.00620239,-0.00705303
-0.00611533,-0.00672066
-0.00622192,-0.00683492
-0.00612203,-0.0066496
-0.00608129,-0.00679829
-0.00618677,-0.00706779
-0.00609803,-0.00677533
-0.00617114,-0.00702734
-0.00623364,-0.00708091
-0.00618509,-0.00704046
-0.00626712,-0.00719954
-0.00625317,-0.0071733
-0.00619346,-0.00712519
-0.00622918,-0.00715854
-0.00618342,-0.00705686
-0.00625094,-0.00715471
-0.00616612,-0.00696557
-0.00603497,-0.00700657
-0.00613542,-0.00693659
-0.00625931,-0.00719899
-0.00594959,-0.00671684
-0.00599089,-0.00704538
-0.00627382,-0.00718095
-0.00626768,-0.00719735
-0.00626712,-0.00722304
-0.00627326,-0.00723726
-0.00619737,-0.00709731
-0.0061265,-0.00703937
-0.00607906,-0.0069847
-0.00621411,-0.00713667
-0.00620127,-0.00708419
-0.00623141,-0.00719024
-0.00623587,-0.00717931
-0.00617393,-0.00710715
-0.00618621,-0.00710114
-0.00607292,-0.00692238
-0.00593955,-0.00658783
-0.00624313,-0.00716455
-0.00623811,-0.00713394
-0.00629391,-0.00696666
-0.00618621,-0.00674144
-0.00625875,-0.00716018
-0.00627159,-0.00700711
-0.00616388,-0.00668458
-0.00626433,-0.00707381
-0.00618453,-0.00684148
-0.00614882,-0.00714378
-0.00627494,-0.00717822
-0.00619625,-0.00698907
-0.00614882,-0.00687209
-0.00615328,-0.00660532
-0.00611812,-0.00696721
-0.00625596,-0.00706561
-0.00619235,-0.00671246
-0.00613487,-0.00675674
-0.00619402,-0.00707763
-0.00486474,-0.0058635
-0.00617895,-0.00704866
-0.0062063,-0.00694042
-0.00623253,-0.00694042
-0.00590662,-0.00617729
-0.00601712,-0.00527475
-0.00620686,0.0121057
-0.00616947,0.00611104
-0.006016,0.0135161
-0.0061092,0.021131
-0.00618397,-0.00634784
-0.00619123,-0.00634948
-0.00616612,-0.00610075
-0.00624759,-0.00614831
-0.006141,-0.00572192
-0.00615105,-0.0059783
-0.0062236,-0.00595589
-0.00617281,-0.00287492
-0.00505615,0.0222998
-0.00563262,0.0144192
-0.00539768,0.0154474
-0.00610864,0.0105915
-0.00624927,-0.00570279
-0.00613766,-0.00479041
-0.0060054,0.000951684
-0.00617616,-0.00592965
-0.00615663,-0.00433887
-0.00613319,-0.00111742
-0.00393558,-0.00521353
-0.00615998,-0.00624398
-0.00623587,-0.00504297
-0.00607627,-0.00594168
-0.0060958,-0.00493856
-0.00604725,-0.00260542
-0.00614045,-0.00499322
-0.00610417,-0.00450451
-0.00600149,-0.00552786
-0.00615719,0.00515385
-0.00616835,0.0101027
-0.00618844,0.00699171
-0.00617839,0.00697422
-0.0059189,0.0133718
0.00617971,0.0134559
-0.00618063,0.0147636
-0.00607739,-0.000922807
-0.0057939,0.00403429
-0.00604502,0.00767011
-0.0057699,0.00884926
-0.00562927,0.0147226
-0.00572972,0.0143038
-0.00520961,0.0205707
-0.00412755,0.0231493
-0.00560974,0.0226278
0.026023,0.000852739
0.022817,0.00389708
0.0257825,0.00137152
0.0249872,0.00176347
0.02437,0.00264851
0.0204045,0.00510793
0.0226858,0.0031908
0.0224464,0.000887178
0.0257568,0.000606743
0.0231909,0.00419774
0.016223,0.00649261
0.0122262,0.00705512
0.0138384,0.00865792
0.00802854,0.0108653
0.0122112,0.0092833
-0.00501429,0.0205822
-0.00508461,0.00894437
-0.00571688,0.0086295
-0.00379774,0.016052
0.019871,0.00566825
0.0121202,0.0103968
-0.00509075,0.0186962
-0.00617784,-0.00217247
-0.00590606,0.011412
-0.00576543,0.010147
-0.0061092,-0.00116334
-0.00571633,0.0199798
-0.00608687,0.0165293
0.0163385,-0.00166736
0.0273813,0.000669062
0.0154434,-0.00317504
0.0227355,-2.62877e-05
0.00870211,0.0047362
0.0122692,0.00200509
0.0127971,-0.00503368
0.018862,0.00442023
0.0157481,0.0105543
0.0154931,-0.00500416
0.0145014,-0.00233045
0.0228756,0.0026999
0.0132123,-0.00445422
0.015593,-0.00231187
0.0179658,0.00167819
0.0204095,-0.00156896
0.0267133,0.00310989
0.0193224,-0.0042689
0.0206327,-0.00119723
0.0187437,0.00111349
0.0133914,-0.00490467
0.0159607,-0.00308867
0.0100671,-0.00128196
0.0160958,-0.00306735
0.0127095,0.00617227
0.00409482,0.00192036
0.0138708,-0.00501673
0.0124165,-0.00385563
0.0110275,-0.0048828
0.0158714,-0.00200683
0.0125398,-0.00456738
0.00718588,0.0157907
0.0163073,-0.00230531
0.0162174,-0.00486257
0.0104109,-0.0051124
0.0160534,-0.0044083
0.00604968,-0.00587772
0.0108551,0.00973047
0.0140572,-0.00364353
0.0132279,0.0021352
0.0114355,-0.00431701
0.0148362,-0.00418034
0.00880144,-0.00462915
0.00620984,0.012115
0.00821883,-0.00480791
0.0148418,-0.00508288
0.00867365,-0.00536167
0.012599,-0.00474395
0.0124394,-0.00438643
0.0165221,-0.00424594
0.00684881,-0.00485929
0.0101798,-0.00443017
0.00707538,-0.00561696
0.0138295,-0.00372552
0.0122296,-0.00480463
0.0180138,-0.0024376
0.00856315,0.018108
-0.00286969,0.0208484
0.00561216,0.0221123
0.00826404,0.0201869
-0.00116986,0.0255655
0.0143479,0.000916151
0.000950184,0.0266927
0.0237143,0.00484389
0.0047829,0.0239993
0.0160885,0.0147903
0.00676343,0.022853
0.0245402,0.00699772
0.00266341,0.0237561
0.00310036,0.0234232
0.00902578,0.0202072
0.0227718,0.00181267
0.0176516,0.0112972
0.0171371,0.00078222
0.0181594,-0.000145459
0.0168179,-0.00133991
0.0173023,-0.00550654
0.0141403,0.0129547
0.0195138,-0.00468108
0.0141811,-0.00101191
0.00787005,0.0130798
0.019208,-0.00298152
0.0183497,-0.00272897
0.0198397,-0.00180402
0.0182515,-0.00490521
0.0172303,-0.00460892
0.0116436,0.00293223
0.00441179,0.00792704
0.010638,0.0119641
0.0126799,0.0116574
0.00426391,0.00260806
0.0066987,0.00914718
0.00767194,-0.0054136
0.0108389,0.000623142
0.00611218,-0.00499268
0.00405073,-0.00445695
0.00227612,-0.00578369
0.00686444,-0.00478112
0.0223063,0.00180228
0.0188581,-0.000857755
0.0164535,0.000651569
0.0171053,-0.00223971
0.0105007,0.000579409
0.00841248,0.0026414
-0.00173461,0.00784614
0.00514396,0.00355815
0.0156728,0.000460785
0.0136504,0.00865465
0.000448494,0.0178489
-0.00108113,0.0150385
-0.00628442,-0.00673542
0.00458311,0.00993492
-0.00628108,-0.00303509
-0.00238475,0.00950415
-0.00626824,-0.00373318
-0.00628777,-0.00478877
-0.00629893,-0.00227469
0.00950571,-0.000883994
-0.00630284,0.000732474
-0.0018652,0.0100043
0.00837063,0.0083354
-0.00620909,0.0083518
-0.0062928,-0.00406773
-0.00209679,0.00840209
0.00630806,0.00555127
-0.00628554,0.00612088
-0.00628219,-0.00397261
-0.00628387,0.000352547
-0.00627996,0.000180896
-0.0062928,0.0026496
0.0103964,0.00463015
-0.00630117,0.00262008
-0.00523417,0.00931938
0.00980873,0.00710487
-0.00628498,0.00568574
0.0102674,0.00585412
0.00139942,0.0118641
-0.00612705,0.0108637
-0.0030159,0.011488
-0.00619904,0.00853001
-0.00624034,0.00477938
-0.00599256,0.0131935
-0.00619904,0.0126321
-0.00581231,0.0142224
-0.00618453,0.00706824
-0.00625596,0.00912368
-0.00628387,0.00513581
-0.00628163,0.00971079
-0.00624201,-0.00109063
-0.0053748,0.0122615
-0.00606455,0.0114617
-0.00621746,0.00460336
-0.0061198,0.0118663
-0.00626043,0.00744544
-0.00626099,0.00620343
-0.00624703,0.00815445
-0.00620909,0.00816867
-0.00619346,0.0105007
-0.00625429,0.0105018
-0.00628387,0.00940357
-0.00624034,0.00738476
0.0155444,0.0136555
0.0146744,0.0120341
0.00988518,0.013287
0.0179066,0.0113633
0.00806872,0.0157863
0.0148876,0.0102574
0.0200468,0.00556275
0.0171337,0.0139698
0.0237143,0.00571581
0.0173452,0.013375
0.0213856,0.01099
0.0217087,0.00840045
0.0149942,0.00958888
0.0113997,0.0119996
0.0170802,0.0121538
0.0168709,0.0106647
0.0134389,0.00179463
0.0183207,0.0116334
0.0165818,0.00938662
0.0202321,0.0100218
0.0192705,0.00572729
0.0175394,0.00311044
0.0292268,0.000532944
0.0211339,0.00565185
0.0223287,0.00309568
0.023043,0.00270646
0.0209994,0.00480617
0.0169892,0.00331379
0.0216015,0.00220845
0.0247104,-0.000383256
0.0229191,0.00274746
0.0157185,0.00277424
0.0214765,0.000374413
0.0127926,0.0104679
0.0181198,0.00511066
0.0206902,0.00504287
0.000533876,0.00785816
0.00187153,0.00836109
0.010917,0.00717102
-0.004824,-0.000958886
-0.00630563,-0.00718095
-0.00630117,-0.00528077
-0.00546185,-0.00105838
-0.00148126,0.00254793
-0.00244501,0.00619796
-0.00629614,-0.00318597
-0.0063073,-0.00731051
-0.00630619,-0.00730942
-0.00630675,-0.00730942
-0.00630507,-0.00728919
-0.00630619,-0.00728974
-0.00457455,-0.00097638
-0.00630619,-0.00700438
0.00612669,0.00519047
-0.00630563,-0.00730832
-0.00420846,0.0110452
-0.00630396,-0.00518838
-0.00630563,-0.00507741
-0.00630451,-0.00680758
-0.00630284,-0.00730395
-0.00630396,-0.00730723
-0.00630675,-0.00730887
-0.00630563,-0.00730887
-0.00630451,-0.00730176
-0.00630396,-0.00730012
-0.00629949,-0.00728919
-0.00630451,-0.00730614
0.00337158,0.00192036
0.00409984,0.00264796
-0.00629001,-0.00363478
-0.00630284,-0.00730504
-0.000848981,0.00586395
-0.00430668,-0.00101629
-0.00630507,-0.00600564
0.00634043,-0.00104034
-0.00628498,-0.00335434
-0.00375253,0.010557
-0.00425199,0.00178916
0.00309144,0.00317932
-0.000837262,0.00270208
-0.00630563,-0.00730832
-0.00621467,-0.00124096
-0.00630172,-0.00649653
0.00253338,0.00977147
-0.00629949,-0.00707545
-0.0063073,-0.00729138
0.00166896,0.00315636
-0.00630507,-0.00605101
-0.00630619,-0.00730832
-0.0063073,-0.00730942
-0.00630117,-0.00730231
-0.00630507,-0.00730504
-0.00629391,-0.00172257
-0.00630228,-0.00542399
0.00636498,0.00222212
0.00621431,0.00145242
-0.00629838,-0.00152358
-0.00630563,-0.00730778
-0.00630507,-0.00730723
-0.00630619,-0.00730942
-0.000591718,0.00730385
-0.00630451,-0.00730504
-0.00630675,-0.00730559
-0.00630675,-0.00730942
-0.00630507,-0.00729739
-0.00290653,0.00032412
-0.00630396,-0.00730395
-0.00629949,-0.00570005
-0.00630675,-0.00730996
-0.00630507,-0.00568475
-0.00630396,-0.00518401
-0.00627494,-0.00361729
-0.00625875,-0.00317012
-0.00263866,0.00916522
-0.00370789,0.00778382
-0.00600093,-0.00128579
-0.00630507,-0.00730614
-0.0063034,-0.00516815
-0.00614268,-0.0017745
-0.0017893,0.00402773
-0.00630451,-0.00730832
-0.00629559,0.00032412
-0.00630563,-0.00730832
-0.00627773,-0.00175919
-0.00630507,-0.00730723
-0.00630675,-0.00730942
-0.00630563,-0.00730887
-0.00609971,0.00105008
-0.00593452,0.000437825
-0.00630619,-0.00730668
-0.0063073,-0.00730887
-0.00629949,-0.00378074
-0.000509126,0.00407693
-0.00630619,-0.00730887
-0.00630619,-0.00730942
-0.00124408,0.000967537
-0.00630117,-0.00730176
-0.00630563,-0.00730832
-0.00629782,-0.00730122
-0.00627884,-0.00722742
-0.00481339,-0.00379823
-0.00618063,-0.00558908
-0.00508963,-0.00586952
-0.00142712,-0.00361291
-0.00266042,-0.00403603
-0.00502267,-0.00199699
0.00205178,-0.00416121
0.0164468,-0.00424157
0.0181488,-0.00424594
0.0174775,-0.0019057
0.0154066,-0.00137817
0.0101073,-0.00502001
0.0104527,-0.0035659
0.0024134,-0.00511513
0.00700953,-9.02464e-05
0.00224152,-0.001259
0.00763288,-0.00567655
0.0059403,-0.00535566
0.0109393,0.00153934
0.010013,0.000817206
0.0118099,-0.00124315
0.0126369,-0.00323244
0.0111955,-0.00322588
0.0090894,-0.00405789
-0.000407003,0.00195808
-0.00618956,-0.00722742
-0.00627047,-0.00511185
-0.00627271,-0.00392615
-0.00187468,-0.00331116
-0.0021498,-0.00176302
-0.00289146,-0.00232881
-0.00302093,-3.55805e-05
-0.00611812,-0.00540103
-0.00587481,-0.00611005
-0.00599703,-0.00691363
-0.00598698,-0.00710497
-0.00619402,-0.00723124
-0.00606846,-0.00305532
-0.00611533,-0.00679228
-0.00616668,-0.00616089
-0.00608297,-0.00329257
-0.00629614,-0.00727224
-0.00133505,-0.00456519
6.73431e-05,-0.0025513
0.00161538,-0.00178598
-0.00115814,-0.0025759
-0.000168714,-0.00182261
0.000305632,-0.00359706
0.000436775,-0.00197458
0.000938465,-0.00195654
0.00180177,-0.00351178
0.00105454,-0.00250156
-0.00197792,-0.00422189
-0.00250696,-0.0032062
-0.00629224,-0.00608545
-0.00290876,-0.00385618
-0.00203931,-0.00369491
-0.00254323,-0.00351178
-0.00202871,-0.0024376
-0.00289983,-0.00327125
-0.00235907,-0.00338878
-0.0058324,-0.0067726
-0.00582738,-0.00675346
-0.00601767,-0.00693277
-0.00573139,-0.00664249
-0.00607962,-0.00694753
-0.0055517,-0.00660204
-0.00568842,-0.00654409
-0.00577046,-0.00651731
-0.00571354,-0.00660368
-0.00601154,-0.00693987
-0.00615942,-0.00706069
-0.00610027,-0.00581704
-0.00581957,-0.00680868
-0.00586867,-0.0067152
-0.005718,-0.00282408
-0.00573809,-0.00653699
-0.00595741,-0.0067316
-0.00583798,-0.00683164
-0.00558128,-0.00674854
-0.00619904,-0.00712902
-0.00560137,-0.00661188
-0.00576711,-0.00663211
-0.00581119,-0.00644679
-0.0057247,-0.0066496
-0.00607739,-0.0069847
-0.00579669,-0.00679118
-0.00592169,-0.00686553
-0.00607181,-0.00707435
-0.00584133,-0.00680321
-0.00599312,-0.00689177
-0.00589714,-0.00683
-0.00584858,-0.00677533
-0.0058391,-0.00636916
-0.00567057,-0.00675784
-0.00586588,-0.00641836
-0.00598698,-0.00670372
-0.00575595,-0.00650692
-0.00560081,-0.00642438
-0.00627103,0.00722459
-0.00625485,0.00193294
-0.00624927,0.00521944
-0.00624424,0.00844965
-0.0062928,-0.00122347
-0.00580227,0.0216875
-0.00627103,-0.000985673
-0.00625708,0.0168824
-0.00628275,0.00361282
-0.00617058,0.0197934
-0.00628945,0.00536431
-0.00556119,0.016901
-0.00623476,0.0155267
-0.00624703,0.00658226
-0.00623476,0.0109408
-0.00617895,0.0117088
-0.00629391,0.00924504
-0.00629112,0.0122172
-0.00627103,0.0123528
0.000328512,0.0194588
-0.00625541,0.00184984
-0.00194109,0.0238714
-0.00629391,0.0103056
-0.00624536,0.0153556
-0.00394953,0.0254693
-0.00629782,0.0169316
-0.00554891,0.0231537
-0.00619514,0.0183841
-0.00204489,0.0195796
-0.00618286,0.0207511
-0.00613766,0.0231832
0.0197979,0.0131405
-0.00612371,0.0284322
-0.00628275,0.0239332
0.0316124,0.00247303
0.0200005,0.00907393
0.0214598,0.00894984
0.0167889,0.0165309
0.0145109,0.0144738
0.0257546,0.00476845
0.012171,-0.00149898
0.0215636,0.00393753
0.0217913,0.00697258
0.0140734,0.011928
0.0155221,0.0142896
0.0168106,0.0106702
0.013536,0.0162756
0.00498212,0.0161439
0.00993931,0.0157967
0.00884664,0.0197524
0.0137737,0.0132542
0.0136275,0.0157459
0.022707,0.00640351
0.022923,0.00767394
0.0112424,0.0149024
0.0176784,0.0114082
0.0173932,0.0110069
0.0214202,0.00998849
0.0172119,0.00513089
0.0229001,0.00793634
0.0211115,0.0010878
-0.00627829,-0.00666819
-0.00627717,-0.00667147
-0.00621411,-0.00152468
0.0203855,0.00111076
-0.00627215,-0.00727935
-0.00628108,-0.00730176
-0.0062755,-0.00725584
-0.00629335,-0.00506538
-0.00627047,-0.00728318
-0.00630451,-0.00730559
-0.00628163,-0.0072635
-0.00628666,-0.00729466
-0.00630061,-0.00730668
-0.00630507,-0.00729466
-0.00628945,-0.00572028
-0.00630005,-0.00727115
-0.00627494,-0.00694261
-0.0062755,-0.00174225
-0.00595685,0.00610448
-0.00628387,0.00157815
-0.00628833,-0.00721375
-0.00629447,-0.00724655
-0.00630563,-0.00715799
-0.00627605,-0.00725748
-0.00629949,-0.00727935
-0.00630675,-0.00730996
-0.00629614,-0.00725311
-0.00626545,-0.00305915
-0.00630005,-0.00722523
-0.00630451,-0.00730832
-0.00629949,-0.00727552
-0.00628721,-0.00728919
-0.0062861,-0.00728372
0.00575224,-0.00245673
0.00451112,-0.00026955
0.00471593,-0.00215388
0.00377115,-0.00309851
0.00707203,-0.00467398
0.00590403,-0.00355005
-0.00386861,-0.0062407
-0.00401315,-0.00606905
-0.00415936,-0.00625655
0.016843,-0.00506866
0.00720597,0.0124654
0.0116302,0.01181
0.0229247,0.00813532
-0.00289815,-0.00629536
0.0238566,0.010246
0.024245,0.0143508
0.029296,5.51642e-05
0.0148022,-0.0059958
0.0208627,-0.00438807
0.0146549,0.0119439
0.0213772,-0.00373646
0.0168915,-0.00495332
0.0188168,0.0109495
0.0137642,0.0208577
0.0056836,-0.00632707
0.00034916,-0.00643914
-0.00472634,-0.00603953
-0.00378155,-0.00611059
-0.0050634,-0.00694315
-0.00520794,-0.00621173
-0.00497021,-0.00623031
0.0241033,0.0127732
0.0243639,0.00826761
0.0311331,0.00610722
0.00851237,0.0253643
0.0194056,0.000432906
0.0107468,0.0137304
-0.00601098,0.0213464
0.0109343,0.0152665
-0.00451205,0.0190843
0.00332303,0.0269584
-0.00453437,0.024195
0.00940749,0.0159465
0.0105163,0.0187902
0.00974567,0.017171
0.0162208,0.0160351
0.0111771,0.0222265
0.0271748,0.00847917
0.0178263,0.0101585
0.0141973,0.00800686
0.00251999,-0.00672176
0.000545037,-0.00674362
-0.000505778,-0.00677642
0.00454238,-0.00393271
-0.00161296,-0.00581922
-0.0062755,-0.00113108
-0.00627271,-0.00723999
-0.0062448,-0.00718259
-0.00628945,-0.00721758
-0.00628331,-0.0072061
-0.00628442,-0.00719462
-0.00627884,-0.00716674
-0.00616612,0.00437868
-0.00630117,-0.00209648
-0.00626601,-0.00414918
-0.00629391,-0.00653589
-0.00627829,-0.00721976
-0.00626378,-0.00720828
-0.00630172,-0.00729192
-0.00619625,-0.0060357
0.00761,-0.00250265
0.0234548,0.00375495
0.00837955,-0.00131749
0.021198,0.0110681
-0.00598866,0.022789
-0.00566331,0.00913406
0.0176561,0.00171482
0.00720764,0.00496908
-0.00606678,0.015788
0.0121766,-0.00252944
0.0121542,0.00937131
-0.0063034,-0.00725858
0.00732874,0.00467443
-0.00628554,-0.00123714
-0.00543786,0.0140529
-0.00618007,0.00860545
-0.00626489,0.00994257
-0.00621299,0.00723661
-0.00628889,-0.00401635
-0.00570963,0.0134592
0.0109114,-0.00600454
0.0177526,0.0132619
0.00540289,-0.0064118
0.0155522,-0.00558908
0.0198805,0.0124911
0.0147324,-0.003983
0.00672771,-0.0059455
0.0215474,-0.00375395
0.0156845,0.0169032
0.0170891,-0.00570224
0.0178263,-0.000162952
0.00153,0.0124228
0.0123283,0.0130733
0.0126241,0.0194276
-0.00626712,0.019731
0.010181,0.0145607
-0.00173629,-0.00248898
-0.00217659,-0.00277653
-0.00186241,-0.0032543
-0.00159901,-0.00295856
-0.00222012,-0.00276887
-0.000647524,-0.00296512
-0.00111964,-0.00198824
-0.0012279,-0.0018155
-0.00178484,-0.00382119
-0.00242325,-0.00432193
-0.00202089,-0.0045723
-0.000901996,-0.00395785
-0.00119888,-0.00437878
-0.00114419,-0.00502001
-0.000942734,-0.00209703
-0.00321904,-0.00574816
-0.00042765,-0.0051277
-0.00326647,-0.00606905
-0.00339761,-0.00637682
-0.00189366,-0.005717
-0.00454888,-0.00562079
-0.00455725,-0.00598869
-0.00501708,-0.00659985
-0.00502546,-0.00631942
-0.00316379,-0.00612481
-0.00518673,-0.00622703
-0.00539824,-0.00659657
-0.00540605,-0.00658783
-0.00531899,-0.00655831
-0.00490045,-0.00646756
-0.00488929,-0.00659439
-0.00198518,-0.00597776
-0.000659801,-0.00475051
-0.00426762,-0.00635112
-0.000758576,-0.00490795
-0.000216148,-0.00433122
-0.00117879,-0.00380206
0.000491464,-0.00308265
-0.00536364,-0.00612863
-0.00123571,-0.00442907
-0.00545962,-0.00662937
-0.00496742,-0.00508397
-0.00545516,-0.00616471
-0.00402263,-0.00481556
-0.00505057,-0.00600454
-0.00523919,-0.00600126
-0.0055104,-0.00671629
-0.0057074,-0.00667529
-0.00529667,-0.00660696
-0.0050528,0.00434042
-0.00524086,-0.00220691
-0.00517167,-0.00528569
-0.0051047,-0.00591106
-0.00564489,-0.00666709
-0.00500927,-0.00504133
-0.00507401,-0.00614722
-0.00536922,-0.00646975
-0.00493393,-0.00622211
-0.00494342,-0.00638064
-0.00395511,-0.00564812
-0.00485916,-0.00575636
-0.00349862,-0.00449686
-0.00534968,-0.00599033
-0.00560304,-0.00661516
-0.00541498,-0.00647467
-0.00436918,-0.00457284
-0.00498807,-0.00506429
-0.00495347,-0.00527803
-0.00484688,-0.0054475
-0.00021838,-0.00132187
-0.00516497,-0.00584218
-0.00154376,-0.00602477
-0.00171173,-0.00582852
-0.00116205,-0.0055459
-0.000266373,-0.00444274
-0.0033485,-0.00610349
-0.00394841,-0.00554316
-0.00128315,-0.00551036
-0.000620179,-0.00523047
-0.00475982,-0.00612426
-0.0045433,-0.00577167
-0.00455892,-0.00586842
-0.00463705,-0.00620298
-0.00483962,-0.00580392
-0.00439151,-0.00530701
-0.00462031,-0.00555956
-0.00435244,-0.00498885
-0.00458571,-0.00513973
-0.00470904,-0.00598104
-0.00541386,-0.00582305
-0.00452153,-0.00504406
-0.00478493,-0.00577987
-0.0055584,-0.00651457
-0.00479275,-0.00502712
-0.00528439,-0.00356371
-0.00505001,-0.0060767
-0.00506564,-0.00583617
-0.00533908,-0.0033117
-0.00531062,-0.00509928
-0.00521631,-0.00233811
0.0111246,-0.0049473
0.0237121,0.00127695
-0.00630675,-0.00730832
-0.00628889,-0.00641672
-0.00608073,0.0349281
-0.0062967,-0.00728974
-0.00629447,-0.00729028
-0.00630228,-0.0073034
-0.00629893,-0.00728646
-0.00630228,-0.0072952
-0.00625429,0.0291702
-0.00624257,0.00584209
-0.00630284,-0.00728755
-0.00629949,-0.00729411
0.021558,0.0126551
-0.00630396,-0.00730286
0.000562895,0.0286853
-0.00629949,-0.00728208
-0.00630563,-0.00730231
-0.00630451,-0.0072881
0.017059,0.00909689
-0.00630507,-0.00506921
-0.00630675,-0.0073045
0.00395586,0.0013327
-0.00180995,0.0198874
0.0241675,-0.000360296
0.0242517,-0.00262182
-0.00630619,-0.0073034
-0.00630451,-0.000800356
0.0167403,0.00743341
-0.00630451,0.00555783
-0.00630563,-0.00730832
-0.00630675,-0.00730996
-0.0063034,0.00227678
0.0189128,0.0115323
-0.00352485,0.0177784
0.0203314,0.00146281
0.0144361,0.0144962
0.016516,0.00618922
0.0107078,-0.00450287
-0.00630507,-0.00729739
-0.00618174,0.0235691
0.0187967,-0.00366703
-0.00357284,0.0348702
-0.00628833,-0.00701203
-0.00628387,-0.00727607
-0.00630451,-0.00356645
-0.00581845,0.0211649
0.0112072,-0.0027973
0.0128691,-0.00397207
-0.00630563,-0.00730887
-0.00630507,-0.00730887
-0.00629559,0.0131471
-0.0062928,-0.00729138
-0.00630563,-0.0073045
-0.00630451,-0.00730614
-0.00630507,-0.00730668
-0.00630172,-0.00730286
-0.00630228,-0.00730504
-0.00630451,-0.00730614
-0.00630284,-0.0073045
-0.0063034,-0.00728646
-0.00630061,-0.00730012
-0.00630451,-0.0073045
-0.00628387,0.0102307
-0.00630563,-0.00730778
-0.00630675,0.00560757
-0.00630563,-0.00730832
-0.00629335,0.029244
0.0272697,0.00361282
0.00320863,0.0258186
0.0358737,-0.00165806
-0.00630619,-0.00730723
-0.00630563,-0.0072788
-0.00630451,0.00607169
-0.00630507,-0.0071077
-0.00630563,-0.00730832
0.015694,0.000520371
-0.00630451,0.00347943
0.0159657,0.0122363
0.0123429,-0.00051172
0.00833212,0.000873512
0.0102457,-0.00214513
0.0153681,0.0114776
-0.00382731,0.0165714
0.013887,0.00722076
0.000525505,0.0177631
0.0242651,-0.00272842
0.00394191,0.0142584
0.00396535,0.00873555
0.00306688,0.00896023
0.00348375,0.00719835
0.0043917,0.00611979
0.00488446,0.00818616
0.00394414,0.00729073
0.00327057,0.00183399
0.00405129,0.00479141
0.0028431,0.00539656
0.00451057,0.00689222
0.00497933,0.0127759
-0.00611254,-0.00711098
-0.00595182,-0.0067961
-0.00602493,-0.00686389
-0.00580282,-0.00682672
-0.00609469,-0.00392724
-0.00594792,-0.00669333
-0.00614938,-0.000628158
-0.00591723,-0.00129836
-0.0060439,-0.00692129
-0.00586644,-0.00666873
-0.0057766,0.00375768
-0.00582347,0.00861419
-0.00602326,-0.0049402
-0.00577715,0.0158427
0.00800677,0.0220472
-0.00549143,0.033485
0.00510657,0.0225622
-0.00432342,0.022871
-0.00609357,0.0204308
-0.00604669,-0.00288367
-0.00598084,0.0104132
-0.00610306,-0.00705577
-0.0061544,-0.00324228
-0.00601209,-0.00678353
-0.00572191,-0.00427765
-0.00589714,-0.00688849
-0.00614603,-0.00716346
-0.00593787,-0.0068125
-0.00613096,-0.003901
-0.00574255,-0.00666272
-0.00607571,-0.00704046
-0.00606455,-0.00709403
-0.00619514,-0.00707381
0.00516907,0.00471543
9.41299e-05,0.00642319
-0.00624983,-0.00721812
-0.00537312,-0.00508342
-0.00483739,0.00445084
0.00357359,0.0094391
0.00407584,0.00557368
0.00350663,0.00811345
0.00324769,0.00653197
-0.00310017,0.00367404
0.00225715,0.00404577
0.001381,0.00870275
0.00235983,0.00771494
0.0125164,-0.000264084
0.0095537,0.00849939
0.00173258,0.0155737
0.0112574,0.00995678
0.026172,0.00124743
0.00377003,0.0222041
0.0102825,0.0112884
0.007586,0.0123681
-0.00620239,-0.00641344
-0.00239423,0.00181212
-0.00446238,0.00173505
-0.00424864,0.0169004
-0.00260239,0.0081222
-0.0035801,-0.000360296
-0.00186241,0.0119155
-0.00164644,0.000187456
-0.00511977,-0.00385071
0.00793199,0.0154846
0.00609935,0.0156994
-0.000726209,0.0258181
0.00319356,0.0170131
-0.00459185,0.00845949
-0.00261578,-0.00442251
-0.00175749,-0.00335052
-0.0025477,0.00255285
-0.00252816,0.00422945
-0.00204433,0.0125288
0.000760446,-0.0041049
-0.00452656,-0.00503094
0.0092144,0.00343023
0.0132424,0.00573822
0.0147096,-0.000571853
-0.0062928,0.00575845
-0.00626266,0.0137342
-0.00621969,0.0085311
-0.00625317,0.00196628
-0.00624201,-0.00725584
0.00493246,0.00192036
-0.00626154,-0.00726022
0.0130812,0.00109436
0.0201991,0.00266928
0.0149718,-0.00227579
0.00628406,0.000441105
0.0140405,-0.000719997
0.00741747,0.000145363
-0.00630228,-0.0059947
-0.00629838,-0.00675674
0.00358364,0.00842232
0.00156683,0.00937022
-0.00630396,-0.00730832
0.00247646,0.00489582
-0.00604502,-0.00557651
0.00520311,0.0145596
-0.00612426,-0.00290335
0.000232527,-0.00303728
0.000122032,-0.00262565
0.00223371,-0.00139293
0.00179173,-0.00187454
-6.10093e-05,-0.00356863
-0.00276087,-0.00447007
-0.00361525,-0.00220035
-0.00437365,-0.00444602
-0.00410857,-0.00427601
-0.00452321,-0.00533598
-0.00365655,-0.00533762
-0.00376314,-0.00397097
-0.00309682,-0.0043591
-0.00329381,-0.00471935
-0.00395901,0.0090138
-0.00400757,-0.00419565
-0.00234959,-0.00499978
-0.00278989,-0.00173787
-0.00370789,-0.00374903
-0.00206665,-0.00315044
-0.00258676,-0.0025267
-0.00384238,0.00218877
-0.00302372,-0.00274154
-0.00265317,0.00124797
-0.00152423,-0.00236325
0.00108802,-0.00195435
0.000396037,-0.00261253
7.96203e-05,0.00216855
-0.00193161,-0.000337882
-0.00146563,-0.000979113
-0.00133672,-0.000264084
0.000120358,-0.0019303
0.000548386,0.00157378
0.00139942,-0.00130492
-0.000489595,-0.000393642
-0.000854004,-0.000166779
0.00126827,0.00215816
0.00113992,0.00207452
-0.00293052,0.00126109
-0.000194384,-0.00119668
-0.00137634,0.000778394
-0.00198741,-0.000213245
-0.00225304,-0.000600825
0.000229737,-0.000109379
-0.00204043,-0.00242174
-0.000454437,0.000161217
0.000126497,-0.00194943
0.00359759,-0.000543426
0.00183079,-0.000469628
0.00188102,-0.000792156
0.00181238,0.000454772
-0.000703887,0.0026414
-0.00209232,0.00320501
0.0029709,0.00381563
-0.00101193,-0.000515547
-0.000937154,-0.00071945
-0.000563257,0.000431812
0.00145076,0.00746074
-0.00163193,1.63517e-05
0.00226217,0.00511285
-0.00121227,0.00240361
0.00201383,0.00719233
0.000105849,0.0015623
0.000221924,0.00119823
-0.000254654,0.0052353
-0.000576093,0.00155629
0.00283362,0.00815883
-0.00100747,0.000885538
-0.00195225,0.00226585
-0.00345844,0.00405069
0.00198035,0.00116215
0.00148201,0.000153563
-0.00270786,0.00219205
-0.0023507,0.000935831
-0.00153762,0.00111896
-0.000737929,0.00134364
0.00117731,-0.000215978
8.01783e-05,0.00447052
-0.00303153,0.000735754
-3.14322e-05,0.000614396
-0.000172062,0.000553717
-0.000726209,-0.00025151
-0.000557119,0.00213957
-0.00222793,0.000828139
-0.00243497,0.00119932
-0.00198127,0.0023566
0.00413165,0.00349474
-0.000936038,0.00482202
-0.000454995,0.00238502
-0.00112243,0.00343023
-0.000934921,0.00427154
-0.00354103,0.00403593
-0.00385912,0.00265452
-0.00320118,0.00176566
-0.00416717,0.000698035
-0.00250473,-0.000845182
0.00137375,0.000162856
0.000278287,0.00446451
-0.00121841,0.000484838
-0.0022709,0.00423382
0.00488725,0.000418692
-0.00627773,0.00203516
0.00934666,0.00261407
0.00457139,0.00273051
0.00608651,0.000594716
-0.00609748,-0.0071651
-0.00427766,0.0105554
-0.0062515,0.00711198
0.00457084,-0.00071125
-0.0062967,-0.00561149
0.00126158,-0.00183682
-0.00627717,0.000468438
0.0054308,0.000344346
0.00422205,0.00396869
-0.0042799,0.00582624
0.00458758,-0.00121964
-0.00610082,-0.00375122
0.00224375,-0.00132788
-0.00409462,0.00616134
-0.00412197,0.000903032
0.00419303,0.000585969
0.00332861,-0.000151472
-0.0052124,0.00362812
-0.00584189,0.00631768
-0.00624927,0.00365327
-0.00528104,0.00617664
-0.00629726,-0.00435965
-0.00619346,0.00285405
0.00155623,-0.0012109
-0.00272906,0.00275894
0.00470477,0.00015083
-0.00617672,0.00857975
-0.0059814,0.00473565
-0.00606399,-0.000818396
-0.00623922,0.00574424
0.00437831,0.00322797
-0.00629447,-0.000694304
0.00685663,0.000858752
-0.00168885,-0.00096982
-0.0061823,-0.0011114
-0.0060439,-0.0072307
0.00214833,0.000143723
0.00408645,0.00102384
0.00114997,0.00151092
-0.0062063,-0.00484289
0.00342515,0.00180556
-0.00432231,0.00552831
-0.00626378,-0.00713503
-0.000951663,-0.00109282
-0.00601433,-0.00724874
-0.005593,0.00147429
0.00292458,0.00103696
-0.0060852,-0.00724874
-0.00629335,-0.00275575
-0.00614324,-0.00280932
-0.00629224,-0.00727388
-0.0026794,0.000304441
0.00202388,0.00207288
-0.00622918,-0.00161488
-0.0015086,-0.00124096
-0.00623029,-0.00712136
-0.00193216,0.00668667
-0.00602214,-0.00281698
-0.0047894,0.00811783
0.0052193,1.58051e-05
-0.00462533,0.00511558
-0.00153539,0.0105084
-0.00228932,-0.00410873
-0.00258341,-0.00334724
-0.00586086,-0.00533653
-0.00572079,-0.00573395
-0.00490994,-0.00451271
-0.00612929,-0.00638939
-0.00622974,-0.00727006
-0.00501262,-0.00544859
-0.00563039,-0.0054557
-0.00619569,-0.00634183
-0.00492612,-0.00549998
-0.00543283,-0.00522555
-0.00519734,-0.00488991
-0.00588821,-0.0057744
-0.00344672,-0.00393817
-0.00606678,-0.00620899
-0.00626824,-0.00720118
-0.00572302,-0.00532559
-0.00627382,-0.00696338
-0.00498249,-0.0042618
-0.00378992,-0.00262619
-0.00518115,-0.00568311
-0.0036013,0.000585969
-0.00605339,-0.00571372
-0.00623643,-0.00706014
-0.00623476,-0.00727498
-0.00611812,-0.00726022
-0.00550761,-0.00572083
-0.00606957,-0.00719954
-0.00606176,-0.00496316
-0.00624592,-0.00727498
-0.00434407,-0.00294763
-0.00626433,-0.00727443
